Book Id,Title,Author,Author l-f,Additional Authors,ISBN,ISBN13,My Rating,Publisher,Binding,Number of Pages,Year Published,Original Publication Year,Date Read,Date Added,Bookshelves,Bookshelves with positions,Exclusive Shelf,My Review,Spoiler,Private Notes,Read Count,Owned Copies
243596291,Fruit Fly,Josh  Silver,"Silver, Josh",,"=""""","=""9798892426374""",2.0,Crooked Lane Books,Paperback,384,2026,2026,2026/09/03,2026/08/30,,,read,,,,1,0
249223282,Primeval and Other Times,Olga Tokarczuk,"Tokarczuk, Olga",Antonia Lloyd-Jones,"=""0593717279""","=""9780593717271""",0,Riverhead Books,Hardcover,288,2026,1996,,2026/09/03,to-read,to-read (#3234),to-read,,,,0,0
244797299,The Radiance,Ayad Akhtar,"Akhtar, Ayad",,"=""1668078635""","=""9781668078631""",0,S&S/Summit Books,Hardcover,304,2026,2026,,2026/09/03,to-read,to-read (#3233),to-read,,,,0,0
249584823,Doppelgänger,Sam Riviere,"Riviere, Sam",,"=""1646223462""","=""9781646223466""",0,Catapult,Hardcover,240,2026,,,2026/09/03,to-read,to-read (#3232),to-read,,,,0,0
236773511,Black Bag,Luke Kennard,"Kennard, Luke",,"=""1638933383""","=""9781638933380""",0,Zando,Hardcover,352,2026,2026,,2026/09/03,to-read,to-read (#3231),to-read,,,,0,0
249791555,"Hollywood, Ending",John  Green,"Green, John",,"=""0525556656""","=""9780525556657""",0,Dutton Books,Hardcover,304,2026,2026,,2026/09/02,to-read,to-read (#3230),to-read,,,,0,0
247785403,"Dead Beat (Ninth House Trilogy, #3)",Leigh Bardugo,"Bardugo, Leigh",,"=""1250884314""","=""9781250884312""",5.0,Flatiron Books,Hardcover,512,2026,2026,,2023/12/15,to-read,to-read (#1075),to-read,"Dead Beat!!!!<br/><br/>Bardugo has already proven she can blend dread, dark humor, and mythology better than Jamba Juice blends smoothies, so my faith is absolute. I’m clearing my schedule, my brain, and possibly my moral compass for this one.<br/><br/>At this point I’m experiencing full-body withdrawals for the Yale weirdness, the occult academia, and the “we survived hell together but still can’t have a normal conversation” tension that only Alex and Darlington can deliver.<br/><br/>My wishlist is simple:<br/>• smart, tense, character-driven chaos<br/>• beautifully unhinged magical academia<br/>• Alex and Darlington finally confronting… whatever it is they’re avoiding",,,0,0
247230391,Solace House,Will Maclean,"Maclean, Will",,"=""080216868X""","=""9780802168689""",0,Grove Press,Hardcover,512,2026,2026,,2026/09/02,to-read,to-read (#3229),to-read,,,,0,0
247520549,Ply,Hernan Diaz,"Diaz, Hernan",,"=""0593719549""","=""9780593719541""",0,Riverhead Books,Hardcover,464,2026,2026,,2026/09/02,to-read,to-read (#3228),to-read,,,,0,0
251557251,In One Brief Moment All Eternity,Elif Shafak,"Shafak, Elif",,"=""0593801733""","=""9780593801734""",0,Knopf,Hardcover,608,2027,2027,,2026/09/01,to-read,to-read (#3227),to-read,,,,0,0
253015605,Serious Music,Percival Everett,"Everett, Percival",,"=""0385552580""","=""9780385552585""",0,Doubleday,Hardcover,304,2027,2027,,2026/09/01,to-read,to-read (#3226),to-read,,,,0,0
28355463,After Dark,Haruki Murakami,"Murakami, Haruki",Jay Rubin,"=""""","=""""",0,Vintage International,Paperback,244,2015,2004,,2026/08/31,to-read,to-read (#3225),to-read,,,,0,0
250951361,Arendal: A Novel,Karl Ove Knausgård,"Knausgård, Karl Ove",,"=""""","=""9798217060917""",0,Penguin Press,Hardcover,256,2027,2024,,2026/08/31,to-read,to-read (#3224),to-read,,,,0,0
57088641,The Plague,Albert Camus,"Camus, Albert",Laura Marris,"=""0593318668""","=""9780593318669""",0,Knopf,Hardcover,352,2021,1947,,2022/09/01,currently-reading,currently-reading (#10),currently-reading,,,,1,0
636223,Ice,Anna Kavan,"Kavan, Anna",,"=""0720612683""","=""9780720612684""",3.0,Peter Owen Publishers,Paperback,158,2016,1967,2026/08/30,2024/10/01,,,read,"I understand why it’s a cult classic. I’m still not sure I understand why people love it.<br/><br/>It’s surreal, apocalyptic, dreamlike, and genuinely unlike anything else I’ve read. But I spent most of the book wondering: what is happening, who are these people, and why should I care?<br/><br/>By the end, I understood what Kavan was doing. The dream logic, the obsession, the symbolism, the nightmare atmosphere. I just found the actual reading experience… kind of average.<br/><br/>Interesting? Absolutely. A favorite? Not even remotely.<br/><br/>2.75/5 ⭐️ feels about right.<br/><br/>What am I missing?",,,1,0
244947445,Your Beloved Remains,Quinn Connor,"Connor, Quinn",,"=""1250461049""","=""9781250461049""",0,Flatiron Books: Pine & Cedar,Hardcover,272,2026,2026,,2026/08/24,to-read,to-read (#3223),to-read,,,,0,0
244953031,Your Beloved Remains,Quinn Connor,"Connor, Quinn",,"=""""","=""""",0,Flatiron Books: Pine & Cedar,Kindle Edition,304,2026,2026,,2026/08/24,to-read,to-read (#3222),to-read,,,,0,0
17690,The Trial,Franz Kafka,"Kafka, Franz","Max Brod, Willa Muir, Edwin Muir","=""""","=""""",0,Vintage,Paperback,255,2001,1925,,2022/01/13,currently-reading,currently-reading (#9),currently-reading,,,,1,0
13707734,The Swerve: How the World Became Modern,Stephen Greenblatt,"Greenblatt, Stephen",,"=""0393343405""","=""9780393343403""",0,W. W. Norton & Company,Paperback,356,2012,2011,,2026/08/22,to-read,to-read (#3221),to-read,,,,0,0
1321926,The Tokyo Zodiac Murders,Sōji Shimada,"Shimada, Sōji","Shika MacKenzie, Ross MacKenzie","=""4925080814""","=""9784925080811""",0,Stone Bridge Pr,Hardcover,252,2005,1981,,2026/08/19,to-read,to-read (#3220),to-read,,,,0,0
238142982,About a Place in the Kinki Region,Sesuji,"Sesuji, Sesuji",Michael Blaskowsky,"=""""","=""9798855409949""",0,Yen On,Hardcover,336,2026,2023,,2026/08/19,to-read,to-read (#3219),to-read,,,,0,0
242134889,"Strange Buildings (Strange Houses, #2)",Uketsu,"Uketsu, Uketsu",Jim Rion,"=""""","=""""",4.0,HarperVia,Kindle Edition,384,2026,2023,2026/08/19,2026/02/26,,,read,,,,1,0
246519235,Neuromancer,William Gibson,"Gibson, William",,"=""""","=""9798217190379""",0,Ace,Paperback,320,2026,1984,,2026/08/19,to-read,to-read (#3218),to-read,,,,0,0
246856972,At the Mountains of Madness: And Other Tales of Weird Science,H.P. Lovecraft,"Lovecraft, H.P.","Leslie S. Klinger, Tamsyn Muir","=""1324098368""","=""9781324098362""",0,Liveright,Paperback,432,2026,,,2026/08/19,to-read,to-read (#3217),to-read,,,,0,0
298275,Nausea,Jean-Paul Sartre,"Sartre, Jean-Paul","Lloyd Alexander, Hayden Carruth","=""0811201880""","=""9780811201889""",0,New Directions,Hardcover,178,1969,1938,,2021/09/30,currently-reading,currently-reading (#8),currently-reading,,,,1,0
7429046,"Min kamp 2 (Min kamp, #2)",Karl Ove Knausgård,"Knausgård, Karl Ove",,"=""8249507053""","=""9788249507054""",0,Forlaget Oktober AS,Hardcover,563,2009,2009,,2026/08/16,to-read,to-read (#3216),to-read,,,,0,0
244967491,The Wayfinder: A Novel,Adam  Johnson,"Johnson, Adam",,"=""1250448743""","=""9781250448743""",0,Picador,Paperback,736,2026,2025,,2026/08/10,to-read,to-read (#3215),to-read,,,,0,0
249937325,Life of M,Rachel Cusk,"Cusk, Rachel",,"=""0571399835""","=""9780571399833""",0,Faber & Faber,Kindle Edition,147,2026,2026,,2026/08/06,to-read,to-read (#3214),to-read,,,,0,0
241381519,Air,Christian Kracht,"Kracht, Christian",Daniel Bowles,"=""1324094583""","=""9781324094586""",0,Liveright,Hardcover,208,2026,2025,,2026/08/01,to-read,to-read (#3213),to-read,,,,0,0
245886309,American Hagwon,Min Jin Lee,"Lee, Min Jin",,"=""1538752034""","=""9781538752036""",0,Cardinal,Hardcover,656,2026,2026,,2026/08/01,to-read,to-read (#3212),to-read,,,,0,0
103273,Under The Jaguar Sun,Italo Calvino,"Calvino, Italo",,"=""0156927942""","=""9780156927949""",0,Mariner Books,Paperback,96,1990,1986,,2026/07/20,to-read,to-read (#3211),to-read,,,,0,0
252630026,Imps!,Gerardo Sámano Córdova,"Córdova, Gerardo Sámano",,"=""1638934290""","=""9781638934295""",0,Tin House,Hardcover,208,2027,,,2026/07/20,to-read,to-read (#3210),to-read,,,,0,0
126512,The Way of All Flesh,Samuel Butler,"Butler, Samuel",,"=""0486434664""","=""9780486434667""",0,Dover Publications,Paperback,315,2004,1903,,2026/07/15,to-read,to-read (#3209),to-read,,,,0,0
233717212,Operation Bounce House,Matt Dinniman,"Dinniman, Matt",,"=""0593820304""","=""9780593820308""",0,Ace,Hardcover,437,2026,2026,,2025/12/15,did-not-finish,did-not-finish (#1),did-not-finish,,,,1,0
222645786,The Wayfinder,Adam Johnson,"Johnson, Adam",,"=""0374619581""","=""9780374619589""",0,MCD,Kindle Edition,737,2025,2025,,2026/07/15,to-read,to-read (#3208),to-read,,,,0,0
48658191,Branwell: A Novel of the Brontë Brother,Douglas A. Martin,"Martin, Douglas A.",Darcey Steinke,"=""1593765975""","=""9781593765972""",0,Soft Skull,Paperback,256,2020,2005,,2026/07/14,to-read,to-read (#3207),to-read,,,,0,0
18869988,The Infernal World of Branwell Brontë,Daphne du Maurier,"Maurier, Daphne du",,"=""0316253650""","=""9780316253659""",0,"Little, Brown and Company",Kindle Edition,344,2013,1960,,2026/07/14,to-read,to-read (#3206),to-read,,,,0,0
244445048,Three Tenses: A Transmission from the Nineties,Ed     Park,"Park, Ed",,"=""""","=""9798217154944""",0,Random House,Hardcover,224,2026,2026,,2026/07/14,to-read,to-read (#3205),to-read,,,,0,0
48724825,Bestiary: Selected Stories,Julio Cortázar,"Cortázar, Julio",Kevin Barry,"=""1784875856""","=""9781784875855""",0,Vintage Uk,Paperback,368,2020,,,2023/07/11,to-read,to-read (#865),to-read,,,,0,0
247470474,As We Fall Through Time,Claire North,"North, Claire",,"=""031658648X""","=""9780316586481""",0,Orbit,Kindle Edition,414,2026,2026,,2026/07/13,to-read,to-read (#3204),to-read,,,,0,0
18749,Half of a Yellow Sun,Chimamanda Ngozi Adichie,"Adichie, Chimamanda Ngozi",,"=""1400044162""","=""9781400044160""",0,Knopf,Hardcover,435,2006,2006,,2026/07/12,to-read,to-read (#3203),to-read,,,,0,0
158674,Nervous Conditions,Tsitsi Dangarembga,"Dangarembga, Tsitsi",,"=""1580051340""","=""9781580051347""",0,Seal Press,Paperback,256,2004,1988,,2026/07/12,to-read,to-read (#3202),to-read,,,,0,0
14569052,Purple Hibiscus,Chimamanda Ngozi Adichie,"Adichie, Chimamanda Ngozi",,"=""1616202416""","=""9781616202415""",0,Algonquin Books,Paperback,336,2012,2003,,2026/07/12,to-read,to-read (#3201),to-read,,,,0,0
37781,"Things Fall Apart (The African Trilogy, #1)",Chinua Achebe,"Achebe, Chinua",,"=""""","=""""",4.0,Anchor Books,Paperback,215,1994,1958,2026/07/12,2024/01/05,,,read,,,,1,0
242331982,We Were Forbidden,Jacqueline Harpman,"Harpman, Jacqueline",Ros Schwartz,"=""""","=""9798893380583""",0,Transit Books,Paperback,112,2026,2026,,2026/07/10,to-read,to-read (#3200),to-read,,,,0,0
364284,Man and Superman,George Bernard Shaw,"Shaw, George Bernard","Stanley Weintraub, Dan H. Laurence","=""0140437886""","=""9780140437881""",0,Penguin Classics,Paperback,288,2001,1903,,2026/07/05,to-read,to-read (#3199),to-read,,,,0,0
40107,"The Goat, or Who is Sylvia?",Edward Albee,"Albee, Edward",,"=""1585676470""","=""9781585676477""",0,Abrams Press,Paperback,110,2004,2003,,2026/07/05,to-read,to-read (#3198),to-read,,,,0,0
251446,Glengarry Glen Ross,David Mamet,"Mamet, David",,"=""""","=""""",3.0,Grove Press,Paperback,112,1994,1983,2026/07/05,2022/07/16,,,read,3.25,,,1,0
237112714,A Table for Fortune: Box Set,William T. Vollmann,"Vollmann, William T.",,"=""1648211887""","=""9781648211881""",0,Arcade,Hardcover,3096,2026,2026,,2026/07/01,to-read,to-read (#3197),to-read,,,,0,0
250925398,Yesteryear,Caro Claire Burke,"Burke, Caro Claire",,"=""059380421X""","=""9780593804216""",0,Knopf,Hardcover,394,2026,2026,,2026/07/01,to-read,to-read (#3196),to-read,,,,0,0
19083,Politics,Aristotle,"Aristotle, Aristotle",Benjamin Jowett,"=""0486414248""","=""9780486414249""",0,Dover Publications,Paperback,368,2000,-350,,2026/06/28,to-read,to-read (#3195),to-read,,,,0,0
982310,Phaedo,Plato,"Plato, Plato","David Gallop, R.D. Archer-Hind","=""0192839535""","=""9780192839534""",4.0,Oxford University Press,Paperback,144,1993,-380,2026/06/28,2026/06/28,,,read,,,,1,0
18669285,How To Build A Universe That Doesn't Fall Apart Two Days Later,Philip K. Dick,"Dick, Philip K.",,"=""""","=""""",0,,Unknown Binding,145,1978,1978,,2026/06/23,to-read,to-read (#3194),to-read,,,,0,0
242232411,Dead But Dreaming of Electric Sheep,Paul Tremblay,"Tremblay, Paul",,"=""006339846X""","=""9780063398467""",0,William Morrow,Hardcover,336,2026,2026,,2026/06/23,to-read,to-read (#3193),to-read,,,,0,0
223641121,Beetlecreek,William Demby,"Demby, William",,"=""""","=""9798217007318""",0,Vintage,Paperback,240,2026,1950,,2026/06/05,to-read,to-read (#3192),to-read,,,,0,0
245120325,Under Story,Chloe  Benjamin,"Benjamin, Chloe",,"=""0593545214""","=""9780593545218""",0,G.P. Putnam's Sons,Hardcover,512,2026,2026,,2026/06/02,to-read,to-read (#3191),to-read,,,,0,0
244445046,"Dreamers of the Full Moon Coffee Shop (The Full Moon Coffee Shop, #3)",Mai Mochizuki,"Mochizuki, Mai",,"=""""","=""9798217300464""",0,Ballantine Books,Hardcover,224,2026,2021,,2026/06/02,to-read,to-read (#3190),to-read,,,,0,0
227863236,Glyph (Gliff #2),Ali Smith,"Smith, Ali",,"=""""","=""""",0,Hamish Hamilton,Hardcover,,2026,2026,,2025/03/14,to-read,to-read (#1879),to-read,,,,0,0
240382522,Glyph,Ali Smith,"Smith, Ali",,"=""0593701585""","=""9780593701584""",0,Pantheon,Hardcover,288,2026,2026,,2026/02/05,to-read,to-read (#3049),to-read,,,,0,0
218460254,The Sound and the Fury,William Faulkner,"Faulkner, William",Ayana Mathis,"=""0143138855""","=""9780143138853""",0,Penguin Classics,Paperback,288,2026,1929,,2026/05/18,to-read,to-read (#3189),to-read,,,,0,0
235648886,I Give You My Silence: A Novel,Mario Vargas Llosa,"Llosa, Mario Vargas",Adrian Nathan West,"=""0374616256""","=""9780374616250""",0,"Farrar, Straus and Giroux",Hardcover,256,2026,2023,,2025/12/08,to-read,to-read (#2762),to-read,,,,0,0
1101366,How to Quiet a Vampire: A Sotie,Borislav Pekić,"Pekić, Borislav","Bogdan Rakić, Stephen M. Dickey","=""0810117207""","=""9780810117204""",0,Northwestern University Press,Paperback,432,2003,1977,,2026/05/14,to-read,to-read (#3188),to-read,,,,0,0
220195748,Angel Down,Daniel Kraus,"Kraus, Daniel",,"=""""","=""""",0,Atria Books,Kindle Edition,304,2025,2025,,2026/05/08,to-read,to-read (#3187),to-read,,,,0,0
244811796,Twist: A Novel,Colum McCann,"McCann, Colum",,"=""0593241754""","=""9780593241752""",0,Random House Trade Paperbacks,Paperback,256,2026,2025,,2026/03/24,to-read,to-read (#3164),to-read,,,,0,0
55347245,Dead Souls,Sam Riviere,"Riviere, Sam",,"=""1646220285""","=""9781646220281""",0,Catapult,Hardcover,320,2021,2021,,2026/05/04,to-read,to-read (#3186),to-read,,,,0,0
62831671,Blue in Green,Wesley Brown,"Brown, Wesley",,"=""1953691110""","=""9781953691118""",0,Blank Forms Editions,Hardcover,68,2022,,,2026/05/04,to-read,to-read (#3185),to-read,,,,0,0
236117101,"The Universal Baseball Association, Inc., J. Henry Waugh, Prop.",Robert Coover,"Coover, Robert",Ben Marcus,"=""""","=""9798896230182""",0,NYRB Classics,Paperback,242,2026,1968,,2026/05/04,to-read,to-read (#3184),to-read,,,,0,0
149072897,You Weren't Meant to Be Human,Andrew Joseph White,"White, Andrew Joseph",,"=""""","=""""",0,Saga Press,Hardcover,336,2025,2025,,2025/08/19,to-read,to-read (#2290),to-read,,,,0,0
241715903,Dark Matter,Blake Crouch,"Crouch, Blake",,"=""""","=""9798217298976""",0,Ballantine Books,Paperback,384,2026,2016,,2026/05/01,to-read,to-read (#3183),to-read,,,,0,0
60317493,Sir Gawain And The Green Knight (A Tolkien Miscellany #5),Gawain Poet,"Poet, Gawain",J.R.R. Tolkien,"=""""","=""""",0,,Unknown Binding,146,,1375,,2024/02/14,to-read,to-read (#1712),to-read,,,,1,0
600589,Tiki Modern,Sven A. Kirsten,"Kirsten, Sven A.",,"=""3822847178""","=""9783822847176""",0,TASCHEN,Hardcover,335,2007,2007,,2026/04/27,to-read,to-read (#3182),to-read,,,,0,0
18937699,Tiki Pop. America imagines its own Polynesian Paradise (English and French Edition),Sven A. Kirsten,"Kirsten, Sven A.",,"=""3836548518""","=""9783836548519""",0,TASCHEN,Hardcover,383,2015,2014,,2026/04/27,to-read,to-read (#3181),to-read,,,,0,0
240383041,The Possessed: A Play in Three Parts,Albert Camus,"Camus, Albert",,"=""""","=""9798217008193""",0,Vintage,Paperback,240,2026,1959,,2026/04/27,to-read,to-read (#3180),to-read,,,,0,0
6604712,Eating Animals,Jonathan Safran Foer,"Foer, Jonathan Safran",,"=""0316069906""","=""9780316069908""",0,"Little, Brown and Company",Hardcover,341,2009,2009,,2026/04/27,to-read,to-read (#3179),to-read,,,,0,0
256566,Everything is Illuminated,Jonathan Safran Foer,"Foer, Jonathan Safran",,"=""0060529709""","=""9780060529703""",0,Harper Perennial,Paperback,276,2003,2002,,2026/04/27,to-read,to-read (#3178),to-read,,,,0,0
162259,The Petty Demon: The Russian Symbolist Classic,Fyodor Sologub,"Sologub, Fyodor",Murl Barker,"=""0882338080""","=""9780882338088""",0,Ardis Publishers,Paperback,352,2009,1905,,2026/04/07,to-read,to-read (#3177),to-read,,,,0,0
247546631,Taipei Story,R.F. Kuang,"Kuang, R.F.",,"=""0063473747""","=""9780063473744""",0,William Morrow,Hardcover,288,2026,2026,,2026/04/02,to-read,to-read (#3176),to-read,,,,0,0
32827398,Spoonbenders,Daryl Gregory,"Gregory, Daryl",,"=""1524734829""","=""9781524734824""",0,Books on Tape,Audio CD,,2017,2017,,2026/03/30,to-read,to-read (#3175),to-read,,,,0,0
214565598,When We Were Real,Daryl Gregory,"Gregory, Daryl",,"=""1668060043""","=""9781668060049""",0,S&S/Saga Press,Hardcover,447,2025,2025,,2026/03/30,to-read,to-read (#3174),to-read,,,,0,0
4900,Heart of Darkness,Joseph Conrad,"Conrad, Joseph",,"=""1892295490""","=""9781892295491""",2.0,Green Integer Books,Paperback,188,2003,1899,2026/03/29,2023/12/02,,,read,,,,1,0
103345,If Nobody Speaks Of Remarkable Things,Jon McGregor,"McGregor, Jon",,"=""0618344586""","=""9780618344581""",0,Mariner Books,Paperback,275,2003,2002,,2026/03/29,to-read,to-read (#3173),to-read,,,,0,0
244261,The Street of Crocodiles,Bruno Schulz,"Schulz, Bruno","Celina Wieniewska, Jerzy Ficowski","=""0140186255""","=""9780140186253""",0,Penguin Classics,Paperback,160,1992,1933,,2026/03/28,to-read,to-read (#3172),to-read,,,,0,0
653651,Nights at the Circus,Angela Carter,"Carter, Angela",,"=""0140077030""","=""9780140077032""",0,Penguin Books,Paperback,295,1986,1984,,2026/03/28,to-read,to-read (#3171),to-read,,,,0,0
239680473,The Noma Guide to Building Flavour,René Redzepi,"Redzepi, René",Noma Test Kitchen,"=""1579657192""","=""9781579657192""",0,Artisan,Hardcover,504,2026,,,2026/03/28,to-read,to-read (#3170),to-read,,,,0,0
37590384,Foundations of Flavor: The Noma Guide to Fermentation,René Redzepi,"Redzepi, René",David Zilber,"=""1579657184""","=""9781579657185""",0,Artisan,Hardcover,456,2018,2018,,2026/03/28,to-read,to-read (#3169),to-read,,,,0,0
243810798,O Sinners!,Nicole Cuffy,"Cuffy, Nicole",,"=""059359746X""","=""9780593597460""",0,One World,Paperback,444,2026,2025,,2026/03/28,to-read,to-read (#3168),to-read,,,,0,0
523795,"The Last Good Kiss (C.W. Sughrue, #1)",James Crumley,"Crumley, James",,"=""0394759893""","=""9780394759890""",0,Vintage Crime/Black Lizard,Paperback,244,1988,1978,,2026/03/27,to-read,to-read (#3167),to-read,,,,0,0
212012689,Where the Axe Is Buried,Ray Nayler,"Nayler, Ray",,"=""0374615373""","=""9780374615376""",0,MCD,Kindle Edition,337,2025,2025,,2026/03/26,to-read,to-read (#3166),to-read,,,,0,0
243031260,Look What You Made Me Do,John Lanchester,"Lanchester, John",,"=""0571298656""","=""9780571298655""",0,Faber & Faber,Kindle Edition,288,2026,2026,,2025/12/19,to-read,to-read (#2845),to-read,,,,0,0
245670693,Dissolution: A Novel,Nicholas Binge,"Binge, Nicholas",,"=""0593852176""","=""9780593852170""",0,Riverhead Books,Paperback,384,2026,2025,,2026/03/24,to-read,to-read (#3165),to-read,,,,0,0
246554055,Rottenheart,Kat Dunn,"Dunn, Kat",,"=""1638934657""","=""9781638934653""",0,Zando,Hardcover,320,2026,2026,,2026/03/24,to-read,to-read (#3163),to-read,,,,0,0
236643244,Lucien,J.R. Thornton,"Thornton, J.R.",,"=""0063458438""","=""9780063458437""",0,Harper Perennial,Paperback,320,2026,2026,,2026/03/22,to-read,to-read (#3162),to-read,,,,0,0
231387262,Transcription,Ben Lerner,"Lerner, Ben",,"=""0374618593""","=""9780374618599""",0,"Farrar, Straus and Giroux",Hardcover,144,2026,2026,,2026/03/22,to-read,to-read (#3161),to-read,,,,0,0
13069261,The Bellwether Revivals,Benjamin Wood,"Wood, Benjamin",,"=""0771089317""","=""9780771089312""",0,McClelland & Stewart,Hardcover,428,2012,2012,,2026/03/21,to-read,to-read (#3160),to-read,,,,0,0
61054804,The Cloisters,Katy Hays,"Hays, Katy",,"=""1668004402""","=""9781668004401""",0,Atria Books,Hardcover,387,2022,2022,,2026/03/21,to-read,to-read (#3159),to-read,,,,0,0
241433199,American Fantasy,Emma Straub,"Straub, Emma",,"=""""","=""9798217046867""",0,Riverhead Books,Kindle Edition,294,2026,2026,,2026/03/21,to-read,to-read (#3158),to-read,,,,0,0
242238701,It Will Come Back To You,Sigrid Nunez,"Nunez, Sigrid",,"=""""","=""9798217179152""",0,Riverhead Books,Hardcover,224,2026,2026,,2026/03/21,to-read,to-read (#3157),to-read,,,,0,0
245325209,Hot Air,Marcy Dermansky,"Dermansky, Marcy",,"=""0593315367""","=""9780593315361""",0,Vintage,Paperback,208,2026,2025,,2026/03/21,to-read,to-read (#3156),to-read,,,,0,0
239780216,Abundance,Hafeez Lakhani,"Lakhani, Hafeez",,"=""1640097562""","=""9781640097568""",0,Counterpoint,Hardcover,304,2026,2026,,2026/03/17,to-read,to-read (#3155),to-read,,,,0,0
243541768,The Pretender,Jo Harkin,"Harkin, Jo",,"=""059368916X""","=""9780593689165""",0,Vintage,Paperback,496,2026,2025,,2026/03/16,to-read,to-read (#3154),to-read,,,,0,0
368916,"84, Charing Cross Road",Helene Hanff,"Hanff, Helene",,"=""""","=""""",3.0,Penguin Books,Paperback,106,1990,1970,2026/03/09,2024/05/31,,,read,"This is the book equivalent of a perfect afternoon: over quickly, pleasant throughout, and not especially demanding of you. Whether that's a compliment depends entirely on what you came for.<br/><br/>This is a real epistolary memoir, a collection of letters exchanged over twenty years between Hanff, a broke New York writer with expensive literary tastes, and Frank, the chief buyer at Marks & Co., an antiquarian bookshop.<br/><br/>Hanff orders obscure classics she can't find stateside. Frank fulfills them with dry efficiency. Over time, something warmer develops, expanding to include the shop staff, Frank's family, and a neighbor or two. It's charming, occasionally funny, and in the final pages, genuinely sad.<br/><br/>The pleasure here is almost entirely tonal. Hanff's voice is brash, funny, and completely her own, and the contrast between her breezy American informality and Frank's measured British reserve makes their correspondence a masterclass in what letters can do that prose can't.<br/><br/>But the ceiling is real. Frank stays somewhat opaque throughout, and the relationship never quite achieves the depth the book seems to claim for it. <br/><br/>This is a book for readers who loves books about books, those who have a soft spot for epistolary form, or those who want something warm and short that goes down easy. If that's you, it will deliver. If you want to be changed by what you read, look elsewhere.",,,1,0
232207672,A Guardian and a Thief,Megha Majumdar,"Majumdar, Megha",,"=""0593804872""","=""9780593804872""",4.0,Knopf,Hardcover,224,2025,2025,2026/03/15,2025/10/03,,,read,"I almost passed on this one. I wasn't sure I had the bandwidth for another near-future dystopia with a message. But I'm really glad I gave it a shot.<br/><br/>Throughout the book I found many lines that made me smile, and others that blew me away, like this one:<br/><br/>""The depth of night always felt adjacent to real life, a fourth dimension of the world that allowed the honesty and courage that daylight forbade.""<br/><br/>This is a dual narrative set over the course of a single week in a near-future Kolkata collapsing under famine and climate catastrophe. Ma's family has their passports stolen days before they are able to emigrate to Michigan. The teenager named Boomba who took them is desperate in ways Ma can't fully see from her vantage point.<br/><br/>I was pleasantly surprised at how charming the voice of the book is. Majumdar captures the internal lives of both characters precisely, without overwriting. Both Ma and Boomba are operating from the same ferocious love for their families, and the novel's central tension is that neither of them is wrong, exactly.<br/><br/>The architecture of the novel is precise — every detail doubles as social commentary: the visas, the shelter, the billionaire benefactor, the food Ma skims for her own family.<br/><br/>Majumdar occasionally tells you what she's already shown you, but her detail work is strong enough to overlook it.<br/><br/>A two-year-old asking for ""flowerflower"" because she's just discovered cauliflower. An old man who doesn't want to leave Kolkata but won't say so because his love for his daughter runs deeper than his grief. These are the details that make a short novel feel full, and make it a National Book Award finalist that actually deserves the distinction.",,,1,0
22326,"Virtual Light (Bridge, #1)",William Gibson,"Gibson, William",,"=""0140157727""","=""9780140157727""",0,Penguin Books Ltd,Paperback,304,1996,1993,,2026/03/15,to-read,to-read (#3153),to-read,,,,0,0
22320,"Pattern Recognition (Blue Ant, #1)",William Gibson,"Gibson, William",,"=""0425198685""","=""9780425198681""",0,Berkley Books,Mass Market Paperback,367,2005,2003,,2026/03/15,to-read,to-read (#3152),to-read,,,,0,0
235788705,She Who Remains,Rene Karabash,"Karabash, Rene","Izidora Angel, Рене Карабаш","=""9533515740""","=""9789533515748""",0,Sandorf Passage,Paperback,150,2026,2018,,2026/03/15,to-read,to-read (#3151),to-read,,,,0,0
50158,N.P,Banana Yoshimoto,"Yoshimoto, Banana",Ann Sherif,"=""0802142990""","=""9780802142993""",0,Grove Press,Paperback,208,2008,1990,,2026/03/15,to-read,to-read (#3150),to-read,,,,0,0
219879,The Piano Teacher,Elfriede Jelinek,"Jelinek, Elfriede",Joachim Neugroschel,"=""0802118062""","=""9780802118066""",0,Grove Press,Hardcover,288,2004,1983,,2026/03/15,to-read,to-read (#3149),to-read,,,,0,0
25193,The Silent Cry,Kenzaburō Ōe,"Ōe, Kenzaburō",John Bester,"=""1852426020""","=""9781852426026""",0,Kodansha,Paperback,274,1998,1967,,2026/03/15,to-read,to-read (#3148),to-read,,,,0,0
1554,"Oedipus Rex  (The Theban Plays, #1)",Sophocles,"Sophocles, Sophocles","J.E. Thomas, Elizabeth Osborne","=""1580495931""","=""9781580495936""",0,Prestwick House Inc,Paperback,75,2004,-429,,2026/03/15,to-read,to-read (#3147),to-read,,,,0,0
464260,The Fire Next Time (Vintage International),James Baldwin,"Baldwin, James",,"=""067974472X""","=""9780679744726""",0,Vintage,Paperback,106,1992,1963,,2026/03/15,to-read,to-read (#3146),to-read,,,,0,0
233717140,Good People,Patmeena Sabit,"Sabit, Patmeena",,"=""0593801067""","=""9780593801062""",0,Crown,Hardcover,400,2026,2026,,2026/03/15,to-read,to-read (#3145),to-read,,,,0,0
235992657,Almost Life,Kiran Millwood Hargrave,"Hargrave, Kiran Millwood",,"=""1668204274""","=""9781668204276""",0,S&S/Summit Books,Hardcover,384,2026,2026,,2026/03/15,to-read,to-read (#3144),to-read,,,,0,0
237693055,Sisters in Yellow,Mieko Kawakami,"Kawakami, Mieko","Laurel  Taylor, Hitomi Yoshio","=""0593537734""","=""9780593537732""",4.0,Knopf,Hardcover,448,2026,2023,2026/03/15,2025/11/01,,,read,"Thank you to Knopf and NetGalley for providing an e-ARC in exchange for my honest review. All thoughts and opinions are my own.<br/><br/>The marketing for Sisters in Yellow uses phrases like “pacy,” “thrilling,” and even “Japanese Breaking Bad.” Luckily, I didn't pay attention to that and go in with any false expectations, because this book ended up reading more like a slow-burn character study than a thriller.<br/><br/>A big plus was that I found Kawakami's exploration of  loneliness and survival to be focused. The novel successfully shows how a fixation on financial security can become a kind of emotional protection that also pushes others away. I think the book is also an effective commentary on class, poverty, and the limited choices available to women living on the margins of Japanese society.<br/><br/>More positives: Kawakami builds the world through small, lived-in details, and the voice fits the material well. While Hana isn’t easy to sympathize with, her behavior feels believable. The supporting cast also keeps things interesting by adding tension and uncertainty throughout. Overall, the emotional impact of the novel leans more toward sadness and unease than big drama, and that resonated with me.<br/><br/>The main issue for me was the pacing, mostly due to Hana’s anxieties becoming repetitive and the long monologues and stretches of exposition (especially about the mechanics of card fraud).<br/><br/>In the second half, some narrative threads meander instead of building momentum, and the ending feels abrupt compared to the slow buildup. The present-day framing device ends up feeling underdeveloped.<br/><br/>Could the novel have been shorter? Probably. Was the length unbearable? No. I think the patience will pay off for most readers who make it to the end, even though the book could have been more tightly edited.<br/><br/>Overall, I enjoyed Sisters in Yellow enough that I’d recommend it to readers who enjoy stories about loneliness, survival, and belonging.<br/><br/>My rating: 3.75/5 Stars.",,,1,0
426504,Ficciones,Jorge Luis Borges,"Borges, Jorge Luis","Anthony Kerrigan, Anthony Bonner","=""0802130305""","=""9780802130303""",0,Grove Press,Paperback,174,1994,1944,,2022/08/14,to-read,to-read (#3143),to-read,,,,1,0
17961,Collected Fictions,Jorge Luis Borges,"Borges, Jorge Luis",Andrew Hurley,"=""""","=""""",3.0,Penguin Classics,Paperback,565,1999,1998,2026/03/15,2026/01/23,,,read,3.25,,,1,0
4348374,Collected Stories and Other Writings,John Cheever,"Cheever, John",Blake Bailey,"=""1598530348""","=""9781598530346""",0,Library of America,Hardcover,1040,2009,,,2026/03/15,to-read,to-read (#3142),to-read,,,,0,0
11686,The Stories of John Cheever (Vintage International),John Cheever,"Cheever, John",,"=""0375724427""","=""9780375724428""",0,Vintage International,Paperback,693,2000,1978,,2026/03/15,to-read,to-read (#3141),to-read,,,,0,0
25430695,Last Night in Montreal,Emily St. John Mandel,"Mandel, Emily St. John",,"=""1101911956""","=""9781101911952""",0,Vintage,Paperback,240,2015,2009,,2026/03/15,to-read,to-read (#3140),to-read,,,,0,0
51792100,A Burning,Megha Majumdar,"Majumdar, Megha",,"=""0525658696""","=""9780525658696""",0,Knopf,Hardcover,304,2020,2020,,2026/03/14,to-read,to-read (#3139),to-read,,,,0,0
249536025,Remembrance,Edward        Lee,"Lee, Edward",,"=""""","=""""",0,,Kindle Edition,259,2026,,,2026/03/13,to-read,to-read (#3138),to-read,,,,0,0
243634393,Sunrise,Téa Obreht,"Obreht, Téa",,"=""1984855530""","=""9781984855534""",0,Random House,Hardcover,336,2026,2026,,2026/03/12,to-read,to-read (#3137),to-read,,,,0,0
241381475,Look What You Made Me Do,John Lanchester,"Lanchester, John",,"=""1324131349""","=""9781324131342""",0,W. W. Norton & Company,Hardcover,304,2026,2026,,2026/03/10,to-read,to-read (#3136),to-read,,,,0,0
125036,Q's Legacy: A Delightful Account of a Lifelong Love Affair with Books,Helene Hanff,"Hanff, Helene",,"=""0140089365""","=""9780140089363""",0,Penguin Books,Paperback,177,1986,1985,,2026/03/09,to-read,to-read (#3135),to-read,,,,0,0
125035,The Duchess of Bloomsbury Street,Helene Hanff,"Hanff, Helene",,"=""155921144X""","=""9781559211444""",0,Moyer Bell and its subsidiaries,Paperback,160,1995,1973,,2026/03/09,to-read,to-read (#3134),to-read,,,,0,0
9785368,The Land at the End of the World,António Lobo Antunes,"Antunes, António Lobo",Margaret Jull Costa,"=""0393077764""","=""9780393077766""",0,W. W. Norton & Company,Hardcover,222,2011,1979,,2026/03/09,to-read,to-read (#3133),to-read,,,,0,0
8638226,Visitation,Jenny Erpenbeck,"Erpenbeck, Jenny",Susan Bernofsky,"=""081121835X""","=""9780811218351""",0,New Directions,Paperback,160,2010,2008,,2026/03/09,to-read,to-read (#3132),to-read,,,,0,0
9438,The Basic Works of Aristotle,Aristotle,"Aristotle, Aristotle","Richard Peter McKeon, C.D.C. Reeve","=""0375757996""","=""9780375757990""",0,Modern Library/Random House (NY),Paperback,1487,2009,-322,,2026/03/09,to-read,to-read (#3131),to-read,,,,0,0
9799,The Fortress of Solitude,Jonathan Lethem,"Lethem, Jonathan",,"=""0571219357""","=""9780571219353""",0,Faber and Faber,Paperback,528,2005,2003,,2026/03/08,to-read,to-read (#3130),to-read,,,,0,0
328854,Motherless Brooklyn,Jonathan Lethem,"Lethem, Jonathan",,"=""0345803396""","=""9780345803399""",0,Vintage,Paperback,311,2000,1999,,2026/03/08,to-read,to-read (#3130),to-read,,,,0,0
41022133,Colorless Tsukuru Tazaki and His Years of Pilgrimage,Haruki Murakami,"Murakami, Haruki",,"=""0385352115""","=""9780385352116""",4.0,Vintage Books,Paperback,308,2014,2013,2026/03/08,2026/03/08,,,read,3.5,,,1,0
306033,The Last of the Savages,Jay McInerney,"McInerney, Jay",,"=""0140233067""","=""9780140233063""",0,Penguin,Paperback,288,1997,1996,,2026/03/07,to-read,to-read (#3129),to-read,,,,0,0
415854,Brightness Falls,Jay McInerney,"McInerney, Jay",,"=""0679745327""","=""9780679745327""",0,Knopf Doubleday Publishing Group,Paperback,433,1993,1992,,2026/03/07,to-read,to-read (#3128),to-read,,,,0,0
86147,"Bright Lights, Big City",Jay McInerney,"McInerney, Jay",,"=""""","=""""",0,Vintage,Paperback,208,1984,1984,,2026/03/07,to-read,to-read (#3127),to-read,,,,0,0
17934642,Can't and Won't,Lydia Davis,"Davis, Lydia",,"=""0374118582""","=""9780374118587""",0,"Farrar, Straus and Giroux",Hardcover,289,2014,2014,,2026/03/05,to-read,to-read (#3126),to-read,,,,0,0
242978423,The Simp: A Novel Without a Hero,Roshan Sethi,"Sethi, Roshan",,"=""1668211025""","=""9781668211021""",0,Simon & Schuster,Hardcover,304,2026,2026,,2026/03/04,to-read,to-read (#3125),to-read,,,,0,0
53492649,In Memory of Memory,Maria Stepanova,"Stepanova, Maria",Sasha Dugdale,"=""0811228835""","=""9780811228831""",0,New Directions,Paperback,432,2021,2017,,2026/03/04,to-read,to-read (#3124),to-read,,,,0,0
222376985,The Works of Vermin,Hiron Ennes,"Ennes, Hiron",,"=""125081121X""","=""9781250811219""",0,Tor Books,Hardcover,425,2025,2025,,2026/03/03,to-read,to-read (#3123),to-read,,,,0,0
92576,Woodcutters,Thomas Bernhard,"Bernhard, Thomas",David McLintock,"=""0226043967""","=""9780226043968""",5.0,University of Chicago Press,Paperback,188,1989,1984,2026/03/03,2025/01/20,,,read,4.5,,,1,0
219850146,My Struggle: Book 1,Karl Ove Knausgård,"Knausgård, Karl Ove","Karl Ove Knausgaard, Don Bartlett","=""""","=""""",0,"Farrar, Straus and Giroux",Kindle Edition,449,2013,2009,,2026/03/02,to-read,to-read (#3122),to-read,,,,0,0
30741918,The Museum of Modern Love,Heather     Rose,"Rose, Heather",,"=""1760291862""","=""9781760291860""",0,Allen & Unwin,Paperback,296,2016,2018,,2026/03/01,to-read,to-read (#3121),to-read,,,,0,0
11298,"A Wild Sheep Chase (The Rat, #3)",Haruki Murakami,"Murakami, Haruki",Alfred Birnbaum,"=""037571894X""","=""9780375718946""",2.0,Vintage,Paperback,353,2002,1982,2026/03/01,2026/02/21,,,read,2.25,,,1,0
243541679,I Leave It Up to You: A Novel,Jinwoo Chong,"Chong, Jinwoo",,"=""0593870786""","=""9780593870785""",0,Ballantine Books,Paperback,336,2026,2025,,2026/03/01,to-read,to-read (#3120),to-read,,,,0,0
235992414,The News from Dublin: Stories,Colm Tóibín,"Tóibín, Colm",,"=""1476785147""","=""9781476785141""",0,Scribner,Hardcover,304,2026,2026,,2026/03/01,to-read,to-read (#3119),to-read,,,,0,0
98413,"Nana, Vol. 1",Ai Yazawa,"Yazawa, Ai",,"=""1421501082""","=""9781421501086""",0,Viz,Paperback,192,2005,2000,,2026/02/28,to-read,to-read (#3118),to-read,,,,0,0
230422844,Light and Thread,Han Kang,"Kang, Han",,"=""""","=""9798217155033""",0,Hogarth,Hardcover,176,2026,2025,,2026/02/28,to-read,to-read (#3117),to-read,,,,0,0
197120,The Wild Duck,Henrik Ibsen,"Ibsen, Henrik",David Eldridge,"=""0413775755""","=""9780413775757""",0,Methuen Drama,Paperback,128,2007,1884,,2026/02/28,to-read,to-read (#3116),to-read,,,,0,0
228077720,Madwoman,Chelsea Bieker,"Bieker, Chelsea",,"=""0316573302""","=""9780316573306""",3.0,"Little, Brown Paperbacks",Paperback,336,2025,2024,2026/02/28,2025/07/07,,,read,,,,1,0
53061,Death in Venice,Thomas Mann,"Mann, Thomas","Michael Henry Heim, Michael Cunningham","=""0060576170""","=""9780060576172""",3.0,Ecco,Paperback,142,2005,1911,2026/02/01,2026/01/10,,,read,"Have you ever finished a book feeling certain it was important without being entirely sure you enjoyed it? That was Death in Venice for me.<br/><br/>Thomas Mann's 1912 classic follows Gustav, an aging German writer who travels to Venice and becomes consumed by an obsession with a beautiful Polish boy he never speaks to. That's the whole plot. What Mann does with it is layer symbolism, Greek philosophy, and psychological dread, all while an epidemic quietly closes in around the edges.<br/><br/>The prose is meticulous, ornate, and rewards close reading, but it can also feel suffocating. Everything means something. Every stranger the protagonist encounters is a mythological signpost. It's brilliantly crafted, but its density keeps you at arm's length.<br/><br/>I respect this more than I was moved by it. For me, it's a masterwork of atmosphere and ideas that left me admiring Mann's control while wishing he'd let me feel a little more and think a little less.<br/><br/>3.25/5 Stars.",,,1,0
234100962,One Aladdin Two Lamps,Jeanette Winterson,"Winterson, Jeanette",,"=""080216711X""","=""9780802167118""",4.0,Grove Press,Hardcover,272,2026,2025,2026/02/01,2025/09/01,,,read,"Jeanette Winterson doesn't write books so much as she builds kaleidoscopes and dares you to look through them.<br/><br/>One Aladdin Two Lamps takes One Thousand and One Nights as its launchpad and then spirals outward into memoir, literary criticism, philosophy, and political commentary, all held together by Winterson's fierce argument that storytelling is how we survive. She retells Shahrazad's tales, threads in her own upbringing as a queer girl in a fundamentalist household, name-drops everyone from Shakespeare to Taylor Swift, and somehow makes it all feel like a single conversation rather than a syllabus.<br/><br/>When it works, it's thrilling. Winterson's prose has a clarity and directness that cuts through the sheer density of what she's attempting. But the book occasionally buckles under its own ambition. Some passages tip from passionate into preachy, and the late-stage detour into AI optimism feels oddly disconnected from the rest.<br/><br/>3.5/5 Stars. A dazzling, uneven love letter to the power of stories.",,,1,0
214151534,Paradise Logic,Sophie  Kemp,"Kemp, Sophie",,"=""1668057034""","=""9781668057032""",3.0,Simon & Schuster,Hardcover,256,2025,2025,2026/02/28,2025/08/26,,,read,"Paradise Logic is 8% talking snakes, 13% excerpts from a fictional magazine called Girlfriend Weekly, 19% hallucinatory clinical trials, 15% sex scenes that will make you put the book down and stare at the ceiling, and 100% prose that reads like it was written by someone channeling Miranda July after three energy drinks and a Tumblr binge.<br/><br/>My reading experience felt like being trapped inside someone's unhinged group chat while they're having an existential crisis, and somehow being unable to stop scrolling.<br/><br/>The story follows Reality Kahn, a 23-year-old Oberlin grad living in Gowanus, Brooklyn, who goes on a surreal, fragmented, and frequently obscene odyssey to fulfill her life's purpose: finding a boyfriend and becoming the greatest girlfriend of all time.<br/><br/>Kemp's voice is the whole show here. Reality narrates her world with a mix of alien detachment and devastating sincerity, describing everything from sex to Coca-Cola with the same wide-eyed, off-kilter cadence. It's equally hilarious and cringey.<br/><br/>But make no mistake, Paradise Logic is a lot. A LOT. It knows it's a lot. Kemp knows exactly what she's doing tonally, switching between absurdist comedy and genuine heartbreak without warning, and the whiplash is part of the point. Underneath all the chaos, she sustains a sharp, sad argument about what it means to desire men in a world that punishes you for it.<br/><br/>The electricity of that voice will keep most readers going, at least those who aren't immediately put off. Still, I found that the narrative underneath it struggles to hold its own weight. The surreal detours pile up, the bit starts to wear thin in the back half, and by the end I wasn't sure the novel had earned its emotional crescendo so much as arrived at one. Whether the book works for you will depend entirely on how long you can ride a vibe before you start wanting a story. For me, it was about three-quarters of the way.<br/><br/>That said, I'm genuinely glad this book exists. It's doing something fearless, and any comparisons to Miranda July or Mona Awad feel right without fully capturing what Paradise Logic offers. I left wanting more from the bones of this one even as I admired it. Read it if you're in the mood to feel unsettled and entertained in equal measure. Skip it if you need narrative to be the thing pulling you forward.<br/><br/>3/5 Stars.",,,1,0
135479,Cat’s Cradle,Kurt Vonnegut Jr.,"Jr., Kurt Vonnegut",,"=""""","=""""",4.0,Penguin,Paperback,306,1999,1963,2026/02/01,2021/09/02,,,read,"Only Vonnegut could write a book about the end of the world that reads like a comedian's set at a funeral, and somehow leave you feeling more alive by the last page.<br/><br/>Cat's Cradle follows a writer named John who is researching Dr. Hoenikker, one of the fictional fathers of the atomic bomb.  This project quickly spirals into something far stranger, pulling John through Hoenikker's three dysfunctional children, a religion that admits everything it teaches is a lie, and a discovery that makes the atomic bomb look like a warm-up act.<br/><br/>The pacing in Cat's cradle is relentless, but don't think that short sentences and absurdly brief chapters (127 of them in under 300 pages) equals lack of depth. The humor here is doing serious work: a deadpan narrator reports catastrophe with the same energy he'd use to order breakfast, and underneath every joke is a quiet horror about what happens when brilliant people build terrible things and shrug at the consequences.<br/><br/>Readers will notice that Vonnegut can't be bothered to slow down for scenery when there's a point to be made, and this might make it feel like impatience is the book's main limitation. Characters appear, reveal something essential about human nature in a paragraph, and get swept along. They function as satirical sketches more than fully realized people. If you need to feel deeply connected to the characters in a story, this one may leave you cold. You may find the many threads in the novel lack cohesion. But the book is widely loved for its inventiveness, its biting commentary on science and religion, and the way it manages to be one of the bleakest and most oddly tender things Vonnegut ever wrote.<br/><br/>I settled on 3.75/5 stars because Vonnegut's ideas in Cat's Cradle are brilliant, the voice is iconic, and I'll be turning over lines like ""beware of the man who works hard to learn something, learns it, and finds himself no wiser than before"" for a long time. I just wanted a little more room to care about these people before the book's ending. Cat's Cradle will likely hit the spot if you pick this up when you want something sharp, strange, and wickedly smart that you can devour in an afternoon or two.",,,1,0
243811022,The Antidote,Karen Russell,"Russell, Karen",,"=""0593688368""","=""9780593688366""",0,Vintage,Paperback,432,2026,2025,,2026/02/28,to-read,to-read (#3115),to-read,,,,0,0
223001257,The Correspondent,Virginia      Evans,"Evans, Virginia",,"=""0593798430""","=""9780593798430""",5.0,Crown Publishing,Hardcover,285,2025,2025,2026/02/01,2025/10/03,,,read,"""You get the one life. It's awfully unfair, isn't it?""<br/><br/>If you've ever felt the weight that life is too short and too long all at once, Virginia Evans has written a book that will sit with you for a very long time.<br/><br/>The Correspondent is the story of Sybil, a retired 73-year-old who has built her life around letters. Every morning she writes. She sends letters to her brother, her best friend, to authors (Joan Didion, Larry McMurtry, Ann Patchett!) to tell them what she thinks of their latest books, and to one person to whom she writes often but never sends the letter. Through her correspondences, we piece together a life shaped by love, grief, and regret. When letters from someone in Sybil's past force her to confront the loss of her young son Gilbert, she begins to realize that the unsent letter she's been composing for years may finally need to be read.<br/><br/>The novel is told entirely in letters and the occasional email. There is no narrator, no traditional scenes, no dialogue, and yet Evans manages to avoid gimmick territory entirely. That's largely because of Sybil herself, who is sharp-tongued, opinionated, sometimes maddeningly stubborn, and underneath it all, deeply wounded. By the end you don't feel like you've read a novel. You feel like you've gone through someone's private mail and come out knowing them better than most people in their life do.<br/><br/>You spend the whole book playing detective, assembling Sybil's story from scattered puzzle pieces, and that gradual reveal is one of the book's greatest pleasures. Her character development is equally rewarding. She begins as someone who seems fully formed and prickly, but letter by letter, Evans peels back those layers to reveal the grief and loneliness she's been papering over with eloquence and propriety.<br/><br/>Fair warning: the epistolary format can feel disjointed if you prefer linear, plot-driven storytelling. But this book rewards patience. In the landscape of modern fiction, it occupies a lovely, slightly old-fashioned space, and it's all the better for it.<br/><br/>I gave this 5/5 stars because it is highly entertaining and enjoyable character-driven fiction that convinced me that even a quiet story about an ordinary woman can be every bit as profound as an epic. If you're in the mood to slow down or you need to be reminded that it's never too late to say the thing you've been meaning to say, you should read it!",,,1,0
28921,The Remains of the Day,Kazuo Ishiguro,"Ishiguro, Kazuo",,"=""""","=""""",4.0,Faber & Faber,Paperback,258,2005,1989,2026/02/27,2022/06/14,,,read,"Some novels devastate you loudly. The Remains of the Day devastates you through silence.<br/><br/>The book follows Stevens, an English butler taking a motoring trip in the 1950s while reflecting on his decades of service to Lord Darlington and his relationship with Miss Kenton. What unfolds is not dramatic in a conventional sense, but rather a slow realization that a life built entirely around duty can leave very little room for the self.<br/><br/>This is one of Ishiguro’s defining novels, and you can see why it is so often praised. Stevens tells his story in a formal, careful voice, always emphasizing dignity and loyalty. What makes the book powerful is what he avoids saying. The emotional weight lives between the lines. As readers, we slowly piece together what Stevens cannot fully face about his employer, his choices, and his own heart.<br/><br/>The themes of duty, complicity, repression, and class are handled with remarkable control. The pacing is quiet and measured, which is why some readers consider it a masterpiece while others find it slow or emotionally distant. Both reactions make sense. If you prefer plot-heavy stories or highly expressive characters, this might feel restrained. If you enjoy subtle character studies, it is deeply rewarding.<br/><br/>For me, it is a 3.5/5 stars-- there's nothing I actively dislike about the novel, but when it comes down to it, I admire it more than I love it. Even so, it remains a carefully crafted story with a quietly heartbreaking ending, and a great fit for readers who appreciate thoughtful, layered stories where the real drama happens beneath the surface.",,,1,0
237868597,The Loft,Marlen Haushofer,"Haushofer, Marlen",Amanda Prantera,"=""1529953472""","=""9781529953473""",0,Vintage Classics,Hardcover,240,2025,1969,,2026/02/27,to-read,to-read (#3114),to-read,,,,0,0
45715353,The Beckoning Fair One,Dan Chaon,"Chaon, Dan",,"=""1542091438""","=""9781542091435""",0,Amazon Original Stories,Kindle Edition,38,2019,2019,,2026/02/26,to-read,to-read (#3113),to-read,,,,0,0
222376809,One of Us,Dan Chaon,"Chaon, Dan",,"=""1250175232""","=""9781250175236""",0,Henry Holt and Co.,Hardcover,288,2025,2025,,2026/02/26,to-read,to-read (#3112),to-read,,,,0,0
114511,A Sport and a Pastime,James Salter,"Salter, James",Reynolds Price,"=""0374530505""","=""9780374530501""",0,"Farrar, Straus and Giroux",Paperback,185,2006,1967,,2026/02/25,to-read,to-read (#3111),to-read,,,,0,0
134187,The King Is Dead,Jim Lewis,"Lewis, Jim",,"=""0375714006""","=""9780375714009""",0,Vintage,Paperback,272,2004,2003,,2026/02/25,to-read,to-read (#3110),to-read,,,,0,0
7465814,C,Tom McCarthy,"McCarthy, Tom",,"=""0307593339""","=""9780307593337""",0,Knopf,Hardcover,310,2010,2010,,2026/02/25,to-read,to-read (#3109),to-read,,,,0,0
11921099,"Don Quixote, U.S.A.",Richard Pitts Powell,"Powell, Richard Pitts",,"=""0340023228""","=""9780340023228""",0,Hodder & Stoughton Ltd,Hardcover,192,1970,1966,,2026/02/25,to-read,to-read (#3108),to-read,,,,0,0
917346,All Over Creation,Ruth Ozeki,"Ozeki, Ruth",,"=""0142003891""","=""9780142003893""",0,Penguin Books,Paperback,432,2004,2003,,2026/02/25,to-read,to-read (#3107),to-read,,,,0,0
242913,The Unbearable Bassington,Saki,"Saki, Saki",Maurice Baring,"=""1417923687""","=""9781417923687""",0,Kessinger Publishing,Paperback,268,2004,1912,,2026/02/25,to-read,to-read (#3106),to-read,,,,0,0
211004089,Wild Dark Shore,Charlotte McConaghy,"McConaghy, Charlotte",,"=""""","=""""",4.0,Flatiron Books,Hardcover,298,2025,2025,2025/05/29,2024/12/17,,,read,"What stayed with me most about Wild Dark Shore was not the plot, but how McConaghy slowly builds its emotional architecture.<br/><br/>The story unfolds in a setting that shapes the characters as much as they shape it, with isolation, memory, and connection at its center. Rather than relying on constant twists, the novel moves, at times deliberately slowly, through subtle relationship changes.<br/><br/>McConaghy expertly uses a tone that is controlled and sometimes lyrical, along with restrained character development, to create a gradual build that has a strong overall effect. Even in emotionally charged moments, the prose remains grounded and precise.<br/><br/>One line captures an idea that echoes throughout the book:<br/>“But here is the nature of life. That we must love things with our whole selves, knowing they will die.”<br/><br/>Despite its literary style, the novel has broad appeal because its themes are universal, including love, loss, and isolation. It resonates beyond genre boundaries because it is emotionally accessible and thoughtfully written.<br/><br/>I rate Wild Dark Shore 4/5 stars because it was a satisfying read with just a few nitpicks that kept it from being perfect for me. Its strengths far outweigh its limitations. It is no surprise this novel won the Book of the Month 2025 Lolly Award and was also a Goodreads Nominee for Readers’ Favorite Fiction (2025).",,,1,0
30962053,The Idiot,Elif Batuman,"Batuman, Elif",,"=""1594205612""","=""9781594205613""",2.0,Penguin Press,Hardcover,423,2017,2017,2026/02/24,2022/11/01,,,read,"Is the rock on the cover meant to suggest, “this is your brain on The Idiot”? Because I think I felt my brain slowly petrify while I read this book. <br/><br/>The Idiot follows Selin as she drifts through her first year of college. She befriends a small circle of eccentric classmates, enrolls in a Russian class that quietly shapes her inner life, and becomes fixated on a strange, elliptical email correspondence with an older Hungarian math student. Not much “happens” in a traditional plot sense, but the novel traces Selin’s attempts to interpret language, relationships, and herself.<br/><br/>I wanted to love this book. On paper, the awkward intellectual coming-of-age and deadpan humor should have worked. Yet, the narrators inability to turn experience into meaning became my own. <br/><br/>To her credit, Batuman fully commits to the bit. The voice is precise, alien, often very funny. The academic satire and early-email awkwardness are sharp and painfully accurate.<br/><br/>But admiration isn’t the same as enjoyment. The Ivan storyline circles without deepening, and the book’s refusal of catharsis started to feel airless rather than profound.<br/><br/>This is for readers who love interiority over plot, anti-climax over transformation, and the slow study of a mind thinking itself into corners. It just wasn’t for me.",,,1,0
238873141,The Take,Kelly Yang,"Yang, Kelly",,"=""0593953355""","=""9780593953358""",0,Berkley,Kindle Edition,368,2026,2026,,2026/02/24,to-read,to-read (#3105),to-read,,,,0,0
51541232,Telephone,Percival Everett,"Everett, Percival",,"=""1644450224""","=""9781644450222""",0,Graywolf Press,Paperback,216,2020,2020,,2026/02/23,to-read,to-read (#3104),to-read,,,,0,0
220160849,Angel Down,Daniel Kraus,"Kraus, Daniel",,"=""""","=""""",0,Atria Books,Hardcover,285,2025,2025,,2026/02/23,to-read,to-read (#3103),to-read,,,,0,0
234943545,More Than Enough,Anna Quindlen,"Quindlen, Anna",,"=""0593734602""","=""9780593734605""",0,Random House,Hardcover,256,2026,2026,,2026/02/23,to-read,to-read (#3102),to-read,,,,0,0
241392653,The Vivisectors,Missouri Williams,"Williams, Missouri",,"=""0374619298""","=""9780374619299""",0,MCD,Hardcover,288,2026,2026,,2026/02/23,to-read,to-read (#3101),to-read,,,,0,0
1335568,Engine Summer,John Crowley,"Crowley, John",,"=""0553131990""","=""9780553131994""",0,Bantam,Mass Market Paperback,209,1980,1979,,2026/02/23,to-read,to-read (#3100),to-read,,,,0,0
68333,"Beggars in Spain (Sleepless, #1)",Nancy Kress,"Kress, Nancy",,"=""0060733489""","=""9780060733483""",0,Harper Voyager,Paperback,400,2004,1993,,2026/02/23,to-read,to-read (#3099),to-read,,,,0,0
168525,The Mabinogion Tetralogy,Evangeline Walton,"Walton, Evangeline",Betty Ballantine,"=""1585675040""","=""9781585675043""",0,The Overlook Press,Paperback,720,2003,2002,,2026/02/23,to-read,to-read (#3098),to-read,,,,0,0
359385,Crystal Express,Bruce Sterling,"Sterling, Bruce",,"=""0441124232""","=""9780441124237""",0,Ace,Mass Market Paperback,278,1990,1989,,2026/02/23,to-read,to-read (#3097),to-read,,,,0,0
161296,Schismatrix Plus,Bruce Sterling,"Sterling, Bruce",,"=""0441003702""","=""9780441003709""",0,Ace Books,Paperback,319,1996,1996,,2026/02/23,to-read,to-read (#3096),to-read,,,,0,0
302702,Mirrorshades: The Cyberpunk Anthology,Bruce Sterling,"Sterling, Bruce","William Gibson, Paul Di Filippo, Lewis Shiner, Tom Maddox, Pat Cadigan, Rudy Rucker, Marc Laidlaw, James Patrick Kelly, Greg Bear, John Shirley","=""""","=""""",0,Ace,Paperback,239,1988,1986,,2026/02/23,to-read,to-read (#3095),to-read,,,,0,0
46945,Requiem for a Dream,Hubert Selby Jr.,"Jr., Hubert Selby","Darren Aronofsky, Richard Price","=""1560252480""","=""9781560252481""",0,Grand Central Publishing,Paperback,279,1999,1978,,2026/02/21,to-read,to-read (#3094),to-read,,,,0,0
84737,Zeno's Conscience,Italo Svevo,"Svevo, Italo","William Weaver, Claudio Carini, Beryl de Zoete, Michael Hoffman","=""0375727760""","=""9780375727764""",0,Vintage,Paperback,437,2003,1923,,2026/02/21,to-read,to-read (#3093),to-read,,,,0,0
19658106,Concrete,Thomas Bernhard,"Bernhard, Thomas",,"=""0307833518""","=""9780307833518""",4.0,Vintage,Kindle Edition,104,2013,1982,2026/02/17,2025/07/10,,,read,"Concrete is a funny, claustrophobic monologue about a man who cannot begin the book he believes will justify his existence.<br/><br/>Rudolf, a reclusive Viennese musicologist, has been “about to” write his definitive study of Mendelssohn for years. Instead of writing he rambles on and on about his domineering sister, his lung disease, the stupidity of society, the impossibility of concentration, the catastrophe of other people. The delightful irony is that the book we are reading is, in fact, the masterpiece he cannot write.<br/><br/>Sure, the way Bernhard weaponizes repetition here is monotonous by design and can be suffocatingly interior. But, the relentless looping morphs into comedy, and in my opinion, if you appreciate the humor of authors like Beckett, this will likely be right up your alley. <br/><br/>The bottom line is that you don’t read Concrete for plot, you read it for Rudolf’s voice and to inhabit a mind that is eroding itself in real time.<br/><br/>For me, it’s a strong 4/5. A novel about NOT writing, that’s razor-sharp, disturbingly funny, and in many moments brilliant. ",,,1,0
238853177,Palaces of the Crow,Ray Nayler,"Nayler, Ray",,"=""1399637622""","=""9781399637626""",0,Weidenfeld & Nicolson,Kindle Edition,336,2026,2026,,2026/02/21,to-read,to-read (#3092),to-read,,,,0,0
3397709,Notes from Underground and The Double,Fyodor Dostoevsky,"Dostoevsky, Fyodor","Fyodor Dostoyevsky, Ronald Wilks, Robert Louis Jackson","=""0140455124""","=""9780140455120""",0,Penguin Classics,Paperback,291,2009,1864,,2026/02/20,to-read,to-read (#3091),to-read,,,,0,0
242693052,Whistler,Ann Patchett,"Patchett, Ann",,"=""0063511630""","=""9780063511637""",0.0,Harper,Hardcover,304,2026,2026,,2025/12/08,to-read,to-read (#2773),to-read,"I haven’t cracked the spine yet, but it is Ann Patchett, so I am expecting elegance, insight, and at least one moment that makes me marvel at how small, fleeting choices can alter a life.<br/><br/>Whistler promises a reunion decades in the making, love that persists in quiet ways, and a meditation on memory, bravery, and all the little moments that shape who we become. If Patchett has taught us anything in books like Bel Canto, it is that she can make a single scene, whether a glance in a museum, a whispered conversation, or a memory recalled, feel like the hinge of the universe.<br/><br/>I am ready to be fully swept up in Daphne and Eddie’s story. Consider this 5/5 stars in advance because I trust Patchett will deliver.",,,0,0
222259253,Culpability,Bruce Holsinger,"Holsinger, Bruce",,"=""1954118961""","=""9781954118966""",2.0,Spiegel & Grau,Hardcover,350,2025,2025,2025/11/06,2025/07/17,,,read,"Family on vacation colliding with AI is a premise that could have been thrilling. Instead, Culpability flops spectacularly. The single setting makes the story feel cramped and repetitive. The tragedies that are supposed to shake the characters barely register. Their responses are shallow, perfunctory, almost comically underwhelming.<br/><br/>The AI elements of this story lean hard on clichés that have been done to death, and the endless twists where every character is hiding a secret feel forced to the point of absurdity. Stakes are inflated, suspense is manufactured, and I could not care less. The characters are thin sketches at best, leaving no emotional anchor as the story progresses.<br/><br/>A few hints at human agency and blame in a machine-dominated world almost shine, but they are too little, too late. The middle drags endlessly, the tension is fake, and the story never hits. Culpability may be passably readable, but it is also painfully unremarkable.",,,1,0
245199674,Partita,Barbara Kingsolver,"Kingsolver, Barbara",,"=""""","=""""",0.0,HarperCollins,Hardcover,352,2026,2026,,2026/02/20,,,read,"I haven’t read a single page yet, but here’s what I do know: Barbara Kingsolver is about to hit us with heartbreak, class commentary, music metaphors, and at least one character who makes you question all your life choices.<br/><br/>If Demon Copperhead taught me anything, it’s that Kingsolver can make you laugh, gasp, and marvel at the sheer precision of her storytelling. Partita promises all that, but with pianos, ghosts from the past, and a protagonist juggling love, ambition, and long-buried secrets.<br/><br/>I’m here for it. I will be fully invested in Livia Cable’s choices, cheer for her triumphs, and probably celebrate every exquisitely framed sentence.<br/><br/>5/5 stars in advance, because optimism.",,,1,0
16640,The Sorrows of Young Werther,Johann Wolfgang von Goethe,"Goethe, Johann Wolfgang von","Burton Pike, R. Dillon Boylan, Elizabeth Wolff Mayer","=""0812969901""","=""9780812969900""",5.0,Modern Library,Paperback,149,2005,1774,2026/02/17,2025/09/13,,,read,"There’s a good reason The Sorrows of Young Werther caused a cultural phenomenon when it was published in 1774.<br/><br/>The novel sparked “Werther Fever.” Young readers dressed like him. Some tragically imitated him. It became one of the first true global literary sensations. Reading The Sorrows of Young Werther today feels like discovering the original blueprint for the emotionally obsessive literary protagonist.<br/><br/>The book unfolds through letters written by the sensitive and passionate Werther, who relocates to the countryside in search of peace, beauty, and artistic inspiration. Instead, he becomes consumed by an intense emotional attachment that grows into an existential crisis.<br/><br/>It’s striking how modern the book feels: the confessional voice, the emotional immediacy, the relentless self-analysis, the romantic idealization of nature, the spiraling interior monologue. Werther’s voice must have felt radically new when it first appeared, and it still feels fresh today. You can see its descendants everywhere, from Dostoevsky’s tortured narrators to Proust’s hypersensitivity, to the emotionally articulate characters of contemporary literary fiction.<br/><br/>Though the novel has a reputation for being relentlessly tragic, it’s often quietly funny. Goethe understands the absurdity of youthful intensity. Werther is melodramatic, impulsive, and gloriously over-poetic about everyday life. But Goethe skillfully maintains a perfect balance in the narration that signals that he clearly loves Werther, but he also sees him with gentle clarity.<br/><br/>The novel is a philosophical argument disguised as a love story. Werther embodies emotion as a way of life. Opposing him is the world of rationality, moderation, and social order. Watching his psychological progression from idealism to attachment, to emotional dependency, to existential crisis, is what makes this a five-star read for me. Goethe charts that progression with unsettling precision.<br/><br/>Every letter in the book raises the emotional temperature. The pacing mirrors Werther’s spiraling obsession. It’s a masterclass in how structure can reflect psychology.<br/><br/>This novel helped create:<br/>• the Romantic hero<br/>• the confessional narrator<br/>• the interior emotional novel<br/>• the idea that a character’s inner life can be the plot<br/><br/>It’s staggering to remember Goethe wrote this in his twenties. You can feel the young genius pouring his own emotional life into the pages.<br/><br/>The Sorrows of Young Werther endures because it understands the timeless concept of intoxicating beauty and the real danger of feeling too much. Nearly 250 years later, it still feels painfully, vividly relevant.",,,1,0
231681822,Departure[s],Julian Barnes,"Barnes, Julian",,"=""0593804503""","=""9780593804506""",4.0,Knopf,Hardcover,165,2026,2026,2026/02/20,2025/11/14,,,read,"Reading Departure(s) feels like pulling up a chair with the Booker Prize–winning author for one last quiet conversation.<br/><br/>In this book, Barnes leans less on conventional storytelling and more on a blend of memoir, essay, and reflection. He meditates on happiness, love, aging, and the art of writing itself, offering readers a window into the mind of one of contemporary literature’s sharpest observers.<br/><br/>Barnes’ personality shines throughout. He's witty, reflective, and unflinchingly honest. While the book lacks the narrative tension or plot-driven momentum of his novels, his voice remains engaging, making the experience quietly satisfying.<br/><br/>For fans of Barnes, this is a rare opportunity to read his last words of wisdom and reflection. I’m giving it 3.75/5, largely for the insight and charm of his voice.",,,1,0
233411514,Meditations,Marcus Aurelius,"Aurelius, Marcus",Aaron Poochigian,"=""132409639X""","=""9781324096399""",0,Liveright,Hardcover,288,2026,180,,2026/02/19,to-read,to-read (#3090),to-read,,,,0,0
1209488,Nostromo,Joseph Conrad,"Conrad, Joseph","Veronique Pauly, J.H. Stape","=""0141441631""","=""9780141441634""",0,Penguin Books Ltd,Paperback,489,2007,1904,,2026/02/18,to-read,to-read (#3089),to-read,,,,0,0
228110489,Heart the Lover,Lily King,"King, Lily",,"=""0802165176""","=""9780802165176""",0,Grove Press,Hardcover,256,2025,2025,,2026/02/18,to-read,to-read (#3088),to-read,,,,0,0
2123898,The Policeman's Beard is Half-Constructed: Computer Prose and Poetry,Racter,"Racter, Racter","Joan Hall, William Chamberlain, Thomas Etter","=""0446380512""","=""9780446380515""",0,Grand Central Pub,Paperback,120,1984,1983,,2026/02/17,to-read,to-read (#3087),to-read,,,,0,0
59034082,Post Office,Charles Bukowski,"Bukowski, Charles",,"=""""","=""""",4.0,Ecco,Kindle Edition,162,2009,1971,2026/02/07,2021/09/30,,,read,"“We’re forced into absurd lives, against which the only sane response is to wage a guerrilla operation of humour and lust and madness.”<br/><br/>Post Office follows Henry Chinaski, Charles Bukowski’s alter ego, as he drifts into a job at the U.S. Postal Service and stays just long enough to watch the grind hollow everything out. The novel turns shift work, hangovers, failed relationships, and bureaucratic absurdity into something surprisingly hard to put down.<br/><br/>Chinaski is endlessly watchable. The plot is loose and episodic, but the book moves fast because Bukowski never lingers where another writer might search for meaning. His prose is stripped down, mercilessly direct, and funny in a bleak, shrugging way.<br/><br/>Post Office feels like the natural companion to Ham on Rye, which shows how Chinaski was made. Post Office shows what happens after -- adulthood as endurance test. I think Ham on Rye barely comes out on top for me, but they succeed for completely different reasons.<br/><br/>As a modern cult classic, Post Office earns its reputation through raw honesty and a refusal to romanticize work or ambition. It captures the soul-crushing repetition of bureaucracy with sharp humor. Undoubtedly though, Bukowski’s abrasive worldview and deliberately crude voice will absolutely turn some readers away.<br/><br/>This lands at a solid 4/5 stars. It’s a book for when you want something cynical, funny, and brutally honest about work and survival, and don’t mind if it laughs at you along the way.",,,1,0
233411527,Atria: Poems,D.S. Waldman,"Waldman, D.S.",,"=""1324097264""","=""9781324097266""",0,Liveright,Hardcover,104,2026,,,2026/02/17,to-read,to-read (#3086),to-read,,,,0,0
1818226,Nothing Grows by Moonlight (European Women Writers),Torborg Nedreaas,"Nedreaas, Torborg",Bibbi Lee,"=""0803233132""","=""9780803233133""",0,University of Nebraska Press,Hardcover,198,1988,1947,,2026/02/17,to-read,to-read (#3085),to-read,,,,0,0
234352471,Why I Am Not an Atheist: The Confessions of a Skeptical Believer,Christopher Beha,"Beha, Christopher",,"=""0593490479""","=""9780593490471""",0,Penguin Press,Hardcover,432,2026,2026,,2026/02/17,to-read,to-read (#3084),to-read,,,,0,0
234313839,Our Numbered Bones,Katya Balen,"Balen, Katya",,"=""006345954X""","=""9780063459540""",0,HarperVia,Hardcover,256,2026,,,2026/02/17,to-read,to-read (#3083),to-read,,,,0,0
241736397,Cleaner,Jess Shannon,"Shannon, Jess",,"=""1668223082""","=""9781668223086""",0,Scribner,Hardcover,224,2026,2026,,2026/02/17,to-read,to-read (#3082),to-read,,,,0,0
92571,Gargoyles,Thomas Bernhard,"Bernhard, Thomas","Richard Winston, Clara Winston","=""1400077559""","=""9781400077557""",0,Vintage International,Paperback,208,2006,1967,,2026/02/17,to-read,to-read (#3081),to-read,,,,0,0
60441232,The Man Who Watched the Trains Go By,Georges Simenon,"Simenon, Georges",Siân Reynolds,"=""0141983264""","=""9780141983264""",0,Penguin,ebook,0,2016,1938,,2026/02/17,to-read,to-read (#3080),to-read,,,,0,0
216670959,Strange Pictures,Uketsu,"Uketsu, Uketsu",Jim Rion,"=""""","=""""",3.0,HarperVia,Kindle Edition,240,2025,2022,2026/02/07,2024/11/16,,,read,"Uketsu's Strange Pictures is a short, puzzle-like mystery built around eerie drawings and the unsettling stories behind them.<br/><br/>I'm not surprised this book has become so popular because the premise is genuinely fun and creative, and the creepy atmosphere works well. There are several moments that feel quietly unsettling and intriguing. It’s easy to read in a sitting, and the mystery element makes it very bingeable.<br/><br/>That said, I never found it particularly scary, and the story sometimes felt over-explained in a way that drained some of the mystery. The prose also felt fairly basic, which made the experience feel lighter than I expected from the premise.<br/><br/>Overall, I enjoyed my time with it, but it’s not one I’m rushing to recommend to everyone. A fun, creepy read that wasn't much of a standout for me.",,,1,0
48467,Wise Blood,Flannery O'Connor,"O'Connor, Flannery",,"=""0374530637""","=""9780374530631""",4.0,Farrar Straus & Giroux,Paperback,256,2007,1952,2026/02/14,2025/08/23,,,read,"Wise Blood follows Hazel Motes, a war veteran who returns to the American South determined to reject belief and start a “Church Without Christ,” only to become entangled with a cast of unforgettable misfits. It’s a cornerstone of Southern Gothic—grotesque, darkly comic, and deeply concerned with questions of belief, morality, and the human urge to find (or flee) meaning.<br/><br/>O’Connor’s genius is on full display here. I had to pick my jaw up off the floor more than once at how vividly and convincingly she brings these characters to life; they feel exaggerated and startlingly real at the same time. The novel is strange in the best way, fearless in its themes and unflinching in its vision. I instantly understood why this book is considered both a classic and a defining work of the Southern Gothic tradition.",,,1,0
228630,Black Boy,Richard Wright,"Wright, Richard",Jerry W. Ward Jr.,"=""0060929782""","=""9780060929787""",0,Harper Perennial Modern Classics,Paperback,419,1998,1945,,2026/02/16,to-read,to-read (#3079),to-read,,,,0,0
6867,Atonement,Ian McEwan,"McEwan, Ian",,"=""""","=""""",2.0,Anchor Books,Paperback,351,2003,2001,2026/02/14,2026/02/03,,,read,"Atonement is a literary novel about love, guilt, and the consequences of a single misunderstanding, set against the backdrop of pre- and post-World War II England.<br/><br/>It may appeal to readers who enjoy richly detailed settings, intricate social dynamics, and stories that explore moral complexity. McEwan’s writing is precise and elegant, and the novel is widely praised for its carefully structured narrative and its deep exploration of memory and the weight of past mistakes.<br/><br/>For me, however, it didn’t land. The story moved slowly in a way that felt tedious rather than immersive, and I struggled to connect with the characters or feel the tension of the central drama. While the descriptions of the English countryside and social hierarchy were beautiful, they didn’t draw me in emotionally. I can understand why the book is so highly regarded, but to me, the story felt dull, and I never quite got swept up in the narrative the way many readers do.",,,1,0
60387307,Novelist as a Vocation,Haruki Murakami,"Murakami, Haruki","Philip Gabriel, Ted Goossen","=""0451494644""","=""9780451494641""",5.0,Knopf,Hardcover,224,2022,2015,2026/02/15,2022/10/01,,,read,"Novelist as a Vocation sits beautifully alongside the other “on writing” books I’ve loved by authors like Stephen King and Anne Lamott, yet it feels refreshingly distinct.<br/><br/>Murakami offers perspectives I’d argue only a Japanese writer, or one writing outside the U.S., could provide, from his unique approach to the craft to his insights on life. His methods and ways of thinking often diverge from what I’ve read elsewhere, making the advice feel both practical and original.<br/><br/>The one thing I wished for was a deeper dive into his personal life or childhood, which might have elevated the book even more. Still, Murakami comes across as humble, thoughtful, and genuinely helpful.<br/><br/>I'd say this is a must-read for any aspiring writer.",,,1,0
128461,A Season in Hell and The Drunken Boat,Arthur Rimbaud,"Rimbaud, Arthur",Louise Varèse,"=""0811201856""","=""9780811201858""",3.0,New Directions,Mass Market Paperback,103,1961,1872,2026/02/14,2024/08/23,,,read,"Rimbaud has flashes of incredible imagery that stick with you, but I often found myself lost in the poems, unsure what to make of them. Maybe it was the wrong book or the wrong moment, but I didn’t fully connect this time. I’m open to revisiting in the future because there’s clearly brilliance here, even if it didn’t fully click for me.",,,1,0
56377548,"Carl's Doomsday Scenario (Dungeon Crawler Carl, #2)",Matt Dinniman,"Dinniman, Matt",,"=""""","=""""",2.0,Dandy House,Kindle Edition,400,2021,2021,2026/02/15,2026/02/01,,,read,"Neeeeewwwww Achieeeeeevement!<br/><br/>“Finished It Out of Obligation, Not Joy.”<br/><br/>Reward: Mild exhaustion and a lingering sense of Why am I like this?<br/><br/>So I read book two.<br/><br/>Did I enjoy book two?<br/>…It was fine.<br/><br/>This was very much More Dungeon. More Carl. More Donut. More screaming.<br/>Which, okay, expected.<br/><br/>I made it to the end, somehow, but my Dungeon Crawler Carl journey ends here-- I'm walking away, dignity mostly intact.",,,1,0
57127342,"Dungeon Crawler Carl (Dungeon Crawler Carl, #1)",Matt Dinniman,"Dinniman, Matt",Jeff Hays,"=""""","=""""",4.0,Soundbooth Theater,Audible Audio,14,2021,2020,2026/02/01,2025/04/23,,,read,"I went into this book expecting dumb fun.<br/>What I got was:<br/>• Explosions, stats, upgrades<br/>• Capitalism satire<br/>• Emotional damage<br/>• A shocking amount of feelings??<br/><br/>Carl is just a normal dude who wakes up one day and is immediately forced into a murderous alien game show dungeon while wearing boxers and crocs.<br/><br/>This book is like if The Hunger Games got drunk with a video game, adopted a stray cat, and then live-streamed the apocalypse for ad revenue.<br/><br/>All in all, pleasantly surprised.",,,1,0
5698,The Double and The Gambler,Fyodor Dostoevsky,"Dostoevsky, Fyodor","Richard Pevear, Larissa Volokhonsky","=""0375719016""","=""9780375719011""",0,Vintage Classics,Paperback,344,2007,1846,,2026/02/16,to-read,to-read (#3078),to-read,,,,0,0
23913,The Marriage of Heaven and Hell,William Blake,"Blake, William",,"=""0486281221""","=""9780486281223""",0,Dover Publications,Paperback,48,1994,1790,,2026/02/16,to-read,to-read (#3077),to-read,,,,0,0
139867,Lunch Poems,Frank O'Hara,"O'Hara, Frank",,"=""0872860353""","=""9780872860353""",0,City Lights,Paperback,82,2001,1964,,2026/02/16,to-read,to-read (#3076),to-read,,,,0,0
24601,Paris Spleen,Charles Baudelaire,"Baudelaire, Charles",Louise Varèse,"=""0811200078""","=""9780811200073""",0,New Directions,Paperback,118,1970,1857,,2026/02/16,to-read,to-read (#3075),to-read,,,,0,0
236772703,Paradiso 17,Hannah Lillith Assadi,"Assadi, Hannah Lillith",,"=""0593804058""","=""9780593804056""",0,Knopf,Hardcover,320,2026,2026,,2026/02/16,to-read,to-read (#3074),to-read,,,,0,0
12530,The Writing Life: The Classic Essay Collection on the Creative Process,Annie Dillard,"Dillard, Annie",,"=""0060919884""","=""9780060919887""",0,Harper Perennial (HarperCollins),Paperback,111,2013,1989,,2026/02/15,to-read,to-read (#3073),to-read,,,,0,0
34129245,theMystery.doc,Matthew  McIntosh,"McIntosh, Matthew",,"=""0802124917""","=""9780802124913""",0,Grove Press,Hardcover,1660,2017,2017,,2026/02/15,to-read,to-read (#3072),to-read,,,,0,0
99048,Maze: Solve the World's Most Challenging Puzzle,Christopher Manson,"Manson, Christopher",,"=""0805010882""","=""9780805010886""",0,Holt Paperbacks,Paperback,96,1985,1985,,2026/02/15,to-read,to-read (#3071),to-read,,,,0,0
59531680,2120,George Wylesol,"Wylesol, George",,"=""191039565X""","=""9781910395653""",0,Avery Hill Publishing,Paperback,500,2022,2022,,2026/02/15,to-read,to-read (#3070),to-read,,,,0,0
112801,Old Masters: A Comedy,Thomas Bernhard,"Bernhard, Thomas",Ewald Osers,"=""0226043916""","=""9780226043913""",0,University of Chicago Press,Paperback,156,1992,1985,,2026/02/15,to-read,to-read (#3069),to-read,,,,0,0
92578,Wittgenstein’s Nephew,Thomas Bernhard,"Bernhard, Thomas",David McLintock,"=""0226043924""","=""9780226043920""",0,University of Chicago Press,Paperback,101,1990,1982,,2026/02/15,to-read,to-read (#3068),to-read,,,,0,0
41081319,Bad Behaviour,Mary Gaitskill,"Gaitskill, Mary",,"=""0241383102""","=""9780241383100""",0,Penguin Books,Paperback,208,2019,1988,,2026/02/15,to-read,to-read (#3067),to-read,,,,0,0
243804203,Deep Cuts,Holly Brickley,"Brickley, Holly",,"=""0593799100""","=""9780593799109""",0,Crown,Paperback,288,2026,2025,,2026/02/13,to-read,to-read (#3066),to-read,,,,0,0
36373372,Ohio,Stephen Markley,"Markley, Stephen",,"=""1501174479""","=""9781501174476""",0,Simon & Schuster,Hardcover,484,2018,2018,,2026/02/12,to-read,to-read (#3065),to-read,,,,0,0
25430696,The Singer's Gun,Emily St. John Mandel,"Mandel, Emily St. John",,"=""1101911972""","=""9781101911976""",0,Vintage,Paperback,272,2015,2010,,2026/02/12,to-read,to-read (#3064),to-read,,,,0,0
125192,They Came Like Swallows,William Maxwell,"Maxwell, William",,"=""""","=""""",0,The Harvill Press,Paperback,192,2001,1937,,2026/02/11,to-read,to-read (#3063),to-read,,,,0,0
636226,Asylum Piece,Anna Kavan,"Kavan, Anna",,"=""0720611237""","=""9780720611236""",0,Peter Owen Publishers,Paperback,212,2001,1940,,2026/02/11,to-read,to-read (#3062),to-read,,,,0,0
216190434,The Watermark,Sam Mills,"Mills, Sam",,"=""1685891926""","=""9781685891923""",0,Melville House,Kindle Edition,538,2025,2025,,2026/02/09,to-read,to-read (#3061),to-read,,,,0,0
25614241,Beatlebone,Kevin Barry,"Barry, Kevin",,"=""0385540299""","=""9780385540292""",0,Doubleday,Hardcover,299,2015,2015,,2026/02/09,to-read,to-read (#3060),to-read,,,,0,0
505026,The Catacombs,William Demby,"Demby, William",Nathan A. Scott,"=""1555530990""","=""9781555530990""",0,Northeastern University Press,Paperback,256,1991,1965,,2026/02/09,to-read,to-read (#3059),to-read,,,,0,0
505027,Beetlecreek,William Demby,"Demby, William",James C. Hall,"=""1578061067""","=""9781578061068""",0,University Press of Mississippi,Paperback,239,1998,1950,,2026/02/09,to-read,to-read (#3058),to-read,,,,0,0
238766821,See You on the Other Side,Jay McInerney,"McInerney, Jay",,"=""0593804791""","=""9780593804797""",0,Knopf,Hardcover,304,2026,,,2026/02/09,to-read,to-read (#3057),to-read,,,,0,0
243315571,Contrapposto,Dave Eggers,"Eggers, Dave",,"=""0593803507""","=""9780593803509""",0,Knopf,Hardcover,432,2026,2026,,2026/02/09,to-read,to-read (#3056),to-read,,,,0,0
529243,"Clarissa, or, The History of a Young Lady",Samuel Richardson,"Richardson, Samuel",Angus Ross,"=""""","=""""",0,Penguin Classics,Paperback,1536,2004,1748,,2026/02/08,to-read,to-read (#3055),to-read,,,,0,0
28313,The Knockout Artist,Harry Crews,"Crews, Harry",,"=""0060915749""","=""9780060915742""",0,Harpercollins,Paperback,288,1989,1988,,2026/02/07,to-read,to-read (#3054),to-read,,,,0,0
36436102,Of Dogs and Walls,Yūko Tsushima,"Tsushima, Yūko",Geraldine Harcourt,"=""0241339782""","=""9780241339787""",0,Penguin Books,Paperback,53,2018,2018,,2026/02/06,to-read,to-read (#3053),to-read,,,,0,0
33871745,Territory of Light,Yūko Tsushima,"Tsushima, Yūko",Geraldine Harcourt,"=""0241312191""","=""9780241312193""",0,Penguin Classics,Paperback,122,2018,1978,,2026/02/06,to-read,to-read (#3052),to-read,,,,0,0
563784,The Architecture of the Arkansas Ozarks,Donald Harington,"Harington, Donald",,"=""1592640737""","=""9781592640737""",0,Toby Pr,Paperback,425,2003,1975,,2026/02/05,to-read,to-read (#3051),to-read,,,,0,0
591499,Some Other Place. The Right Place.,Donald Harington,"Harington, Donald",,"=""1592640710""","=""9781592640713""",0,Toby Pr,Paperback,500,2003,1972,,2026/02/05,to-read,to-read (#3050),to-read,,,,0,0
234352794,Greedy,Callie Kazumi,"Kazumi, Callie",,"=""0593871669""","=""9780593871669""",0,Bantam,Hardcover,304,2026,2026,,2026/02/04,to-read,to-read (#3048),to-read,,,,0,0
61487462,Andromeda,Therese Bohman,"Bohman, Therese",,"=""9113121758""","=""9789113121758""",0,Norstedts,Hardcover,196,2022,2022,,2026/02/04,to-read,to-read (#3047),to-read,,,,0,0
240381441,Canon,Paige Lewis,"Lewis, Paige",,"=""""","=""9798217059362""",0,Viking,Hardcover,480,2026,2026,,2026/02/04,to-read,to-read (#3046),to-read,,,,0,0
247072857,Life Out of Order,Audrey Niffenegger,"Niffenegger, Audrey",,"=""0345810651""","=""9780345810656""",0,Knopf Canada,Kindle Edition,560,2026,2026,,2026/02/02,to-read,to-read (#3045),to-read,,,,0,0
235697328,Hungerstone,Kat Dunn,"Dunn, Kat",,"=""1638934029""","=""9781638934028""",0,Zando,Paperback,336,2026,2025,,2026/02/02,to-read,to-read (#3044),to-read,,,,0,0
241125533,The Typing Lady: And Other Fictions,Ruth Ozeki,"Ozeki, Ruth",,"=""059383271X""","=""9780593832714""",0,Viking,Hardcover,336,2026,2026,,2026/02/02,to-read,to-read (#3043),to-read,,,,0,0
77287,Independent People,Halldór Laxness,"Laxness, Halldór",James Anderson Thompson,"=""0679767924""","=""9780679767923""",0,Vintage,Paperback,482,1997,1934,,2026/02/01,to-read,to-read (#3042),to-read,,,,0,0
157409,Dream Story,Arthur Schnitzler,"Schnitzler, Arthur","J.M.Q. Davies, Frederic Raphael","=""0141182245""","=""9780141182247""",0,Penguin Classics,Paperback,117,1999,1926,,2026/02/01,to-read,to-read (#3041),to-read,,,,0,0
27788,"Julie, or the New Heloise",Jean-Jacques Rousseau,"Rousseau, Jean-Jacques","Philip Stewart, Jean Vache","=""0874518253""","=""9780874518252""",0,Dartmouth College Press,Paperback,728,1997,1760,,2026/02/01,to-read,to-read (#3040),to-read,,,,0,0
722065,Reveries of the Solitary Walker,Jean-Jacques Rousseau,"Rousseau, Jean-Jacques",Peter France,"=""0140443630""","=""9780140443639""",0,Penguin Classics,Paperback,155,1980,1782,,2026/02/01,to-read,to-read (#3039),to-read,,,,0,0
228067879,Arborescence,Rhett Davis,"Davis, Rhett",,"=""0349725322""","=""9780349725321""",0,Fleet,Kindle Edition,251,2026,2026,,2026/02/01,to-read,to-read (#3038),to-read,,,,0,0
51323334,"Slaughterhouse-Five, or the Children's Crusade: A Graphic Novel Adaptation",Ryan North,"North, Ryan","Kurt Vonnegut Jr., Albert Monteys","=""1684156254""","=""9781684156252""",0,BOOM! Studios,Hardcover,192,2020,2020,,2026/02/01,to-read,to-read (#3037),to-read,,,,0,0
238226942,Yesteryear,Caro Claire Burke,"Burke, Caro Claire",,"=""""","=""""",0,Knopf,Hardcover,400,2026,2026,,2026/02/01,to-read,to-read (#3036),to-read,,,,0,0
241715921,The Frenzy: Stories,Joyce Carol Oates,"Oates, Joyce Carol",,"=""0593978110""","=""9780593978115""",0,Hogarth,Hardcover,336,2026,2026,,2026/02/01,to-read,to-read (#3035),to-read,,,,0,0
238496244,Justice with a Smile,Osamu Dazai,"Dazai, Osamu",Michael Day,"=""4805318724""","=""9784805318720""",0,Tuttle Publishing,Paperback,160,2026,1942,,2026/02/01,to-read,to-read (#3034),to-read,,,,0,0
240381489,Take Me with You,Steven  Rowley,"Rowley, Steven",,"=""0593851498""","=""9780593851494""",0,G.P. Putnam's Sons,Hardcover,368,2026,2026,,2026/02/01,to-read,to-read (#3033),to-read,,,,0,0
28251420,Stories,John O'Hara,"O'Hara, John",Charles McGrath,"=""1598534971""","=""9781598534979""",0,Library of America,Hardcover,860,2016,,,2026/01/31,to-read,to-read (#3032),to-read,,,,0,0
92400,Selected Short Stories of John O'Hara,John O'Hara,"O'Hara, John",Louis Begley,"=""081296697X""","=""9780812966978""",0,Modern Library,Paperback,256,2003,1956,,2026/01/31,to-read,to-read (#3031),to-read,,,,0,0
503994,A Rage to Live (Modern Library Classics),John O'Hara,"O'Hara, John",Louis Begley,"=""0812971353""","=""9780812971354""",0,The Modern Library,Paperback,752,2009,1949,,2026/01/31,to-read,to-read (#3030),to-read,,,,0,0
796907,Ten North Frederick,John O'Hara,"O'Hara, John",,"=""0394448146""","=""9780394448145""",0,Random House,Hardcover,408,1955,1955,,2026/01/31,to-read,to-read (#3029),to-read,,,,0,0
17707646,The New York Stories (Penguin Classics),John O'Hara,"O'Hara, John","Steven Goldleaf, E.L. Doctorow","=""0143107097""","=""9780143107095""",0,Penguin Publishing Group,Paperback,400,2013,2013,,2026/01/31,to-read,to-read (#3028),to-read,,,,0,0
25667449,The Lonely City: Adventures in the Art of Being Alone,Olivia Laing,"Laing, Olivia",,"=""1250039576""","=""9781250039576""",0,Picador,Hardcover,336,2016,2016,,2026/01/30,to-read,to-read (#3027),to-read,,,,0,0
826664,Textermination,Christine Brooke-Rose,"Brooke-Rose, Christine",,"=""0811212165""","=""9780811212168""",0,New Directions,Paperback,182,1992,1992,,2026/01/30,to-read,to-read (#3026),to-read,,,,0,0
826661,"Life, End of",Christine Brooke-Rose,"Brooke-Rose, Christine",,"=""1857548469""","=""9781857548464""",0,Carcanet Press Ltd.,Paperback,119,2006,2006,,2026/01/30,to-read,to-read (#3025),to-read,,,,0,0
438040,"The Christine Brooke-Rose Omnibus: Out, Such, Between, Thru",Christine Brooke-Rose,"Brooke-Rose, Christine",,"=""1857548841""","=""9781857548846""",0,Carcanet Press Ltd.,Paperback,742,2007,1986,,2026/01/30,to-read,to-read (#3024),to-read,,,,0,0
2122966,Murder at Mt. Fuji,Shizuko Natsuki,"Natsuki, Shizuko",Robert B. Rohmer,"=""0345337611""","=""9780345337610""",0,Ballantine Books,Mass Market Paperback,235,1987,1982,,2026/01/30,to-read,to-read (#3023),to-read,,,,0,0
224963830,God's Junk Drawer,Peter Clines,"Clines, Peter",,"=""""","=""9798874830878""",0,"Blackstone Publishing, Inc.",Hardcover,560,2025,2025,,2026/01/30,to-read,to-read (#3022),to-read,,,,0,0
18904302,The House on Mango Street,Sandra Cisneros,"Cisneros, Sandra",,"=""0345807197""","=""9780345807199""",4.0,Vintage,Kindle Edition,110,2013,1984,2026/01/29,2026/01/03,,,read,"""There beneath the roots of soggy flowers were the bones of murdered pirates and dinosaurs, the eye of a unicorn turned to coal.""<br/><br/>The House on Mango Street follows Esperanza, a young Latina girl growing up in a poor Chicago neighborhood, as she observes her family, her neighbors, and herself through a series of short, lyrical vignettes. Rather than a traditional plot, the book unfolds as a collage of moments, memories, and impressions, reading less like a conventional novel and more like poetry in prose.<br/><br/>Though the short chapters are loosely connected, they share a consistent tone and a powerful emotional throughline: yearning.<br/><br/>Esperanza longs for escape, for autonomy, for a room of her own and a future that does not simply repeat the lives of the women around her. Cisneros captures this with remarkable impact. A single page can carry the weight of an entire coming-of-age story, using fragments to build a deeply felt portrait of identity and place.<br/><br/>Within the landscape of modern classics, this sits comfortably alongside works like Autobiography of Red by Anne Carson or Bluets by Maggie Nelson, books that blur genre and prioritize voice, mood, and emotional truth over conventional structure.<br/><br/>This is a book for readers who are open to nontraditional storytelling and who enjoy literature driven by atmosphere rather than plot. It is especially good if you are in a reflective, quietly melancholic mood, or if you want something that can be read slowly, vignette by vignette. Cisneros gives a vivid sense of what it may have felt like to grow up impoverished and Hispanic in that time and place, without flattening her characters into symbols. Even when Esperanza observes pain, she does so with tenderness and clarity. Some of the most striking moments come from Esperanza’s unfiltered despair, like in this beautiful but devastating passage:<br/><br/>“I read somewhere in India there are priests who can will their heart to stop beating. I wanted to will my blood to stop, my heart to quit its pumping. I wanted to be dead, to turn into the rain, my eyes melt into the ground like two black snails. I wished and wished.”<br/><br/>The House on Mango Street helped expand what counted as a “novel” in American literature and made space for voices and lives long pushed to the margins. It is an emotionally resonant book that proves you do not need length or narrative complexity to leave a lasting mark.",,,1,0
238613198,Slow Guillotine: A Novel (Zero Street Fiction),Teo Rivera-Dundas,"Rivera-Dundas, Teo",,"=""1496247310""","=""9781496247315""",0,University of Nebraska Press,Paperback,220,2026,,,2026/01/30,to-read,to-read (#3021),to-read,,,,0,0
238873074,Vigil,George Saunders,"Saunders, George",,"=""0525509623""","=""9780525509622""",4.0,Random House,Hardcover,174,2026,2026,2026/01/29,2025/07/24,,,read,"When I heard Saunders was dragging us back into the afterlife I was FULLY prepared to have my brain scrambled and my soul lovingly drop-kicked into the abyss. I was expecting George to haunt me, confuse me, and spiritually yeet me into the void.<br/><br/>So...DID HE DO IT?!<br/><br/>Yep. Vigil is as explosive, playful, and darkly funny as I was expecting, while tackling some of Saunders’ favorite obsessions: corporate greed, capitalism, and the environmental costs of progress.<br/><br/>Reading Vigil's synopsis, you might worry this is just Lincoln in the Bardo all over again, but this is a very different ride. A woman ushers a dying oil company CEO into the afterlife, and the story feels more grounded yet expansive. The CEO insists he has nothing to regret, claiming “I lived big. The world is better for it.” That wild certainty drives the tension between self-delusion and the consequences we leave behind.<br/><br/>Vigil has an indie, experimental vibe, so in my opinion it is not a book guaranteed to please casual readers or anyone looking for a neat, comforting story. It rewards patience and curiosity. Readers willing to get lost in moral complexity, existential humor, and jarring narrative turns will find themselves fully immersed. The pacing alternates between quiet reflection and bursts of chaotic energy-- moments that especially shine in the audiobook (extraordinary performances!).<br/><br/>Saunders is fully in command of his craft. The book manages to be challenging, surprising, and disorienting without being exhausting. As long as you let go and let Saunders lead, it's a ride worth taking.",,,1,0
242498652,"Push the Wall: My Life, Writing, Drawing, and the Art of Storytelling",Frank Miller,"Miller, Frank",,"=""1668065290""","=""9781668065297""",0,S&S/Saga Press,Hardcover,224,2026,,,2026/01/29,to-read,to-read (#3020),to-read,,,,0,0
235216313,What Was Forbidden: a Venice Ghetto mystery,Jonathan Bockian,"Bockian, Jonathan",,"=""""","=""9798218667948""",0,Künraht Press,Kindle Edition,337,2025,2025,,2026/01/29,to-read,to-read (#3019),to-read,,,,0,0
237693020,Upward Bound,Woody Brown,"Brown, Woody",,"=""0593979974""","=""9780593979976""",0,Hogarth,Hardcover,208,2026,2026,,2026/01/29,to-read,to-read (#3018),to-read,,,,0,0
231363155,The Last of Earth,Deepa Anappara,"Anappara, Deepa",,"=""0593731352""","=""9780593731352""",3.0,Random House,Hardcover,352,2026,2026,2026/01/20,2025/12/09,,,read,"Thank you to Random House and NetGalley for the opportunity to read and review the e-ARC of The Last of Earth. All opinions are my own.<br/><br/>The Last of Earth is an introspective novel that explores grief, guilt, and ghosts. It unfolds through a dual narrative, following a man and a woman navigating loss from very different social and cultural positions.<br/><br/>The dual perspectives are one of the book’s strongest elements. The parallel storylines add contrast and allow the novel to examine its themes from both a male and female point of view. Memories, past selves, and unresolved losses form the ghosts that haunt the characters across both narratives, shaping how each moves through the world. This structure is compelling, especially in how it highlights the different ways loss is shaped by social position and personal history.<br/><br/>I also appreciated how much I learned about Tibetan culture through this novel. The cultural details add a richness that elevates the book beyond a standard grief narrative.<br/><br/>Personally, the novel’s pacing tested my patience. The narrative unfolds slowly, and while I appreciated the depth of interior reflection given to both main characters, the momentum often stalled. Although there was little about this novel that I actively disliked, the read felt longer than it actually is, and I sometimes struggled to stay engaged.<br/><br/>Overall, The Last of Earth struck me as a slightly above average literary novel that is thoughtful, well written, and thematically ambitious, but not one I am rushing to recommend widely. That said, it may be a rewarding read for those who value slower paced novels focused on mood, introspection, and thematic depth over narrative drive.<br/><br/>3.25/5 Stars",,,1,0
480231,La Maravilla,Alfredo Véa,"Véa, Alfredo",,"=""0452271606""","=""9780452271609""",0,Penguin Publishing Group,Paperback,320,1994,1993,,2026/01/27,to-read,to-read (#3017),to-read,,,,0,0
231692492,Cry Havoc,Rebecca Wait,"Wait, Rebecca",,"=""0063473135""","=""9780063473133""",0,Harper Perennial,Paperback,432,2026,2025,,2026/01/27,to-read,to-read (#3016),to-read,,,,0,0
197239437,The Son of Man,Jean-Baptiste Del Amo,"Amo, Jean-Baptiste Del",,"=""0802160905""","=""9780802160904""",0,Grove Press,Hardcover,240,2024,2021,,2026/01/27,to-read,to-read (#3015),to-read,,,,0,0
233781622,Operation Bounce House,Matt Dinniman,"Dinniman, Matt",,"=""0593820312""","=""9780593820315""",0,Ace,Kindle Edition,445,2026,2026,,2026/01/27,to-read,to-read (#3014),to-read,,,,0,0
232241804,Blob: A Love Story – A Witty and Heartfelt Debut Novel About Identity and What It Means to Be Human,Maggie Su,"Su, Maggie",,"=""0063358670""","=""9780063358676""",0,Harper Perennial,Paperback,256,2026,2025,,2026/01/27,to-read,to-read (#3013),to-read,,,,0,0
232735585,The Lamb,Lucy   Rose,"Rose, Lucy",,"=""0063374617""","=""9780063374614""",0,Harper Perennial,Paperback,336,2026,2025,,2026/01/27,to-read,to-read (#3012),to-read,,,,0,0
34440,Doctor Faustus,Thomas Mann,"Mann, Thomas",John E. Woods,"=""0375701168""","=""9780375701160""",0,Vintage,Paperback,535,1999,1947,,2026/01/26,to-read,to-read (#3011),to-read,,,,0,0
250524,The Holy Sinner,Thomas Mann,"Mann, Thomas",H.T. Lowe-Porter,"=""0749386975""","=""9780749386979""",0,Vintage Classics,Paperback,229,1999,1951,,2026/01/26,to-read,to-read (#3010),to-read,,,,0,0
1160780,Laughing Boy: A Navajo Love Story,Oliver La Farge,"Farge, Oliver La",Wanden Lafarge Gomez,"=""0618446729""","=""9780618446723""",0,Mariner Books,Paperback,193,2004,1929,,2026/01/26,to-read,to-read (#3009),to-read,,,,0,0
52385,Almanac of the Dead,Leslie Marmon Silko,"Silko, Leslie Marmon",,"=""0140173196""","=""9780140173192""",0,Penguin Books,Paperback,763,1992,1991,,2026/01/26,to-read,to-read (#3008),to-read,,,,0,0
59716,To the Lighthouse,Virginia Woolf,"Woolf, Virginia",Eudora Welty,"=""""","=""""",5.0,Harvest Books,Paperback,209,1989,1927,2024/07/18,2022/08/14,"favorites, currently-reading","favorites (#13), currently-reading (#7)",currently-reading,"Virginia Woolf captures something almost impossible here. The way time passes inside a mind. The way love, resentment, grief, and longing can coexist. The way a single afternoon can feel infinite, while ten years can vanish in a sentence.<br/><br/>To the Lighthouse permanently altered how I think about time, memory, and what a novel is capable of doing. Woolf is not interested in plot so much as perception, in how experience accumulates quietly and how meaning is shaped by what is felt rather than what is said.<br/><br/>The Ramsays are ordinary people, yet Woolf renders their inner lives with such precision that their smallest thoughts feel monumental. Mrs. Ramsay’s desire to hold things together, Mr. Ramsay’s hunger for intellectual validation, Lily Briscoe’s struggle to create something lasting in the face of doubt and loss. These ongoing tensions ripple through the novel.<br/><br/>Again and again, the book reveals that life’s most important moments are rarely the loud ones. Meaning is found in passing thoughts, half formed emotions, and the spaces between events. Woolf’s treatment of time makes this unmistakable, and she acknowledges how indifferently it moves on.<br/><br/>This is essential reading for anyone drawn to interiority, emotional subtlety, and modernist ambition. It belongs alongside works like Proust’s explorations of memory, yet it remains uniquely Woolf in its restraint and intimacy.",,,2,0
242376245,Theo of Golden,Allen  Levi,"Levi, Allen",,"=""1668236516""","=""9781668236512""",0,Atria Books,Paperback,387,2025,2023,,2026/01/25,to-read,to-read (#3007),to-read,,,,0,0
50140,Big Sur,Jack Kerouac,"Kerouac, Jack",Aram Saroyan,"=""0140168125""","=""9780140168129""",0,Penguin Books,Paperback,256,1992,1962,,2026/01/24,to-read,to-read (#3006),to-read,,,,0,0
34725346,Ham on Rye,Charles Bukowski,"Bukowski, Charles",,"=""""","=""""",5.0,HarperCollins Publishers (NYC),Kindle Edition,298,2009,1982,2026/01/24,2021/09/07,,,read,"This book dares you to stop reading. You won’t.<br/><br/>Ham on Rye is bleak, pessimistic, disgusting, and somehow also a damn good read. It’s the kind of novel that makes you recoil and keep going anyway, which probably explains why no one has ever recommended Bukowski to me. It isn’t a book you press into someone’s hands.<br/><br/>Bukowski’s portrait of Henry Chinaski’s childhood is brutal, offering no comforting psychological explanation to tie anything up neatly. What makes it hit so hard is how little the book seems to care whether you sympathize with Chinaski at all. The indifferent narration paradoxically makes the suffering feel more real. Pain isn’t framed as formative or ennobling. It just is, leaving a worldview where survival replaces hope as the primary accomplishment.<br/><br/>Bukowski’s prose is fearless, funny in the ugliest way, and sharp-eyed about hypocrisy, masculinity, and institutional cruelty. The book understands how resentment forms long before it hardens into ideology. <br/><br/>In the landscape of modern classics, Ham on Rye feels like The Catcher in the Rye stripped of sentimentality and mercy. Where Salinger gives us alienation with a safety net, Bukowski removes it entirely.<br/><br/>I don’t think you’re meant to enjoy Ham on Rye as much as you are meant to feel its honesty. It tells the truth as Bukowski sees it, and that truth is ugly, funny, and disturbingly convincing.",,,1,0
12448,"Look Homeward, Angel",Thomas Wolfe,"Wolfe, Thomas",,"=""0743297318""","=""9780743297318""",0,Scribner,Paperback,544,2006,1929,,2026/01/24,to-read,to-read (#3005),to-read,,,,0,0
12451,Of Time and the River: A Legend of Man's Hunger in His Youth,Thomas Wolfe,"Wolfe, Thomas",Pat Conroy,"=""0684867850""","=""9780684867854""",0,Scribner,Hardcover,896,1999,1935,,2026/01/24,to-read,to-read (#3004),to-read,,,,0,0
1618,The Curious Incident of the Dog in the Night-Time,Mark Haddon,"Haddon, Mark",,"=""1400032717""","=""9781400032716""",0,Vintage,Paperback,226,2004,2003,,2026/01/24,to-read,to-read (#3003),to-read,,,,0,0
61420120,Natural Beauty,Ling Ling Huang,"Huang, Ling Ling",,"=""0593472926""","=""9780593472927""",3.0,Dutton,Hardcover,272,2023,2023,2026/01/22,2024/06/30,,,read,"Ling Ling Huang’s Natural Beauty is an ambitious, unsettling debut that blends literary fiction, speculative horror, and social critique.<br/><br/>The novel follows a young pianist whose life unravels after her parents’ health collapses, pushing her into an elite beauty and wellness world where perfection comes at increasingly disturbing costs.<br/><br/>While the plot itself is simple, the experience is not. Huang excels at atmosphere, delivering moments of visceral body horror that genuinely unsettled me (in a good way, mostly). Many scenes were effectively surprising because they juxtaposed the intimate with the grotesque.<br/><br/>Where the book works best is its exploration of the protagonist’s complicated relationship with her parents, shaped by love, obligation, resentment, and grief. The novel also raises compelling questions about bodily autonomy, perfectionism, assimilation, and identity, especially within the context of beauty culture and experimental science.<br/><br/>Still, the execution is uneven. The tone wobbles between horror, satire, and melodrama, and at times the emotional beats feel overplayed rather than earned. A few moments pulled me out of the story entirely. While I understood what the novel was reaching for, the protagonist’s behavior sometimes stretched credibility, making it difficult to stay fully invested in the emotional stakes.<br/><br/>Overall, I wish Huang had been able to better control and unify the many compelling ideas in a way that fully landed for me.<br/><br/>That said, if you’re in the mood for something uncomfortable, idea-driven, and a little messy (and you enjoy books like Severance or My Year of Rest and Relaxation) this may work for you.<br/><br/>I didn’t love Natural Beauty as much as Huang’s Immaculate Conception (start there!) but both works makes it clear she’s a writer worth watching, and I can’t wait to read whatever she writes next!",,,1,0
224058091,Mona's Eyes,Thomas Schlesser,"Schlesser, Thomas",Hildegarde Serle,"=""1787705862""","=""9781787705869""",3.0,Europa Editions,Hardcover,368,2025,2024,2026/01/23,2025/11/13,,,read,"Book of the year 2025? No, B&N. Just…no.<br/><br/>Mona’s Eyes centers on a grandfather’s attempt to teach his granddaughter how to see deeply while she still can.<br/><br/>I won’t lie—this book can be a split experience. The narrative is intentionally spare, prioritizing reflection over momentum. For readers who love art, it may feel like comfort; for readers who love novels, frustration.<br/><br/>Early on, the story felt noticeably thin to me, and Mona’s precociousness paired with the book’s gentle, almost overly curated tone made parts of it feel a bit twee. I rolled my eyes more than once.<br/><br/>But somewhere along the way, my resistance softened.<br/><br/>What the book lacks in narrative drive, it makes up for in breadth and curiosity. I began to appreciate the wide-angle view of art history, the way artists and movements are placed in conversation, and especially the attention paid to why people make art and what they’re reaching toward when they do.<br/><br/>Once I stopped asking the book to be something it wasn’t, I found myself settling into it. <br/><br/>I’m left with mixed feelings. At times, Mona’s Eyes reads like an Art History 101 course in disguise. But it’s also a gentle celebration of beauty, creativity, and looking closely.<br/><br/>Mona’s Eyes may not satisfy if you’re craving a robust story, but if you’re willing to wander slowly through art and ideas, it offers quiet rewards.<br/>",,,1,0
398323,Out Stealing Horses,Per Petterson,"Petterson, Per",Anne Born,"=""""","=""""",0,Graywolf Press,Hardcover,258,2007,2003,,2026/01/23,to-read,to-read (#3002),to-read,,,,0,0
132543,The Golovlyov Family,Mikhail Saltykov-Shchedrin,"Saltykov-Shchedrin, Mikhail","Natalie Duddington, Николай Муратов, James  Wood, Михаил Евграфович Салтыков-Щедрин","=""0940322579""","=""9780940322578""",0,NYRB Classics,Paperback,358,2001,1880,,2026/01/23,to-read,to-read (#3001),to-read,,,,0,0
2176,Flaubert's Parrot,Julian Barnes,"Barnes, Julian",,"=""0679731369""","=""9780679731368""",0,Vintage,Paperback,190,1990,1984,,2026/01/23,to-read,to-read (#3000),to-read,,,,0,0
10996342,The Art of Fielding,Chad Harbach,"Harbach, Chad",,"=""0316126691""","=""9780316126694""",0,"Little, Brown and Company",Hardcover,512,2011,2011,,2026/01/23,to-read,to-read (#2999),to-read,,,,0,0
40940082,Old School,Tobias Wolff,"Wolff, Tobias",,"=""""","=""""",4.0, Vintage,Kindle Edition,354,2004,2003,2026/01/23,2022/01/14,,,read,"Did Tobias Wolff invent light academia?<br/><br/>Probably not. But Old School comes awfully close.<br/><br/>It’s a compact coming-of-age novel about literary ambition, class anxiety, and the myths young men build around genius. I can see echoes of novels like Stoner in Wolff’s approach: restrained, introspective, and focused on moral consequences rather than plot.<br/><br/>Set at an elite New England boarding school in the early 1960s, the story follows a scholarship student convinced that writing, and the company of great writers, could help him transcend his humble beginnings.<br/><br/>Wolff’s prose does a lot in very little space, and he’s especially skilled at capturing how shame and ambition blur together. The episodic structure, centered on visiting writers, mirrors the narrator’s gradual disillusionment.<br/><br/>The novel explores the cost of wanting something too badly, and how storytelling can become a form of self-deception. The ending, while conceptually sound, doesn’t quite deliver the emotional weight built up earlier. Still, Wolff leaves sharp insights into ambition, self-delusion, and the delicate line between aspiration and obsession.<br/><br/>Ultimately, Old School is a strong, thoughtful book that falls just short of greatness.",,,1,0
231185284,The Cut Line,Carolina Pihelgas,"Pihelgas, Carolina",Darcy Hurford,"=""1642861626""","=""9781642861624""",0,World Editions,Kindle Edition,116,2026,2024,,2026/01/23,to-read,to-read (#2998),to-read,,,,0,0
11557,Swan Song,Robert McCammon,"McCammon, Robert",,"=""0671741039""","=""9780671741037""",3.0,Pocket Books,Mass Market Paperback,956,1987,1987,2026/01/20,2021/09/23,,,read,,,,1,0
215020997,Bury Our Bones in the Midnight Soil,V.E. Schwab,"Schwab, V.E.",Victoria Schwab,"=""1035064642""","=""9781035064649""",3.0,Tor,Hardcover,535,2025,2025,2026/01/20,2024/12/17,,,read,,,,1,0
543137,One of Ours,Willa Cather,"Cather, Willa",,"=""1600969798""","=""9781600969799""",0,Boomer Books,Paperback,343,2007,1922,,2026/01/20,to-read,to-read (#2997),to-read,,,,0,0
527756,The Man Without Qualities,Robert Musil,"Musil, Robert","Burton Pike, Соломон Апт, Sophie Wilkins, Маргарита Иванова","=""0330349422""","=""9780330349420""",0,Alfred A. Knopf,Paperback,1774,1995,1930,,2026/01/19,to-read,to-read (#2996),to-read,,,,0,0
427354,Venus in Furs,Leopold von Sacher-Masoch,"Sacher-Masoch, Leopold von","Joachim Neugroschel, Larry Wolff","=""0140447814""","=""9780140447811""",0,Penguin Classics,Paperback,160,2000,1870,,2026/01/19,to-read,to-read (#2995),to-read,,,,0,0
239132027,Afternoon Hours of a Hermit,Patrick Cottrell,"Cottrell, Patrick",,"=""0063435063""","=""9780063435063""",0,Ecco,Hardcover,224,2026,,,2026/01/19,to-read,to-read (#2994),to-read,,,,0,0
341946,Tortuga,Rudolfo Anaya,"Anaya, Rudolfo",,"=""0826336248""","=""9780826336248""",0,UNM Press,Paperback,206,2004,1979,,2026/01/18,to-read,to-read (#2993),to-read,,,,0,0
65125,Alburquerque,Rudolfo Anaya,"Anaya, Rudolfo",,"=""0826340598""","=""9780826340597""",0,UNM Press,Paperback,286,2006,1992,,2026/01/18,to-read,to-read (#2992),to-read,,,,0,0
14362,"Bless Me, Ultima",Rudolfo Anaya,"Anaya, Rudolfo",,"=""0446675369""","=""9780446675369""",0,Grand Central Publishing,Paperback,290,1999,1972,,2026/01/18,to-read,to-read (#2992),to-read,,,,0,0
12117,"One, No One, and One Hundred Thousand",Luigi Pirandello,"Pirandello, Luigi",William Weaver,"=""0941419746""","=""9780941419741""",0,Marsilio Publishers,Paperback,174,1992,1925,,2026/01/17,to-read,to-read (#2991),to-read,,,,0,0
2623267,ഖസാക്കിന്റെ ഇതിഹാസം | Khasakkinte Ithihasam | The Legends of Khasak,ഒ.വി.വിജയൻ | O.V.Vijayan,"O.V.Vijayan, ഒ.വി.വിജയൻ |",,"=""8171301266""","=""9788171301263""",0,DC Books,Paperback,164,1990,1969,,2026/01/17,to-read,to-read (#2990),to-read,,,,0,0
1165806,Conversations in Sicily,Elio Vittorini,"Vittorini, Elio","Ernest Hemingway, Alane Salierno Mason","=""0811214559""","=""9780811214551""",0,New Directions,Paperback,202,2000,1941,,2026/01/17,to-read,to-read (#2989),to-read,,,,0,0
17735,"Light (Kefahuchi Tract, #1)",M. John Harrison,"Harrison, M. John",,"=""0553382950""","=""9780553382952""",0,Spectra,Paperback,310,2004,2002,,2026/01/17,to-read,to-read (#2988),to-read,,,,0,0
17742,The Course of the Heart,M. John Harrison,"Harrison, M. John",,"=""1597800406""","=""9781597800402""",0,Night Shade,Paperback,198,2006,1992,,2026/01/17,to-read,to-read (#2987),to-read,,,,0,0
1040534,Rituals,Cees Nooteboom,"Nooteboom, Cees",Adrienne Dixon,"=""0140157905""","=""9780140157901""",0,Penguin Books,Paperback,145,1992,1980,,2026/01/17,to-read,to-read (#2986),to-read,,,,0,0
322255,The Following Story,Cees Nooteboom,"Nooteboom, Cees",Ina Rilke,"=""015600254X""","=""9780156002547""",0,Harvest Books,Paperback,115,1996,1991,,2026/01/17,to-read,to-read (#2985),to-read,,,,0,0
227989309,On the Calculation of Volume III,Solvej Balle,"Balle, Solvej","Sophia Hersi Smith, Jennifer  Russell","=""0811238393""","=""9780811238397""",4.0,New Directions,Paperback,176,2025,2021,2026/01/17,2025/11/01,,,read,,,,1,0
226743876,Lightbreakers,Aja Gabel,"Gabel, Aja",,"=""0593329708""","=""9780593329702""",4.0,Riverhead Books,Hardcover,352,2025,2025,2026/01/16,2025/10/30,,,read,"Following quantum physicist Noah and artist Maya, Lightbreakers explores their separate journeys toward healing while touching on art, science, and time. I found the scientific concepts surprisingly accessible, and the evolution of Maya and Noah’s relationship was especially compelling.<br/><br/>There were a few moments that felt overly serious or dramatic, and occasionally lines that aimed for profundity came across as a little forced. I would have welcomed some comic relief to balance the weightier themes.<br/><br/>Still, I liked Lightbreakers more than I expected. It’s a beautifully written story about grief, memory, and love, with a thoughtful exploration of human connection.<br/><br/>Recommended for: readers who enjoy reflective, speculative fiction with emotional depth. Fans of The Time Traveler’s Wife or Sea of Tranquility may particularly appreciate this novel.<br/><br/>3.75/5 ⭐️ <br/>",,,1,0
224103430,Hot Wax,M.L. Rio,"Rio, M.L.",,"=""1668070022""","=""9781668070024""",3.0,Simon & Schuster,Hardcover,400,2025,2025,2026/01/16,2025/02/10,,,read,"ML Rio does rock ‘n roll!<br/><br/>In Hot Wax, her prose is polished and confident, with a dry humor that often landed for me. The dual timelines add some structural interest and allow moments to echo each other in subtle ways. The book is enjoyable when it slows down and leans into observation rather than performance.<br/><br/>That said, I was disappointed I didn’t have more of a connection to the characters, though it’s hard to pinpoint why I didn’t. This could still be great for other readers, but, unfortunately, it’s not a book I’m going to be rushing out to recommend, and I don’t think it’s going to stick in my memory for very long. ",,,1,0
222683974,The Loneliness of Sonia and Sunny,Kiran Desai,"Desai, Kiran",,"=""0307700151""","=""9780307700155""",3.0,Hogarth,Hardcover,670,2025,2025,2026/01/16,2025/08/28,,,read,"The Loneliness of Sonia and Sunny follows two Indian American siblings navigating questions of belonging and identity in the U.S. and later in India. The novel explores what it means to feel culturally split and emotionally unmoored, no matter which country you are in.<br/><br/>I liked this more than I disliked it, but I also struggled with it. The book felt long, but I understand why Desai gave it so much space. She’s attempting a broad portrait of what it means to grow up between cultures, shaped by migration, class, money, art, and family obligation, but that ambition often comes at the expense of pacing.<br/><br/>The novel frequently shifts focus to side characters. While these sections are thematically relevant, I consciously felt pulled away from the main characters. I can see how this fragmentation reflects the experience of growing up between cultures, but the emotional payoff didn’t always land for me.<br/><br/>Where the book worked best was in its quieter, more intimate moments, especially the relationship between Sonia and the artist, which captured tensions around creativity, desire, and self-definition.<br/><br/>This is an ambitious, contemplative work that sits alongside a lot of recent literary fiction that’s interested in questions of belonging and what it means to build a life across cultures. Ultimately, I admired what it was trying to do more than I enjoyed reading it.<br/><br/>3.25/5 ⭐️ ",,,1,0
92508,The Bridge of San Luis Rey,Thornton Wilder,"Wilder, Thornton",Russell Banks,"=""0060088877""","=""9780060088873""",3.0,Harper Perennial Modern Classics,Paperback,160,2003,1927,2026/01/16,2026/01/04,,,read,"Written in 1927, The Bridge of San Luis Rey reflects Wilder’s interest in medieval morality plays, classical tragedy, and Catholic and Stoic moral philosophy.<br/><br/>The novel begins with a sudden tragedy and follows a priest who attempts to understand whether human lives are governed by fate or by chance. In pursuing this question, the book examines the lives of several interconnected characters.<br/><br/>Structurally, it often feels like Wilder reverse-engineered a philosophical problem and then built a series of short character studies around it. That approach didn’t fully work for me. Still, the novel is doing more than staging a simple fate-versus-chance debate. Beneath the surface, it argues that the meaning of a life cannot be measured by logic, morality, or outcome.<br/><br/>Wilder is especially interested in misdirected love. The relationships he portrays are often obsessive, performative, or unbalanced, revealing how devotion can become isolating rather than sustaining.<br/><br/>I didn’t personally connect with the tone or the prose, which felt distant and deliberately allegorical. At times it read more like a collection of moral tales than a fully immersive novel.<br/><br/>The book ultimately offers a clear spiritual conclusion about love and meaning. While I understand what Wilder is reaching for, the novel didn’t convince me emotionally.<br/><br/>That said, it’s easy to see why The Bridge of San Luis Rey resonated with readers in its time. In the aftermath of World War I, it offered reassurance that even random loss could be reconciled with meaning, without relying on punishment or moral accounting.<br/><br/>In that sense, it feels less like a novel and more like a spiritual artifact of its moment.<br/><br/>2.5/5 ⭐️ ",,,1,0
14031,Palm of the Hand Stories,Yasunari Kawabata,"Kawabata, Yasunari","Lane Dunlop, J. Martin Holman","=""0374530491""","=""9780374530495""",0,"Farrar, Straus and Giroux",Paperback,262,2006,1971,,2026/01/16,to-read,to-read (#2984),to-read,,,,0,0
1678462,Cartucho / My Mother's Hands,Nellie Campobello,"Campobello, Nellie","Doris Meyer, Irene Matthews","=""0292711115""","=""9780292711112""",0,University of Texas Press,Paperback,129,1988,1987,,2026/01/16,to-read,to-read (#2983),to-read,,,,0,0
570510,Lilus Kikus and Other Stories,Elena Poniatowska,"Poniatowska, Elena","Leonora Carrington, Elizabeth Coonrod Martinez","=""0826335829""","=""9780826335821""",0,UNM Press,Paperback,135,2005,1954,,2026/01/16,to-read,to-read (#2982),to-read,,,,0,0
1734581,Canek,Ermilo Abreu Gómez,"Gómez, Ermilo Abreu",,"=""0307274160""","=""9780307274168""",0,Debolsillo,Mass Market Paperback,116,2005,1940,,2026/01/16,to-read,to-read (#2981),to-read,,,,0,0
352582,The Night of the Hunter,Davis Grubb,"Grubb, Davis",,"=""1596542292""","=""9781596542297""",0,Black Mask,Paperback,198,2008,1953,,2026/01/16,to-read,to-read (#2980),to-read,,,,0,0
913824,Horace Afoot (Vintage Contemporaries),Frederick Reuss,"Reuss, Frederick",,"=""0375703780""","=""9780375703782""",0,Knopf Doubleday Publishing Group,Paperback,288,1998,1997,,2026/01/16,to-read,to-read (#2979),to-read,,,,0,0
227761587,Pedro the Vast,Simón López Trujillo,"Trujillo, Simón López",Robin Myers,"=""1643757105""","=""9781643757100""",0,Algonquin Books,Paperback,144,2026,2021,,2026/01/16,to-read,to-read (#2978),to-read,,,,0,0
56733003,A Question of Upbringing (A Dance to the Music of Time #1),Anthony  Powell,"Powell, Anthony",,"=""0099472384""","=""9780099472384""",0,Arrow,Paperback,256,2021,1951,,2026/01/15,to-read,to-read (#2977),to-read,,,,0,0
91359,The Devil's Highway: A True Story,Luis Alberto Urrea,"Urrea, Luis Alberto",,"=""0316010804""","=""9780316010801""",0,Back Bay Books,Paperback,239,2004,2004,,2026/01/15,to-read,to-read (#2976),to-read,,,,0,0
109487,Blood and Thunder: An Epic of the American West,Hampton Sides,"Sides, Hampton",,"=""0385507771""","=""9780385507776""",0,Doubleday,Hardcover,460,2006,2006,,2026/01/15,to-read,to-read (#2975),to-read,,,,0,0
214614,Desert Solitaire,Edward Abbey,"Abbey, Edward",,"=""0345326490""","=""9780345326492""",0,Ballantine Books,Mass Market Paperback,337,1971,1968,,2026/01/15,to-read,to-read (#2974),to-read,,,,0,0
8911226,Doc,Mary Doria Russell,"Russell, Mary Doria",,"=""1400068045""","=""9781400068043""",0,Random House,Hardcover,394,2011,2011,,2026/01/15,to-read,to-read (#2973),to-read,,,,0,0
34964885,Gods of Howl Mountain,Taylor  Brown,"Brown, Taylor",,"=""1250111773""","=""9781250111777""",0,St. Martin's Press,Hardcover,304,2018,2018,,2026/01/15,to-read,to-read (#2972),to-read,,,,0,0
60417483,Trespasses,Louise Kennedy,"Kennedy, Louise",,"=""0593540891""","=""9780593540893""",0,Riverhead Books,Hardcover,292,2022,2022,,2026/01/12,to-read,to-read (#2971),to-read,,,,0,0
242483668,Stations,Louise Kennedy,"Kennedy, Louise",,"=""1526664305""","=""9781526664303""",0,Bloomsbury Circus,Kindle Edition,304,2026,,,2026/01/12,to-read,to-read (#2970),to-read,,,,0,0
200884834,Cien cuyes [One Hundred Guinea Pigs],Gustavo Rodríguez,"Rodríguez, Gustavo",,"=""""","=""""",0,Penguin Random House Audio,Audible Audio,,2023,2023,,2026/01/12,to-read,to-read (#2969),to-read,,,,0,0
241174585,Wimmy Road Boyz,Sufiyaan Salam,"Salam, Sufiyaan",,"=""1529952654""","=""9781529952650""",0,Merky Books Digital,Kindle Edition,384,2026,2026,,2026/01/12,to-read,to-read (#2968),to-read,,,,0,0
239958248,At Sea,Y.M. Abdel-Magied,"Abdel-Magied, Y.M.",,"=""103901495X""","=""9781039014954""",0,Random House Canada,Kindle Edition,241,2026,,,2026/01/12,to-read,to-read (#2967),to-read,,,,0,0
235260861,John of John,Douglas   Stuart,"Stuart, Douglas",,"=""0802167195""","=""9780802167194""",0,Grove Press,Hardcover,416,2026,2026,,2026/01/12,to-read,to-read (#2966),to-read,,,,0,0
238226991,London Falling: A Mysterious Death in a Gilded City and a Family's Search for Truth,Patrick Radden Keefe,"Keefe, Patrick Radden",,"=""0385548532""","=""9780385548533""",0,Doubleday,Hardcover,361,2026,2026,,2026/01/12,to-read,to-read (#2965),to-read,,,,0,0
212116951,Tarántula,Eduardo Halfon,"Halfon, Eduardo",,"=""8419089885""","=""9788419089885""",0,Libros del Asteroide,Paperback,184,2024,2024,,2026/01/12,to-read,to-read (#2964),to-read,,,,0,0
237381882,Strangerland,Monika Radojevic,"Radojevic, Monika",,"=""1529918766""","=""9781529918762""",0,Merky Books Digital,Kindle Edition,344,2026,,,2026/01/12,to-read,to-read (#2963),to-read,,,,0,0
236251571,As If,Isabel Waidner,"Waidner, Isabel",,"=""1405981628""","=""9781405981620""",0,Penguin,Kindle Edition,177,2026,2026,,2026/01/12,to-read,to-read (#2962),to-read,,,,0,0
62888185,Monstrilio,Gerardo Sámano Córdova,"Córdova, Gerardo Sámano",,"=""1638930376""","=""""",5.0,Zando,Kindle Edition,306,2023,2023,2025/06/26,2024/06/14,favorites,favorites (#17),read,"Monstrilio is a dark, tender, and gloriously unhinged meditation on grief that refuses to behave like a traditional grief narrative. It explores love after loss, and what happens when that love is allowed to curdle, mutate, and take on a life of its own.<br/><br/>The story follows a mother and aunt who, after an unspeakable tragedy, quite literally refuse to let go. What begins as an act of desperate devotion slowly becomes something unsettling. The novel asks uncomfortable questions. How much of grief is about honoring the dead, and how much is about soothing the living? When does love stop being love and become something monstrous?<br/><br/>What makes Monstrilio so compelling is its tonal balancing act. The book contains grotesque body horror yet it is also at times deeply emotional and sincere. The horror never feels gratuitous because it externalizes the interior experience of grief.<br/><br/>Beneath the strangeness is a deeply human story about family, identity, generational trauma, and the terror of loving something you cannot save.<br/><br/>This is not a book for readers looking for familiar comfort. Monstrilio is for those who appreciate literary horror, grief narratives that resist sentimentality, and stories that are willing to sit in moral ambiguity. It understands that grief can be a kind of monster if we refuse to let it die.<br/><br/>Trigger warnings:<br/>Child death<br/>Graphic depictions of grief<br/>Body horror<br/>Gore<br/>Emotional abuse<br/>Obsessive behavior<br/>Self-harm themes (non-graphic)<br/><br/>If you are drawn to books that blur the line between literary fiction and horror and you are open to being unsettled in deeply emotional ways, this one is unforgettable.",,,1,0
231681131,Steppe,Oksana Vasyakina,"Vasyakina, Oksana",Elina Alter,"=""1646223071""","=""9781646223077""",0,Catapult,Hardcover,240,2026,2022,,2026/01/12,to-read,to-read (#2961),to-read,,,,0,0
7831,Run River (Vintage International),Joan Didion,"Didion, Joan",,"=""0679752501""","=""9780679752509""",0,Vintage,Paperback,272,1994,1963,,2026/01/11,to-read,to-read (#2960),to-read,,,,0,0
43183121,The Science of Storytelling,Will Storr,"Storr, Will",,"=""""","=""""",0,William Collins,ebook,144,2019,2019,,2026/01/11,to-read,to-read (#2959),to-read,,,,0,0
32805475,Save the Cat! Writes a Novel,Jessica Brody,"Brody, Jessica",,"=""""","=""""",0,Ten Speed Press,Paperback,320,2018,2018,,2026/01/11,to-read,to-read (#2958),to-read,,,,0,0
10569,On Writing: A Memoir of the Craft,Stephen  King,"King, Stephen",,"=""0743455967""","=""9780743455961""",5.0,Pocket Books,Mass Market Paperback,320,2002,2000,2026/01/11,2022/01/07,,,read,,,,1,0
8695,"The Restaurant at the End of the Universe (The Hitchhiker's Guide to the Galaxy, #2)",Douglas Adams,"Adams, Douglas",,"=""""","=""""",0,Del Rey,Paperback,250,2005,1980,,2026/01/11,to-read,to-read (#2957),to-read,,,,0,0
24727,East Is East (Contemporary American Fiction),T. Coraghessan Boyle,"Boyle, T. Coraghessan",,"=""0140131671""","=""9780140131673""",0,Penguin Publishing Group,Paperback,364,1991,1990,,2026/01/11,to-read,to-read (#2956),to-read,,,,0,0
83422,A Dark-Adapted Eye,Barbara Vine,"Vine, Barbara",Ruth Rendell,"=""0452270642""","=""9780452270640""",0,Plume,Mass Market Paperback,278,1993,1986,,2026/01/11,to-read,to-read (#2955),to-read,,,,0,0
50365,"A Suitable Boy (A Bridge of Leaves, #1)",Vikram Seth,"Seth, Vikram",,"=""0060786523""","=""9780060786526""",0,Harper Perennial Modern Classics,Paperback,1474,2005,1993,,2026/01/11,to-read,to-read (#2954),to-read,,,,0,0
10222,The Far Pavilions,M.M. Kaye,"Kaye, M.M.",,"=""031215125X""","=""9780312151256""",0,St. Martin's Griffin,Paperback,958,1997,,,2026/01/11,to-read,to-read (#2953),to-read,,,,0,0
1422264,Clarissa,Stefan Zweig,"Zweig, Stefan",Jean-Claude Capèle,"=""2253095281""","=""9782253095286""",0,Le Livre de Poche,Mass Market Paperback,240,1995,1941,,2026/01/11,to-read,to-read (#2952),to-read,,,,0,0
240114921,Heap Earth Upon It,Chloe Michelle Howarth,"Howarth, Chloe Michelle",,"=""1685892531""","=""9781685892531""",0,Melville House,Paperback,288,2026,2025,,2026/01/11,to-read,to-read (#2951),to-read,,,,0,0
227989313,On the Calculation of Volume IV,Solvej Balle,"Balle, Solvej","Sophia Hersi Smith, Jennifer  Russell","=""0811238415""","=""9780811238410""",0,New Directions,Paperback,176,2024,2022,,2026/01/10,to-read,to-read (#2950),to-read,,,,0,0
233008942,Crux,Gabriel Tallent,"Tallent, Gabriel",,"=""0593714180""","=""9780593714188""",5.0,Riverhead Books,Hardcover,416,2026,2026,2026/01/10,2025/12/09,,,read,"Thank you to Penguin Random House / Riverhead Books and NetGalley for the opportunity to read the advance reader copy of Crux in exchange for an honest review. All opinions are my own.<br/><br/>“I wanted a guarantee. But that’s not how it works. You find out by trying.”<br/><br/>That line captures the emotional heart of Crux, a novel that is as funny and tender as it is painfully honest.<br/><br/>Crux follows two longtime friends standing at a crossroads, trying to decide what kind of lives they are willing to live and what compromises they can survive.<br/><br/>What immediately stood out to me was the humor. Tallent's understanding of how people are funny with each other shines, and the banter on the page feels natural. The comedy becomes part of how the characters survive fear and uncertainty, and it never undercuts the seriousness of what the novel is doing.<br/><br/>Beneath that humor is an examination of meaning, ambition, and disillusionment. The book captures the dread of wasting your life, of grinding toward something you no longer believe in, and of realizing the world may not offer what you felt it promised.<br/><br/>Tallent renders the friendship at the center of Crux with emotional precision. I believed in it completely, and I cared deeply about both characters. Their interior lives are portrayed with sincerity. Their thoughts spiral, contradict themselves, and loop back in ways that feel true to how real minds work. Through this, the novel reveals how closely the desire to be exceptional is tied to the desire to be loved.<br/><br/>The book is steeped in climbing terminology, but the most important term is the titular one. A crux is the most difficult moment in a climb. The climbing metaphor that runs through the novel is especially effective, particularly when Tallent writes, “It’s cruxes that matter. The top is only a symbol.” The hardest moment, not the outcome, is what defines you.<br/><br/>Even as it wrestles with fear and uncertainty, the book feels funny, emotionally generous, and quietly hopeful, the kind of novel that leaves you reflective but satisfied.<br/><br/>Ultimately, Crux is about choosing to step into uncertainty without guarantees. It is about trying anyway and about making meaning rather than waiting for it to appear. That is what made this a five-star read for me. It felt true to friendship, to fear, to ambition, and to the terrifying freedom of realizing that no one is going to hand you meaning. You have to step into it yourself.<br/><br/>Recommended for readers who love character-driven literary fiction, sharp dialogue, and books that ask hard questions without offering easy answers.<br/><br/>Note: This novel contains themes of grief, child abuse, mental health struggles, substance use, and existential despair, all handled thoughtfully and with care.",,,1,0
242167423,"How to Hold Someone In Your Heart (Lost Souls, #2)",Mizuki Tsujimura,"Tsujimura, Mizuki",Yuki Tejima,"=""166809987X""","=""9781668099872""",0,Scribner,Paperback,224,2026,2019,,2026/01/10,to-read,to-read (#2949),to-read,,,,0,0
16842,A Single Man,Christopher Isherwood,"Isherwood, Christopher",,"=""0816638624""","=""9780816638628""",4.0,Univ Of Minnesota Press,Paperback,186,2001,1964,2026/01/09,2022/01/13,,,read,"Wait...what?!<br/><br/>A Single Man completely caught me off guard, and not just because I went into reading it blind. It starts out charming and then quietly slides into absurdity.<br/><br/>The novel follows George, a middle-aged man moving through a single day in LA after the death of his partner, Jim. Very little happens externally, but internally the book is buzzing with grief, desire, irritation, and razor-sharp social observation. <br/><br/>George’s voice is the book’s greatest strength. It’s dry, intelligent, funny, and painfully self-aware. At one point he thinks, “Yes, I am crazy. That is my secret; my strength,” a line that perfectly captures how Isherwood allows irony, defiance, and vulnerability to coexist. The narration balances detachment and emotional precision without tipping into sentimentality.<br/><br/>Structurally and tonally, this reminded me of Woolf's ""Mrs. Dalloway""-- a book that compress a life’s worth of emotion into a narrow window of time and rely on interiority rather than plot. If you like literary fiction that feels controlled on the surface but emotionally volatile underneath, this is very much in that vein.<br/><br/>And, oh man, at the end of the novel, Isherwood doesn’t soften the landing at all. He goes out with a bang. The tonal shift may be abrupt and unsettling, but it works. Instead of offering comfort or closure, the novel insists on randomness, mortality, and the illusion of control. It’s the kind of ending that makes you pause and think, ""wait—what just happened?"" and then, slowly, ""oh!"".<br/><br/>A Single Man is smart, strange, and memorable. I’d recommend it to anyone who enjoy sharp narrative voices, character-driven literary fiction, and books that aren’t afraid to end on a dark or unexpected note.",,,1,0
113091,A Death in the Family (Vintage International),James Agee,"Agee, James",,"=""0375701230""","=""9780375701238""",0,Vintage,Paperback,320,1998,1957,,2026/01/09,to-read,to-read (#2948),to-read,,,,0,0
156390,The Death of Jim Loney,James Welch,"Welch, James",,"=""0140102914""","=""9780140102918""",0,Penguin Books,Paperback,192,1987,1979,,2026/01/09,to-read,to-read (#2947),to-read,,,,0,0
60737,A Summons to Memphis,Peter Taylor,"Taylor, Peter",,"=""0375701176""","=""9780375701177""",0,Vintage,Paperback,209,1999,1986,,2026/01/09,to-read,to-read (#2946),to-read,,,,0,0
110996,House Made of Dawn,N. Scott Momaday,"Momaday, N. Scott",,"=""0072434201""","=""9780072434200""",3.0,McGraw-Hill Education,Paperback,198,2000,1968,2026/01/09,2025/12/19,,,read,"House of Dawn is one of those novels you approach with a lot of respect before you even open it. As a cornerstone of the modern Native American literary canon (and the book often credited with launching the Native American Renaissance), it carries real historical and cultural weight. I absolutely understand why this book matters. I just didn’t fully connect with it as a reading experience.<br/><br/>House of Dawn follows Abel, a young Jemez Pueblo man returning home after serving in WWII. He’s deeply alienated from white America, from his community, and often from himself. The novel traces his fragmentation and gradual movement toward healing through ceremony, memory, and reconnection with land and tradition. It’s a story about displacement, trauma, and the difficulty of re-entering a world that no longer feels like it fits.<br/><br/>If you’re familiar with Leslie Marmon Silko’s Ceremony, you’ll notice a lot of parallels here. Both novels center on a Native American veteran returning home and grappling with the dislocation of war, the trauma of cultural disruption, and the struggle to reclaim identity through ritual and connection to the land. The thematic and structural similarities are striking, but I think I’d actually recommend Ceremony over House of Dawn for readers seeking a more immersive and emotionally resonant experience. That said, House of Dawn could serve as a useful precursor: reading it first can gently introduce the motifs and narrative style that Silko expands upon so powerfully.<br/><br/>Momaday’s spare, lyrical prose is undeniably beautiful, especially when describing landscape or ritual, though the abrupt shifts in time and perspective sometimes made scenes hard to follow—I often admired the sentences more than I fully grasped the story.<br/><br/>Abel himself remains more symbolic than intimate, and the loose, unevenly paced plot mirrors his dislocation but can feel disorienting, with some sections dragging and others rushing by. The novel relies heavily on description over dialogue, which works in moments of ceremony but adds to the distance between reader and character; when dialogue does appear, it’s stark and powerful, though brief. The ending, focused on ritual rather than resolution, feels thematically appropriate but emotionally muted.<br/><br/>Where House of Dawn truly shines is in its thematic depth: identity, colonial violence, masculinity, spiritual rupture, and the possibility of healing through tradition are all handled with care. The novel’s ambition and originality reshaped the literary landscape, opening doors for countless Indigenous writers who followed.<br/><br/>Overall, House of Dawn is a novel I respect but didn’t love. Its literary influence is undeniable, but I found it more intellectually compelling than emotionally absorbing.<br/><br/>Who I think this book is for:<br/>Readers interested in Indigenous literature and novels that prioritize theme, symbolism, and atmosphere over plot. If you enjoy challenging, fragmented narratives and don’t mind some distance between yourself and the characters, this may resonate more strongly.<br/><br/>I’m glad I read House of Dawn, but it wasn’t quite the connection I hoped for.<br/><br/>⭐️ 2.75/5",,,1,0
44594917,A Sportsman's Notebook: Stories,Ivan Turgenev,"Turgenev, Ivan",Daniyal Mueenuddin,"=""0062968483""","=""9780062968487""",0,Ecco,ebook,416,2020,1852,,2026/01/09,to-read,to-read (#2945),to-read,,,,0,0
231363119,This Is Where the Serpent Lives,Daniyal Mueenuddin,"Mueenuddin, Daniyal",,"=""0525655158""","=""9780525655152""",0,Knopf,Hardcover,368,2026,2026,,2026/01/09,to-read,to-read (#2944),to-read,,,,0,0
236117060,The Valley of Vengeful Ghosts,Kim Fu,"Fu, Kim",,"=""1963108698""","=""9781963108699""",0,Tin House,Paperback,240,2026,2026,,2026/01/09,to-read,to-read (#2943),to-read,,,,0,0
242765290,The Intrigue,Silvia Moreno-Garcia,"Moreno-Garcia, Silvia",,"=""0593874358""","=""9780593874356""",0,Del Rey,Hardcover,323,2026,2026,,2026/01/09,to-read,to-read (#2942),to-read,,,,0,0
54633172,The Promise,Damon Galgut,"Galgut, Damon",,"=""1784744069""","=""9781784744069""",0,Chatto & Windus,Hardcover,293,2021,2021,,2026/01/08,to-read,to-read (#2941),to-read,,,,0,0
39656141,Lord of the Butterflies (Button Poetry),Andrea Gibson,"Gibson, Andrea",,"=""1943735425""","=""9781943735426""",0,Button Poetry,Paperback,95,2018,2018,,2026/01/08,to-read,to-read (#2940),to-read,,,,0,0
58464584,You Better Be Lightning,Andrea Gibson,"Gibson, Andrea",,"=""1943735999""","=""9781943735990""",0,Button Poetry,Paperback,115,2021,2021,,2026/01/08,to-read,to-read (#2939),to-read,,,,0,0
12193298,The Madness Vase,Andrea Gibson,"Gibson, Andrea",,"=""193590437X""","=""9781935904373""",0,Write Bloody Publishing,Paperback,120,2011,2011,,2026/01/08,to-read,to-read (#2938),to-read,,,,0,0
175678711,The Book Censor's Library,Bothayna Al-Essa,"Al-Essa, Bothayna","Sawad Hussain, Ranya Abdelrahman","=""1632063344""","=""9781632063342""",0,Restless Books,Paperback,263,2024,2019,,2026/01/08,to-read,to-read (#2937),to-read,,,,0,0
1961544,Sundown,John Joseph Mathews,"Mathews, John Joseph",,"=""0806121602""","=""9780806121604""",0,University of Oklahoma Press,Paperback,329,1988,1979,,2026/01/07,to-read,to-read (#2936),to-read,,,,0,0
232241619,A Beast Slinks Towards Beijing,Alice Evelyn Yang,"Yang, Alice Evelyn",,"=""0063419297""","=""9780063419292""",0,William Morrow,Hardcover,360,2026,2026,,2026/01/07,to-read,to-read (#2935),to-read,,,,0,0
244967304,All Our Evenings,Ruthvika Rao,"Rao, Ruthvika",,"=""1250419352""","=""9781250419354""",0,Flatiron Books,Paperback,192,2026,,,2026/01/07,to-read,to-read (#2934),to-read,,,,0,0
13189472,Ferdydurke,Witold Gombrowicz,"Gombrowicz, Witold","Danuta Borchardt, Susan Sontag","=""0300181671""","=""9780300181678""",0,Yale University Press,Paperback,308,2012,1937,,2026/01/05,to-read,to-read (#2933),to-read,,,,0,0
45895362,How Much of These Hills Is Gold,C Pam Zhang,"Zhang, C Pam",,"=""0525537201""","=""9780525537205""",0,Riverhead Books,Hardcover,288,2020,2020,,2026/01/05,to-read,to-read (#2932),to-read,,,,0,0
52873,The Lone Ranger and Tonto Fistfight in Heaven,Sherman Alexie,"Alexie, Sherman",,"=""0802141676""","=""9780802141675""",0,Grove Press,Paperback,242,2005,1993,,2026/01/05,to-read,to-read (#2931),to-read,,,,0,0
845868,The Surrounded (Zia Books),D'Arcy McNickle,"McNickle, D'Arcy",Lawrence W. Towner,"=""0826304699""","=""9780826304698""",0,University of New Mexico Press,Paperback,315,1978,1978,,2026/01/05,to-read,to-read (#2930),to-read,,,,0,0
197753,Custer Died for Your Sins: An Indian Manifesto,Vine Deloria Jr.,"Jr., Vine Deloria",,"=""0806121297""","=""9780806121291""",0,University of Oklahoma Press,Paperback,278,1988,1969,,2026/01/05,to-read,to-read (#2929),to-read,,,,0,0
30687200,The Stranger in the Woods: The Extraordinary Story of the Last True Hermit,Michael Finkel,"Finkel, Michael",Mark Bramhall,"=""1101924926""","=""9781101924921""",5.0,Books on Tape,Audio CD,209,2017,2017,2025/12/21,2025/12/10,,,read,"The Stranger in the Woods is much more than the true story of a man who lived alone in the Maine wilderness for decades. It seeks to explain why he abandoned his former life and becomes a meditation on solitude, meaning, restlessness, and the subtle sense that something essential is always missing in modern life. Yet the book reminds us that “life isn't about searching endlessly to find what's missing. It's about learning to live with the missing parts.”<br/><br/>I’ve always been fascinated by the concept of hermits and what motivates someone to choose isolation, and this book approaches that curiosity with nuance rather than judgment. It asks questions most of us avoid facing: when we are truly alone, with no audience and no one to perform for, who are we? Do we lose our identity? It challenges readers to examine their relationship with solitude, comfort, and the rhythms of daily life, and to consider how we navigate purpose, connection, and intentional living.<br/><br/>The Stranger in the Woods is a deeply absorbing read, one I know I’ll return to again and again. Though it is grounded in a single man’s life, it resonates universally, reframing solitude, reflection, and self-discovery in ways that feel urgently relevant today. This book doesn’t just tell a story—it changes the way you see your own.<br/><br/>This book is for readers who enjoy thoughtful nonfiction that includes philosophical questions.  It's well worth your time if you’re drawn to books about the tension between modern life and inner stillness.",,,1,0
241407486,"Hot Chocolate on Thursday (Marble Cafe, #1)",Michiko Aoyama,"Aoyama, Michiko",E. Madison Shimoda,"=""1335001913""","=""9781335001917""",0,Hanover Square Press,Hardcover,208,2026,2017,,2026/01/05,to-read,to-read (#2928),to-read,,,,0,0
272614,Fup,Jim Dodge,"Dodge, Jim",,"=""0933944047""","=""9780933944046""",0,City Miner Books,Paperback,59,1986,1983,,2026/01/04,to-read,to-read (#2927),to-read,,,,0,0
526652,Stone Junction,Jim Dodge,"Dodge, Jim",Thomas Pynchon,"=""0802135854""","=""9780802135858""",0,Grove Press,Paperback,384,1998,1990,,2026/01/04,to-read,to-read (#2926),to-read,,,,0,0
753252,The Marriage of Cadmus and Harmony,Roberto Calasso,"Calasso, Roberto",Tim Parks,"=""0679733485""","=""9780679733485""",0,Vintage,Paperback,416,1994,1988,,2026/01/04,to-read,to-read (#2925),to-read,,,,0,0
36348245,The Dead,Christian Kracht,"Kracht, Christian",Daniel Bowles,"=""0374139679""","=""9780374139674""",0,"Farrar, Straus and Giroux",Hardcover,240,2018,2016,,2026/01/04,to-read,to-read (#2924),to-read,,,,0,0
561413,The Tree of Man,Patrick White,"White, Patrick",,"=""0099324512""","=""9780099324515""",0,Vintage,Paperback,480,1994,1955,,2026/01/04,to-read,to-read (#2923),to-read,,,,0,0
59723969,Carnality,Lina Wolff,"Wolff, Lina",Frank Perry,"=""1635420741""","=""9781635420746""",0,Other Press,Paperback,360,2022,2019,,2026/01/04,to-read,to-read (#2922),to-read,,,,0,0
199056181,The Skunks,Fiona Warnick,"Warnick, Fiona",,"=""1959030612""","=""9781959030614""",0,Tin House Books,Paperback,240,2024,2024,,2026/01/04,to-read,to-read (#2921),to-read,,,,0,0
40940157,Swamplandia!,Karen Russell,"Russell, Karen",,"=""""","=""""",0,Vintage,Kindle Edition,418,2011,2011,,2026/01/04,to-read,to-read (#2920),to-read,,,,0,0
222888459,Blood Book: 'A sensation' - Service95,Kim de l'Horizon,"l'Horizon, Kim de",Jamie Lee Searle,"=""1399731459""","=""9781399731454""",0,Sceptre,Kindle Edition,298,2025,2022,,2026/01/04,to-read,to-read (#2919),to-read,,,,0,0
58999261,Time Shelter,Georgi Gospodinov,"Gospodinov, Georgi",Angela Rodel,"=""1324090952""","=""9781324090953""",0,Liveright,Hardcover,304,2022,2020,,2026/01/03,to-read,to-read (#2918),to-read,,,,0,0
223736245,Death and the Gardener,Georgi Gospodinov,"Gospodinov, Georgi",Angela Rodel,"=""1324097299""","=""9781324097297""",0,Liveright,Hardcover,224,2025,2024,,2026/01/03,to-read,to-read (#2917),to-read,,,,0,0
7628,The Good Soldier: A Tale of Passion,Ford Madox Ford,"Ford, Ford Madox","Kenneth Womack, William Baker","=""1551113813""","=""9781551113814""",0,Broadview Press,Paperback,368,2003,1915,,2022/06/02,currently-reading,currently-reading (#6),currently-reading,,,,1,0
76527,"The Life and Opinions of Tristram Shandy, Gentleman",Laurence Sterne,"Sterne, Laurence","Joan New, Melvyn New","=""0141439777""","=""9780141439778""",0,Penguin Classics,Paperback,735,2003,1767,,2024/01/05,currently-reading,currently-reading (#5),currently-reading,,,,1,0
220409620,When the Museum Is Closed,Emi Yagi,"Yagi, Emi",Yuki Tejima,"=""1787304647""","=""9781787304642""",0,Harvill Secker,Paperback,160,2025,2023,,2026/01/02,to-read,to-read (#2916),to-read,,,,0,0
238969853,Hooked,Asako Yuzuki,"Yuzuki, Asako",Polly Barton,"=""0063442418""","=""9780063442412""",0,Ecco,Paperback,400,2026,2015,,2026/01/02,to-read,to-read (#2915),to-read,,,,0,0
237100535,Python's Kiss,Louise Erdrich,"Erdrich, Louise",,"=""0063375001""","=""9780063375000""",0,Harper,Hardcover,240,2026,2026,,2026/01/02,to-read,to-read (#2914),to-read,,,,0,0
231681778,Discipline,Larissa Pham,"Pham, Larissa",,"=""0593979648""","=""9780593979648""",0,Random House,Hardcover,224,2026,2026,,2026/01/02,to-read,to-read (#2913),to-read,,,,0,0
232121125,Discipline,Larissa Pham,"Pham, Larissa",,"=""0593979656""","=""9780593979655""",0,Random House,Kindle Edition,203,2026,2026,,2026/01/02,to-read,to-read (#2912),to-read,,,,0,0
57693171,Olga Dies Dreaming,Xóchitl González,"González, Xóchitl",,"=""1250786177""","=""9781250786173""",0,Flatiron Books,Hardcover,369,2022,2022,,2026/01/02,to-read,to-read (#2911),to-read,,,,0,0
231126916,Last Night in Brooklyn,Xóchitl González,"González, Xóchitl",,"=""1250372038""","=""9781250372031""",0,Flatiron Books,Hardcover,256,2026,2026,,2026/01/02,to-read,to-read (#2910),to-read,,,,0,0
235992117,Nonesuch,Francis Spufford,"Spufford, Francis",,"=""1668214377""","=""9781668214374""",0,Scribner,Hardcover,496,2026,2026,,2026/01/02,to-read,to-read (#2909),to-read,,,,0,0
235992127,Just Watch Me,Lior Torenberg,"Torenberg, Lior",,"=""1668091186""","=""9781668091180""",0,Avid Reader Press / Simon & Schuster,Hardcover,288,2026,2026,,2026/01/02,to-read,to-read (#2908),to-read,,,,0,0
58107,Bobby Fischer Teaches Chess,Bobby Fischer,"Fischer, Bobby","Stuart Margulies, Don Mosenfelder","=""0553263153""","=""9780553263152""",0,Bantam,Paperback,352,1982,1966,,2026/01/02,to-read,to-read (#2907),to-read,,,,0,0
8264505,Endgame: Bobby Fischer's Remarkable Rise and Fall—From America's Brightest Prodigy to the Edge of Madness,Frank Brady,"Brady, Frank",,"=""0307463907""","=""9780307463906""",0,Crown,Hardcover,402,2011,2011,,2026/01/02,to-read,to-read (#2906),to-read,,,,0,0
54275850,The Night Always Comes,Willy Vlautin,"Vlautin, Willy",,"=""0063035081""","=""9780063035089""",0,Harper,Hardcover,208,2021,2021,,2026/01/01,to-read,to-read (#2905),to-read,,,,0,0
29358559,Upstream: Selected Essays,Mary Oliver,"Oliver, Mary",,"=""1594206708""","=""9781594206702""",0,Penguin Press,Hardcover,178,2016,2016,,2026/01/01,to-read,to-read (#2904),to-read,,,,0,0
24482,A Sorrow Beyond Dreams,Peter Handke,"Handke, Peter","Ralph Manheim, Jeffrey Eugenides","=""1590170199""","=""9781590170199""",0,New York Review of Books,Paperback,76,2002,1972,,2026/01/01,to-read,to-read (#2903),to-read,,,,0,0
238227114,The Penguin Book of the International Short Story,Rabih Alameddine,"Alameddine, Rabih","John Freeman, Haruki Murakami, Nona Fernández, Gunnhild Øyehaug, Mariana Henriquez, Mia Coto, Colm Tóibín, Mieko Kawakami, Edwidge Danticat, Scholastisque Mukasonga, Tahmima Anam, Eka Kurniawan, Rawaa Sonbol, Zanta Nkumane, Jamaica Kincaid, Han Kang, Can Xue, Zoë Wicomb, Diao Duo, Carol Bensimon, Ted Chiang, Olga Tokarczuk, Marie NDiaye, Mo Yan, Lana Bastašić, Pedro Lemebel, Salman Rushdie, Abdellah Taïa, Paxima Mojavezi, Linnea Axelsson, Adania Shibli, Aleksandar Hemon, Christina Rivera Garza, Samanta Schweblin","=""0593834135""","=""9780593834138""",0,Penguin Press,Hardcover,448,2026,2026,,2026/01/01,to-read,to-read (#2902),to-read,,,,0,0
20587888,Here,Richard McGuire,"McGuire, Richard",,"=""0241145961""","=""9780241145968""",0,Hamish Hamilton,Hardcover,304,2014,2014,,2025/12/31,to-read,to-read (#2901),to-read,,,,0,0
235992776,The Seven Daughters of Dupree,Nikesha Elise Williams,"Williams, Nikesha Elise",,"=""166805194X""","=""9781668051948""",0,Gallery/Scout Press,Hardcover,336,2026,2026,,2025/12/31,to-read,to-read (#2900),to-read,,,,0,0
42749519,No Archive Will Restore You,Julietta Singh,"Singh, Julietta",,"=""1947447858""","=""9781947447851""",0,Punctum Books,Paperback,118,2018,2018,,2025/12/30,to-read,to-read (#2899),to-read,,,,0,0
241073002,Making Space (The Time Traveler's Passport),R.F. Kuang,"Kuang, R.F.",,"=""1662531109""","=""9781662531101""",3.0,Amazon Original Stories,Kindle Edition,32,2025,2025,2025/12/30,2025/12/30,,,read,,,,1,0
221556358,Muckle Flugga,Michael  Pedersen,"Pedersen, Michael",,"=""0571387764""","=""9780571387762""",0,Faber & Faber,Kindle Edition,328,2025,2025,,2025/12/30,to-read,to-read (#2898),to-read,,,,0,0
235992589,Tilt,Emma Pattee,"Pattee, Emma",,"=""1668055481""","=""9781668055489""",0,Scribner,Paperback,240,2025,2025,,2025/12/30,to-read,to-read (#2897),to-read,,,,0,0
10922,Riprap and Cold Mountain Poems,Gary Snyder,"Snyder, Gary",,"=""1593760159""","=""9781593760151""",0,Shoemaker & Hoard,Paperback,80,2003,1969,,2025/12/29,to-read,to-read (#2896),to-read,,,,0,0
67140,Boredom,Alberto Moravia,"Moravia, Alberto","Angus Davidson, William Weaver","=""1590171217""","=""9781590171219""",0,NYRB Classics,Paperback,320,2004,1960,,2025/12/29,to-read,to-read (#2895),to-read,,,,0,0
67141,Contempt,Alberto Moravia,"Moravia, Alberto","Tim Parks, Angus Davidson","=""1590171225""","=""9781590171226""",0,NYRB Classics,Paperback,251,2004,1954,,2025/12/29,to-read,to-read (#2894),to-read,,,,0,0
412732,The Dharma Bums,Jack Kerouac,"Kerouac, Jack",,"=""""","=""""",5.0,Penguin Books,Paperback,244,1986,1958,2025/12/29,2023/05/22,,,read,"“I wanted to...go off somewhere and find perfect solitude and look into the perfect emptiness of my mind and be completely neutral from any and all ideas.""<br/>“I saw that my life was a vast glowing empty page and I could do anything I wanted.”<br/>""...I felt free and therefore I was free.""<br/><br/>If you’ve only read On the Road, you’re missing out on Kerouac’s more mature, reflective work: The Dharma Bums. This is the Kerouac for readers drawn to nature writing, spiritual seeking, and the feeling of wanting less while wanting everything.<br/><br/>Where On the Road is velocity and appetite, The Dharma Bums slows down, and asks harder questions: how to live freely without becoming careless, how to seek enlightenment without abandoning joy, how to belong to the world without being owned by it.<br/><br/>Written in the late 1950s, at a moment when postwar America was accelerating toward conformity, consumerism, and Cold War anxiety, The Dharma Bums captures young people turning eastward, inward, and toward the natural world in search of meaning. Kerouac’s embrace of Zen Buddhism, environmental awareness, and voluntary simplicity would go on to shape the 1960s counterculture. In The Dharma Bums, this shift still feels intimate, provisional, and unresolved rather than ideological.<br/><br/>It belongs on the same shelf as books where the natural world is not a backdrop but a teacher, and where spiritual searching is inseparable from physical experience. There’s a clear throughline to Thoreau’s Walden, though Kerouac replaces solitude with friendship and transcendental calm with ecstatic, lived messiness.<br/><br/>Kerouac’s relationship to nature is expansive, overwhelming, and deeply emotional:<br/><br/>""The woods do that to you, they always look familiar, long lost, like the face of a long-dead relative, like a piece of forgotten song drifting across the water… most of all like golden eternities of past childhood or past manhood and all the living and the dying.""<br/><br/>""Trails are like that: you're floating along in a Shakespearean Arden paradise and expect to see nymphs and fluteboys, then suddenly you're struggling in a hot broiling sun of hell in dust and nettles and poison oak...just like life.""<br/><br/>In The Dharma Bums, Kerouac’s Buddhism is joyful, contradictory, and deeply human. The novel is about chosen poverty, friendship, art made without permission, faith without institutions, and the desire to touch something infinite while still wanting wine, laughter, and long conversations. Mountains are climbed. Stillness is practiced. Both matter.<br/><br/>What makes the book feel surprisingly modern is its resistance to certainty. Rather than offering answers, it documents a process: spiritual curiosity without dogma, community without hierarchy, freedom without a fixed destination. In that sense, it feels newly relevant in a contemporary moment marked by burnout, disillusionment, and a renewed hunger for meaning outside traditional structures.<br/><br/>Near the end of the novel, the narrator has clearly made progress toward the enlightenment he seeks:<br/><br/>""Standing on my head before bedtime on that rock roof of the moonlight I could indeed see that the earth was truly upsidedown and man a weird vain beetle full of strange ideas walking around upsidedown and boasting...""<br/><br/>But, in a Socratic spirit, he continues to ponder and ask questions:<br/><br/>""Suppose we suddenly wake up and see that what we thought to be this and that, ain't this and that at all?""<br/>""Are we fallen angels who didn't want to believe that nothing is nothing and so were born to lose our loved ones and dear friends one by one and finally our own life, to see it proved?""<br/><br/>The point isn’t the answers, but the asking.<br/><br/>So, is The Dharma Bums perfect? No. It rambles and resists polish, but that looseness is the point. Like much of Kerouac’s best work, it isn’t interested in refinement so much as sincerity.<br/><br/>I finished it feeling lighter, lonelier, freer, and more awake. A book I’ll return to whenever I forget how to look at the sky. Five stars, no hesitation, and a rare book that leaves you feeling both emptied and full at once.",,,1,0
241072945,For a Limited Time Only (The Time Traveler's Passport),Peng Shepherd,"Shepherd, Peng",,"=""1662534582""","=""9781662534584""",0,Amazon Original Stories,Kindle Edition,39,2025,2025,,2025/12/28,to-read,to-read (#2893),to-read,,,,0,0
226957129,Snake-Eater,T. Kingfisher,"Kingfisher, T.",,"=""1662525109""","=""9781662525100""",3.0,47North,Kindle Edition,267,2025,2025,2025/12/28,2025/08/19,,,read,,,,1,0
164154,"A Canticle for Leibowitz (St. Leibowitz, #1)",Walter M. Miller Jr.,"Jr., Walter M. Miller",Mary Doria Russell,"=""0060892994""","=""9780060892999""",2.0,Eos,Paperback,334,2006,1959,2025/12/27,2021/12/08,,,read,"A Canticle for Leibowitz is a classic dystopian science fiction novel often praised for its ambition, philosophical depth, and originality.<br/><br/>The book is set in a post-apocalyptic future following a devastating nuclear war. Civilization has collapsed, and much of human knowledge has been lost or deliberately destroyed. Centuries later, a Catholic monastic order dedicates itself to preserving scraps of scientific and philosophical knowledge.<br/><br/>The book's central idea, knowledge preserved without understanding, is clever and memorable. Plus, the novel was ahead of its time in imagining nuclear annihilation as a recurring historical pattern rather than a one-time warning. In that sense, it feels comparable to Foundation (full transparency: I've only seen the Foundation series), another work more interested in systems and ideas than in individual characters.<br/><br/>So, right off the bat, I can say that the book immediately struck me as ambitious, philosophical, and original. So far, so good.<br/><br/>But, then the reader encounters the first major hurdle: structure. The book is divided into three sections, set hundreds of years apart, tracing humanity’s slow climb back toward technological advancement. I tried to remain emotionally invested as each section introduced an almost entirely new cast. But, rather than feeling like a sweeping generational saga, it felt more like a series of loosely connected philosophical vignettes.<br/><br/>Another challenge is the characters. The monks, in particular, blurred together for me, and much of the book reads as extended scholarly rambling. Yes, this is partly intentional, but it made large stretches feel static and difficult to engage with.<br/><br/>I couldn't help but compare the book to other dystopian novels like 1984, The Road, or Brave New World. Unfortunately, I found A Canticle for Leibowitz's apocalypse to be less compelling because it is mostly intellectualized rather than viscerally experienced, and the sense of emotional urgency felt muted. Though Miller is clearly interested in big concepts like faith versus reason and cyclical history, the story often tells about these themes instead of letting the reader feel them through character-driven stakes.<br/><br/>Even though I'm not the most avid science fiction reader, I had hoped I could still really get into A Canticle for Leibowitz. The harsh truth is that I appreciate what Miller is trying to do, and I found the central concept really interesting, but the execution did not work for me. Miller’s clean prose suits the material, but its dryness did little to pull me along. Combined with the slow pacing, the book often felt distant, meandering, and longer than it is. <br/><br/>I think I can confidently say that there are probably more ideal readers out there that Miller was targeting with this novel. Those who love idea-driven science fiction, religious allegory, and long-view historical speculation will find a lot to admire here. <br/><br/>But, still, I offer a warning to the average/casual reader-- don't pick up A Canticle for Leibowitz and expect to find a gripping dystopia with strong character development.<br/><br/>2.5/5 Stars",,,1,0
174622,Light Years,James Salter,"Salter, James",,"=""""","=""""",0,Vintage International,Paperback,308,1995,1975,,2025/12/27,to-read,to-read (#2892),to-read,,,,0,0
128616,The Complete Uncollected Stories,J.D. Salinger,"Salinger, J.D.",,"=""""","=""""",0,Train Bridge Recluse,,245,1998,1974,,2025/12/27,to-read,to-read (#2891),to-read,,,,0,0
915081,"Hapworth 16, 1924",J.D. Salinger,"Salinger, J.D.",,"=""""","=""""",0,,ebook,51,,1965,,2025/12/27,to-read,to-read (#2890),to-read,,,,0,0
22314610,Three Early Stories,J.D. Salinger,"Salinger, J.D.",,"=""0989671453""","=""9780989671453""",0,Devault-Graves Digital Editions,Kindle Edition,47,2014,1940,,2025/12/27,to-read,to-read (#2889),to-read,,,,0,0
33863667,The Misfit's Manifesto,Lidia Yuknavitch,"Yuknavitch, Lidia",,"=""""","=""""",0,Simon & Schuster UK,Hardcover,149,2017,2017,,2025/12/26,to-read,to-read (#2888),to-read,,,,0,0
153479,The Quest for Christa T.,Christa Wolf,"Wolf, Christa",Christopher Middleton,"=""0374515344""","=""9780374515348""",0,"Farrar, Straus and Giroux",Paperback,185,1979,1968,,2025/12/26,to-read,to-read (#2887),to-read,,,,0,0
215262,Two Serious Ladies,Jane Bowles,"Bowles, Jane",,"=""0720611792""","=""9780720611793""",0,Peter Owen,Paperback,234,2003,1943,,2025/12/26,to-read,to-read (#2886),to-read,,,,0,0
31945100,Stephen Florida,Gabe Habash,"Habash, Gabe",,"=""1566894646""","=""9781566894647""",0,Coffee House Press,Hardcover,287,2017,2017,,2025/12/26,to-read,to-read (#2885),to-read,,,,0,0
37802635,Ædnan,Linnea Axelsson,"Axelsson, Linnea",,"=""9100173649""","=""9789100173647""",0,Albert Bonniers Förlag,Hardcover,762,2018,2018,,2025/12/26,to-read,to-read (#2884),to-read,,,,0,0
224050330,The Ha-Ha: A Novel,Jennifer Dawson,"Dawson, Jennifer",,"=""1668088576""","=""9781668088579""",0,Scribner,Kindle Edition,192,2025,1961,,2025/12/21,to-read,to-read (#2883),to-read,,,,0,0
194028483,Palinuro of Mexico,Fernando del Paso,"Paso, Fernando del",,"=""1628975636""","=""9781628975635""",0,Dalkey Archive Press,Paperback,696,2026,1977,,2025/12/21,to-read,to-read (#2882),to-read,,,,0,0
199798198,A Walk in the Park: The True Story of a Spectacular Misadventure in the Grand Canyon,Kevin Fedarko,"Fedarko, Kevin",,"=""1501183052""","=""9781501183058""",0,Scribner,Hardcover,488,2024,2024,,2025/12/21,to-read,to-read (#2881),to-read,,,,0,0
5956506,Man Alone with Himself,Friedrich Nietzsche,"Nietzsche, Friedrich",,"=""0141036680""","=""9780141036687""",0,Penguin UK,Mass Market Paperback,82,2008,1878,,2025/12/21,to-read,to-read (#2880),to-read,,,,0,0
368563,Alone: The Classic Polar Adventure,Richard Evelyn Byrd,"Byrd, Richard Evelyn","Richard E. Harrison, Kieran Mulvaney","=""1559634634""","=""9781559634632""",0,Island Press,Paperback,326,2003,1937,,2025/12/21,to-read,to-read (#2879),to-read,,,,0,0
6055,A Voyage for Madmen,Peter   Nichols,"Nichols, Peter",,"=""0060957034""","=""9780060957032""",0,Harper Perennial,Paperback,298,2002,,,2025/12/21,to-read,to-read (#2878),to-read,,,,0,0
424598,The Strange Last Voyage of Donald Crowhurst,Nicholas Tomalin,"Tomalin, Nicholas",Ron Hall,"=""0071414290""","=""9780071414296""",0,International Marine/Ragged Mountain Press,Paperback,275,2003,1970,,2025/12/21,to-read,to-read (#2877),to-read,,,,0,0
128794953,The Long Way by Bernard Moitessier (1995-01-01),William Rodarmor,"Rodarmor, William",,"=""""","=""""",0,Sheridan House,Paperback,0,,1971,,2025/12/21,to-read,to-read (#2876),to-read,,,,0,0
173384,Thoughts in Solitude,Thomas Merton,"Merton, Thomas",,"=""0374513252""","=""9780374513252""",0,"Farrar, Straus and Giroux",Paperback,144,1999,1956,,2025/12/21,to-read,to-read (#2875),to-read,,,,0,0
20949564,The Story of My Heart: As Rediscovered by Brooke Williams and Terry Tempest Williams,Richard Jefferies,"Jefferies, Richard","Terry Tempest Williams, Brooke Williams, Scott Slovic","=""1937226417""","=""9781937226411""",0,Torrey House Press,Hardcover,240,2014,1883,,2025/12/21,to-read,to-read (#2874),to-read,,,,0,0
76479,A Field Guide to Getting Lost,Rebecca Solnit,"Solnit, Rebecca",,"=""0143037242""","=""9780143037248""",0,Penguin Books,Paperback,209,2006,2005,,2025/12/21,to-read,to-read (#2873),to-read,,,,0,0
193755,The Diving Bell and the Butterfly: A Memoir of Life in Death,Jean-Dominique Bauby,"Bauby, Jean-Dominique",Jeremy Leggatt,"=""0375701214""","=""9780375701214""",0,"Vintage International, New York",Paperback,132,1998,1997,,2025/12/21,to-read,to-read (#2872),to-read,,,,0,0
12527,Pilgrim at Tinker Creek,Annie Dillard,"Dillard, Annie",,"=""0072434171""","=""9780072434170""",0,McGraw-Hill College,Paperback,288,2000,1974,,2025/12/21,to-read,to-read (#2871),to-read,,,,0,0
6125396,Solitude,Robert Kull,"Kull, Robert",,"=""1577316746""","=""9781577316749""",0,New World Library,Paperback,357,2009,2008,,2025/12/21,to-read,to-read (#2870),to-read,,,,0,0
24341585,The Point of Vanishing: A Memoir of Two Years in Solitude,Howard Axelrod,"Axelrod, Howard",,"=""0807075469""","=""9780807075463""",0,Beacon Press,Paperback,211,2015,2015,,2025/12/21,to-read,to-read (#2869),to-read,,,,0,0
845386,Journal of a Solitude,May Sarton,"Sarton, May",,"=""0393309282""","=""9780393309287""",0,W. W. Norton & Company,Paperback,208,1992,1973,,2025/12/21,to-read,to-read (#2868),to-read,,,,0,0
445651,Migrations to Solitude: The Quest for Privacy in a Crowded World,Sue Halpern,"Halpern, Sue",,"=""0679742417""","=""9780679742418""",0,Vintage,Paperback,212,1993,1992,,2025/12/21,to-read,to-read (#2867),to-read,,,,0,0
56478,Party of One: The Loner's Manifesto,Anneli Rufus,"Rufus, Anneli",,"=""1569245134""","=""9781569245132""",0,Balance,Paperback,286,2003,2003,,2025/12/21,to-read,to-read (#2866),to-read,,,,0,0
4437202,A Book of Silence,Sara Maitland,"Maitland, Sara",,"=""1847080421""","=""9781847080424""",0,Counterpoint,Hardcover,320,2008,2008,,2025/12/21,to-read,to-read (#2865),to-read,,,,0,0
647993,Solitude: A Philosophical Encounter,Philip J. Koch,"Koch, Philip J.",,"=""0812692438""","=""9780812692433""",0,Open Court,Paperback,390,1999,1994,,2025/12/21,to-read,to-read (#2864),to-read,,,,0,0
1620124,Hermits; The Insights of Solitude,Peter France,"France, Peter",,"=""0312194633""","=""9780312194635""",0,Griffin,Paperback,240,1998,1996,,2025/12/21,to-read,to-read (#2863),to-read,,,,0,0
437480,"A Pelican in the Wilderness: Hermits, Solitaries, and Recluses",Isabel Colegate,"Colegate, Isabel",,"=""1582432384""","=""9781582432380""",0,Counterpoint,Paperback,304,2003,2002,,2025/12/21,to-read,to-read (#2862),to-read,,,,0,0
120586,Solitude: A Return to the Self,Anthony Storr,"Storr, Anthony",,"=""0743280741""","=""9780743280747""",0,Free Press,Paperback,216,2005,1988,,2025/12/21,to-read,to-read (#2861),to-read,,,,0,0
36336078,"Call Me By Your Name (Call Me By Your Name, #1)",André Aciman,"Aciman, André",,"=""""","=""""",0,Atlantic Books,Paperback,248,2017,2007,,2025/12/21,to-read,to-read (#2860),to-read,,,,0,0
242174964,Stowaways,André Aciman,"Aciman, André",,"=""0571400000""","=""9780571400003""",0,Faber & Faber,Kindle Edition,73,2026,,,2025/12/21,to-read,to-read (#2859),to-read,,,,0,0
62330020,I Choose Darkness,Jenny  Lawson,"Lawson, Jenny",,"=""1662511116""","=""9781662511110""",0,Amazon Original Stories,Kindle Edition,25,2022,2022,,2025/12/21,to-read,to-read (#2858),to-read,,,,0,0
9791,A Walk in the Woods: Rediscovering America on the Appalachian Trail,Bill  Bryson,"Bryson, Bill",,"=""0307279464""","=""9780307279460""",0,Vintage,Mass Market Paperback,397,2006,1998,,2025/12/21,to-read,to-read (#2857),to-read,,,,0,0
21,A Short History of Nearly Everything,Bill  Bryson,"Bryson, Bill",,"=""076790818X""","=""9780767908184""",0,Crown,Paperback,544,2004,2003,,2025/12/21,to-read,to-read (#2857),to-read,,,,0,0
59950,The Sound of the Mountain,Yasunari Kawabata,"Kawabata, Yasunari",Edward G. Seidensticker,"=""0679762647""","=""9780679762645""",0,Vintage,Paperback,276,1996,1954,,2025/12/20,to-read,to-read (#2856),to-read,,,,0,0
14027,Thousand Cranes,Yasunari Kawabata,"Kawabata, Yasunari",Edward G. Seidensticker,"=""0679762655""","=""9780679762652""",0,Vintage,Paperback,147,1996,1952,,2025/12/20,to-read,to-read (#2855),to-read,,,,0,0
14029,Beauty and Sadness (Vintage International),Yasunari Kawabata,"Kawabata, Yasunari",Howard S. Hibbett,"=""0679761055""","=""9780679761051""",0,Knopf Doubleday Publishing Group,Paperback,206,1996,1963,,2025/12/20,to-read,to-read (#2854),to-read,,,,0,0
71728,Jonathan Livingston Seagull,Richard Bach,"Bach, Richard",Russell Munson,"=""0743278909""","=""9780743278904""",0,Scribner,Paperback,112,2006,1970,,2025/12/20,to-read,to-read (#2853),to-read,,,,0,0
2253484,Shadow Country,Peter Matthiessen,"Matthiessen, Peter",,"=""""","=""""",0,Modern Library,Hardcover,892,2008,2008,,2025/12/20,to-read,to-read (#2852),to-read,,,,0,0
764165,The Snow Leopard,Peter Matthiessen,"Matthiessen, Peter",,"=""0140255087""","=""9780140255089""",0,Penguin Books,Paperback,338,1996,1978,,2025/12/20,to-read,to-read (#2851),to-read,,,,0,0
361148,"True Story: Murder, Memoir, Mea Culpa",Michael Finkel,"Finkel, Michael",,"=""006058047X""","=""9780060580476""",0,HarperCollins,Hardcover,312,2005,2005,,2025/12/20,to-read,to-read (#2850),to-read,,,,0,0
317404,The Outermost House: A Year of Life on the Great Beach of Cape Cod,Henry Beston,"Beston, Henry",,"=""080507368X""","=""9780805073683""",0,St. Martin's Griffin,Paperback,218,2003,1928,,2025/12/20,to-read,to-read (#2849),to-read,,,,0,0
469083,The End of the Road,John Barth,"Barth, John",,"=""0553242768""","=""9780553242768""",0,BANTAM DOUBLEDAY @ DELL,Paperback,198,1983,1958,,2025/12/20,to-read,to-read (#2848),to-read,,,,0,0
144629,Giles Goat-Boy,John Barth,"Barth, John",,"=""0385240864""","=""9780385240864""",0,Knopf Doubleday Publishing Group,Paperback,752,1987,1966,,2025/12/20,to-read,to-read (#2847),to-read,,,,0,0
213618141,"Tongues, Vol. 1",Anders Nilsen,"Nilsen, Anders",,"=""1524747203""","=""9781524747206""",0,Pantheon,Hardcover,368,2025,2025,,2025/12/19,to-read,to-read (#2846),to-read,,,,0,0
11234,A Fairly Honourable Defeat,Iris Murdoch,"Murdoch, Iris",Peter Reed,"=""0141186178""","=""9780141186177""",0,Penguin Publishing Group,Paperback,432,2001,1970,,2025/12/19,to-read,to-read (#2844),to-read,,,,0,0
11235,The Unicorn,Iris Murdoch,"Murdoch, Iris",,"=""014002476X""","=""9780140024760""",0,Penguin Publishing Group,Paperback,270,1987,1963,,2025/12/19,to-read,to-read (#2843),to-read,,,,0,0
11253,A Severed Head,Iris Murdoch,"Murdoch, Iris",,"=""0140020039""","=""9780140020038""",0,Penguin Books,Paperback,204,1976,1961,,2025/12/19,to-read,to-read (#2842),to-read,,,,0,0
11229,"The Sea, the Sea",Iris Murdoch,"Murdoch, Iris",Mary Kinzie,"=""""","=""""",0,Penguin Classics,Paperback,528,2001,1978,,2025/12/19,to-read,to-read (#2840),to-read,,,,0,0
11324,Under the Net,Iris Murdoch,"Murdoch, Iris",,"=""0140014454""","=""9780140014457""",0,Penguin Books Ltd,Paperback,252,1982,1954,,2025/12/19,to-read,to-read (#2841),to-read,,,,0,0
111101,Bliss,Peter Carey,"Carey, Peter",,"=""057116272X""","=""9780571162727""",0,Harper & Row,Paperback,296,1991,1981,,2025/12/19,to-read,to-read (#2839),to-read,,,,0,0
46116989,"Max Havelaar: Or, the Coffee Auctions of The Dutch Trading Company",Multatuli,"Multatuli, Multatuli","Eduard Douwes Dekker, Ina Rilke, David McKay, Pramoedya Ananta Toer","=""""","=""""",0,NYRB Classics,Paperback,336,2019,1860,,2025/12/19,to-read,to-read (#2838),to-read,,,,0,0
530878,Mean Spirit,Linda Hogan,"Hogan, Linda",,"=""0804108633""","=""9780804108638""",0,Ivy Books,Mass Market Paperback,384,1991,1990,,2025/12/19,to-read,to-read (#2837),to-read,,,,0,0
57458,Fools Crow (Contemporary American Fiction),James Welch,"Welch, James",,"=""0140089373""","=""9780140089370""",0,Penguin Books,Paperback,400,1987,1986,,2025/12/19,to-read,to-read (#2836),to-read,,,,0,0
78887,Tracks (Love Medicine. #3),Louise Erdrich,"Erdrich, Louise",,"=""0060972459""","=""9780060972455""",0,Harper Perennial,Paperback,226,1989,1988,,2025/12/19,to-read,to-read (#2835),to-read,,,,0,0
588234,Ceremony,Leslie Marmon Silko,"Silko, Leslie Marmon",,"=""0140086838""","=""9780140086836""",4.0,Penguin Books,Paperback,262,1986,1977,2025/12/19,2024/07/12,,,read,"Leslie Marmon Silko’s Ceremony is more than what it appears on the surface. It is a novel structured as a healing ritual. Once you see that, the book opens up in extraordinary ways.<br/><br/>Set in New Mexico, Ceremony follows Tayo, a mixed-race Laguna Pueblo man returning from WWII shattered by grief, survivor’s guilt, and the psychic violence of colonialism. He is haunted by memories of his cousin Rocky’s death, alienated from his community, and sick with something that cannot be explained as purely physical.<br/><br/>Silko braids Tayo’s narrative with Pueblo myth, poetry, and oral tradition, collapsing time so that ancient stories and contemporary trauma coexist. These mythic interludes do not interrupt the novel. They define its structure and reveal a central truth of the book: stories make the world, and broken stories can destroy it.<br/><br/>The novel’s wide cast of characters embody different responses to trauma and dislocation. Rage turned inward, self-destruction disguised as resistance, bravado used to mask despair, and shame inherited through generations all surface through the people Tayo encounters.<br/><br/>Silko’s prose is deceptively spare and carefully paced. The book demands patience and trust, rewarding readers who are willing to slow down and allow meaning to surface gradually.<br/><br/>You can feel Ceremony’s influence throughout Native American literature, from Louise Erdrich’s braided narratives to Tommy Orange’s collective voice. It also echoes the modernist fragmentation of Faulkner and the mythic layering of Toni Morrison, while remaining unmistakably its own.<br/><br/>At its core, Ceremony is a cosmological novel. It asks what happens when a people’s stories are interrupted, and how they might be repaired.<br/><br/>The novel’s quiet revelation is that tradition is not static. It adapts, or it dies. Healing requires new ceremonies for new wounds.<br/><br/>Why read Ceremony now? Because it shows that healing is not individualistic. Because it refuses the idea that progress requires forgetting. Because it insists that who tells stories, how stories change, and who stories exclude shape reality itself.<br/><br/>Who will love this book:<br/>	•	Readers who value theme and structure over plot speed<br/>	•	Fans of literary fiction, myth, and nonlinear storytelling<br/><br/>This was a four-star read for me, and it is easy to see why it is considered a classic. I will definitely be rereading Ceremony. There is simply too much here to absorb in one pass. The novel does not end when the last page does. Like any real ritual, it works on you quietly long after you have finished.",,,1,0
303928,A Map to the Next World: Poems and Tales,Joy Harjo,"Harjo, Joy",,"=""0393320960""","=""9780393320961""",0,W. W. Norton & Company,Paperback,144,2001,2000,,2025/12/19,to-read,to-read (#2834),to-read,,,,0,0
780823,In Mad Love and War (Wesleyan Poetry Series),Joy Harjo,"Harjo, Joy",,"=""081951182X""","=""9780819511829""",0,Wesleyan University Press,Paperback,67,1990,1990,,2025/12/19,to-read,to-read (#2833),to-read,,,,0,0
96052,The Woman Who Fell from The Sky: Poems,Joy Harjo,"Harjo, Joy",,"=""039331362X""","=""9780393313628""",0,W. W. Norton & Company,Paperback,88,1996,1994,,2025/12/19,to-read,to-read (#2832),to-read,,,,0,0
96051,She Had Some Horses,Joy Harjo,"Harjo, Joy",,"=""1560258306""","=""9781560258308""",0,Seal Press,Paperback,96,2005,1982,,2025/12/19,to-read,to-read (#2831),to-read,,,,0,0
56769519,Poet Warrior,Joy Harjo,"Harjo, Joy",,"=""0393248526""","=""9780393248524""",0,W. W. Norton & Company,Hardcover,240,2021,2021,,2025/12/19,to-read,to-read (#2830),to-read,,,,0,0
13409655,Crazy Brave,Joy Harjo,"Harjo, Joy",,"=""0393073467""","=""9780393073461""",0,W. W. Norton & Company,Hardcover,172,2012,2012,,2025/12/19,to-read,to-read (#2829),to-read,,,,0,0
43726586,An American Sunrise,Joy Harjo,"Harjo, Joy",,"=""1324003863""","=""9781324003861""",0,W. W. Norton & Company,Hardcover,116,2019,2019,,2025/12/19,to-read,to-read (#2828),to-read,,,,0,0
228646321,The Ferryman and His Wife,Frode Grytten,"Grytten, Frode",Alison McCullough,"=""1643757458""","=""9781643757452""",0,Algonquin Books,Paperback,176,2025,2023,,2025/12/17,to-read,to-read (#2827),to-read,,,,0,0
225166002,The Book of I,David Greig,"Greig, David",,"=""""","=""9798889661276""",0,Europa Editions,Hardcover,160,2025,2023,,2025/12/17,to-read,to-read (#2826),to-read,,,,0,0
237693310,A Good Person,Kirsten  King,"King, Kirsten",,"=""""","=""9798217048045""",0,G.P. Putnam's Sons,Hardcover,304,2026,2026,,2025/12/16,to-read,to-read (#2825),to-read,,,,0,0
236772855,Under Water,Tara Menon,"Menon, Tara",,"=""""","=""9798217048311""",0,Riverhead Books,Hardcover,224,2026,2026,,2025/12/16,to-read,to-read (#2824),to-read,,,,0,0
242518677,Country People,Daniel       Mason,"Mason, Daniel",,"=""""","=""""",0,Random House,Hardcover,320,2026,2026,,2025/12/16,to-read,to-read (#2823),to-read,,,,0,0
449329,The Man in the Maze,Robert Silverberg,"Silverberg, Robert",,"=""0380022621""","=""9780380022625""",0,The Hearst Corporation,Mass Market Paperback,192,1969,1968,,2025/12/16,to-read,to-read (#2822),to-read,,,,0,0
231127175,Lost Lambs,Madeline Cash,"Cash, Madeline",,"=""0374619239""","=""9780374619237""",0,"Farrar, Straus and Giroux",Hardcover,323,2026,2026,,2025/12/16,to-read,to-read (#2821),to-read,,,,0,0
221251872,When the Cranes Fly South,Lisa Ridzén,"Ridzén, Lisa",Alice Menzies,"=""""","=""9798217006731""",0,Vintage,Paperback,320,2025,2024,,2025/12/15,to-read,to-read (#2820),to-read,,,,0,0
13033,"The Alexandria Quartet  (The Alexandria Quartet, #1-4)",Lawrence Durrell,"Durrell, Lawrence",,"=""0140153179""","=""9780140153170""",0,Penguin Group USA,Paperback,884,1991,1960,,2025/12/15,to-read,to-read (#2819),to-read,,,,0,0
241126782,Land,Maggie O'Farrell,"O'Farrell, Maggie",,"=""0593320646""","=""9780593320648""",0,Knopf,Hardcover,400,2026,2026,,2025/12/14,to-read,to-read (#2818),to-read,,,,0,0
61045711,Signal Moon,Kate Quinn,"Quinn, Kate",,"=""1662500882""","=""9781662500886""",0,Amazon Original Stories,Kindle Edition,57,2022,2022,,2025/12/13,to-read,to-read (#2817),to-read,,,,0,0
233004379,An Old Soul,M. Kevin  Hayden,"Hayden, M. Kevin",,"=""""","=""9798992780567""",3.0,Muse of the Moon Books,Paperback,250,2025,,2025/12/13,2025/05/10,,,read,2.5,,,1,0
321577,Girl in Hyacinth Blue,Susan Vreeland,"Vreeland, Susan",,"=""014029628X""","=""9780140296280""",0,Penguin Books,Paperback,242,2000,1999,,2025/12/12,to-read,to-read (#2816),to-read,,,,0,0
18143974,The Blazing World,Siri Hustvedt,"Hustvedt, Siri",,"=""1476747237""","=""9781476747231""",0,Simon & Schuster,Hardcover,368,2014,2014,,2025/12/12,to-read,to-read (#2815),to-read,,,,0,0
39697880,Sofie & Cecilia,Katherine Ashenburg,"Ashenburg, Katherine",,"=""0735272697""","=""9780735272699""",0,Knopf Canada,Kindle Edition,400,2018,2018,,2025/12/12,to-read,to-read (#2814),to-read,,,,0,0
131464328,The Last Nude by Ellis Avery (31-Dec-2012) Paperback,Ellis Avery,"Avery, Ellis",,"=""""","=""""",0,Riverhead Books; Reprint edition (31 Dec. 2012),Paperback Bunko,0,,2012,,2025/12/12,to-read,to-read (#2813),to-read,,,,0,0
59336344,Sirens & Muses,Antonia Angress,"Angress, Antonia",,"=""""","=""9780593496435""",0,Ballantine,Hardcover,368,2022,2022,,2025/12/12,to-read,to-read (#2812),to-read,,,,0,0
376465,The Horse's Mouth,Joyce Cary,"Cary, Joyce",Brad Leithauser,"=""0940322196""","=""9780940322196""",0,NYRB Classics,Paperback,432,1999,1944,,2025/12/12,to-read,to-read (#2811),to-read,,,,0,0
79834,Lust for Life,Irving Stone,"Stone, Irving",,"=""0099416425""","=""9780099416425""",0,Arrow,Paperback,431,1990,1934,,2025/12/12,to-read,to-read (#2810),to-read,,,,0,0
231363320,Scavengers,Kathleen  Boland,"Boland, Kathleen",,"=""0593834488""","=""9780593834480""",0,Viking,Hardcover,304,2026,2026,,2025/12/12,to-read,to-read (#2809),to-read,,,,0,0
231681139,Room 706,Ellie Levenson,"Levenson, Ellie",,"=""1638932328""","=""9781638932321""",0,SJP Lit,Hardcover,320,2026,2026,,2025/12/12,to-read,to-read (#2808),to-read,,,,0,0
235993013,Is This a Cry for Help?,Emily R. Austin,"Austin, Emily R.",,"=""1668200236""","=""9781668200230""",0,Atria Books,Hardcover,304,2026,2026,,2025/12/12,to-read,to-read (#2807),to-read,,,,0,0
59366182,Everyone in This Room Will Someday Be Dead,Emily R. Austin,"Austin, Emily R.",,"=""198216736X""","=""9781982167363""",0,Washington Square Press,Paperback,256,2022,2021,,2025/12/12,to-read,to-read (#2806),to-read,,,,0,0
24933375,The Ecliptic,Benjamin Wood,"Wood, Benjamin",,"=""1471126706""","=""9781471126703""",0,Scribner UK,Hardcover,480,2015,2015,,2025/12/12,to-read,to-read (#2805),to-read,,,,0,0
36295085,A Station on the Path to Somewhere Better,Benjamin Wood,"Wood, Benjamin",,"=""1471126749""","=""9781471126741""",0,Scribner UK,Hardcover,368,2018,2018,,2025/12/12,to-read,to-read (#2804),to-read,,,,0,0
220605957,Seascraper,Benjamin Wood,"Wood, Benjamin",,"=""1405975083""","=""9781405975087""",4.0,Penguin,Kindle Edition,176,2025,2025,2025/12/12,2025/09/26,,,read,"3.5/5 ★<br/><br/>Seascraper is a quiet, salt-soaked novella about Tom Flett, a young shrimp fisher whose world briefly widens when an American filmmaker shows up on his stretch of coast.<br/><br/>Wood’s prose is steady and atmospheric, and he captures the rhythms of manual work and the tension between obligation and creative longing. One line that stood out to me was: “The sea has a way of reminding you what you are made of.”<br/><br/>I found the book heartfelt and well written, especially in its sense of place. It is a reflective story about class, hope, and the limits of small-town life. The emotional arc is gentle and sincere. Although, the characters and plot felt a little too subdued for me. <br/><br/>A good read, just not one I expect to last that long in my memory. ",,,1,0
55964195,Hell of a Book,Jason Mott,"Mott, Jason",,"=""059333096X""","=""9780593330968""",0,Dutton,Hardcover,323,2021,2021,,2025/12/12,to-read,to-read (#2803),to-read,,,,0,0
25349247,Submission,Michel Houellebecq,"Houellebecq, Michel",Lorin Stein,"=""""","=""""",0,"Farrar, Straus and Giroux",Kindle Edition,257,2015,2015,,2025/12/11,to-read,to-read (#2802),to-read,,,,0,0
34668217,Ice,Jacek Dukaj,"Dukaj, Jacek",Ursula Phillips,"=""1786697289""","=""9781786697288""",0,Head of Zeus -- an AdAstra Book,Hardcover,1200,2025,2007,,2025/12/11,to-read,to-read (#2801),to-read,,,,0,0
62873378,"The Art Thief: A True Story of Love, Crime, and a Dangerous Obsession",Michael Finkel,"Finkel, Michael",,"=""0525657320""","=""9780525657323""",4.0,Knopf,Hardcover,226,2023,2023,2025/12/10,2023/11/30,,,read,"“He takes only works that stir him emotionally, and seldom the most valuable piece in a place. He feels no remorse when he steals because museums, in his deviant view, are really just prisons for art.”<br/><br/>In The Art Thief, I was fascinated to learn about bibliomania (an obsessive, sometimes compulsive craving to collect books or art objects) and about Stendhal syndrome, a real condition where people can experience dizziness, anxiety, or even fainting when confronted with overwhelming beauty. These ideas sit at the center of the story of Stéphane Breitwieser, who stole 239 artworks from 172 European museums between 1995 and 2001… not for profit, but out of pure, consuming admiration. At one point, he even describes his obsession with devastating simplicity: “Art is my drug.” (I need this on a t-shirt!)<br/><br/>Finkel’s prose is clean, fast, and almost novelistic (though with very little dialogue), which makes this wild spree incredibly readable. The tone stays curious rather than sensational, allowing Breitwieser’s audacity and his strange, intense relationship to beauty to carry the book.<br/><br/>It’s no surprise this was a Goodreads Choice Award Nominee for Readers’ Favorite Nonfiction (2023). The blend of true crime, psychology, and art history makes it both accessible and compelling, even for someone like me who isn’t a heavy nonfiction reader.<br/><br/>The Art Thief is engaging, fascinating, easy to recommend, and absolutely worth the read.",,,1,0
43783430,A Month in Siena,Hisham Matar,"Matar, Hisham",,"=""0241409500""","=""9780241409503""",0,Viking,Hardcover,128,2019,2019,,2025/12/10,to-read,to-read (#2800),to-read,,,,0,0
56760367,Awake,Harald Voetmann,"Voetmann, Harald",Johanne Sorgenfri Ottosen,"=""0811230813""","=""9780811230810""",0,New Directions,Paperback,112,2021,2010,,2025/12/09,to-read,to-read (#2799),to-read,,,,0,0
223338921,The Lucky Ride,Yasushi Kitagawa,"Kitagawa, Yasushi",Takami Nieda,"=""0063376245""","=""9780063376243""",0,HarperOne,Paperback,272,2025,2019,,2025/12/09,to-read,to-read (#2798),to-read,,,,0,0
668634,Dimension of Miracles (Dimension of Miracles #1),Robert Sheckley,"Sheckley, Robert",,"=""0441148603""","=""""",0,Ace,Paperback,214,1979,1968,,2025/12/09,to-read,to-read (#2797),to-read,,,,0,0
748538,Kangaroo Notebook,Kōbō Abe,"Abe, Kōbō",,"=""0679746633""","=""9780679746638""",0,Knopf Doubleday Publishing Group,Paperback,192,1997,1991,,2025/12/09,to-read,to-read (#2796),to-read,,,,0,0
25823639,Fontoon (Dedalus Europe),John Schoneboom,"Schoneboom, John",,"=""1909232890""","=""9781909232891""",0,Dedalus Limited,Paperback,294,2015,2014,,2025/12/09,to-read,to-read (#2795),to-read,,,,0,0
131527,The Tetherballs of Bougainville,Mark Leyner,"Leyner, Mark",,"=""067976349X""","=""9780679763499""",0,Knopf Doubleday Publishing Group,Paperback,240,1998,1997,,2025/12/09,to-read,to-read (#2794),to-read,,,,0,0
36180181,Lacking Character,Curtis White,"White, Curtis",,"=""1612196780""","=""9781612196787""",0,Melville House Publishing,Paperback,196,2018,2018,,2025/12/09,to-read,to-read (#2793),to-read,,,,0,0
324054,Travel Notes,Stanley Crawford,"Crawford, Stanley",,"=""0224611909""","=""9780224611909""",0,Simon and Schuster,Hardcover,188,,1967,,2025/12/09,to-read,to-read (#2792),to-read,,,,0,0
4957350,Tinkers,Paul Harding,"Harding, Paul",,"=""1934137197""","=""9781934137192""",0,Bellevue Literary Press,Hardcover,192,2009,2009,,2025/12/09,to-read,to-read (#2791),to-read,,,,0,0
169590,In the Labyrinth,Alain Robbe-Grillet,"Robbe-Grillet, Alain",Christine Brooke-Rose,"=""0714502987""","=""9780714502984""",0,Calder Publications,Paperback,188,1967,1959,,2025/12/09,to-read,to-read (#2790),to-read,,,,0,0
58283993,Loved and Missed,Susie Boyt,"Boyt, Susie",,"=""""","=""""",0,,Unknown Binding,,2021,2023,,2025/12/09,to-read,to-read (#2789),to-read,,,,0,0
35407631,The Emissary,Yōko Tawada,"Tawada, Yōko",Margaret Mitsutani,"=""0811227626""","=""9780811227629""",0,New Directions,Paperback,138,2018,2014,,2025/12/09,to-read,to-read (#2788),to-read,,,,0,0
27746288,"Goodbye, Vitamin",Rachel Khong,"Khong, Rachel",,"=""1250109167""","=""9781471159480""",0,Henry Holt and Co.,Paperback,208,2017,2017,,2025/12/09,to-read,to-read (#2787),to-read,,,,0,0
28588169,The Invisibility Cloak,Ge Fei,"Fei, Ge",Canaan Morse,"=""1681370204""","=""9781681370200""",0,New York Review Books,Paperback,126,2016,2012,,2025/12/09,to-read,to-read (#2786),to-read,,,,0,0
143889,The End of Vandalism,Tom Drury,"Drury, Tom",,"=""0802142702""","=""9780802142702""",0,Grove Press,Paperback,352,2006,1994,,2025/12/09,to-read,to-read (#2785),to-read,,,,0,0
13514899,"Never Mind (Patrick Melrose, #1)",Edward St. Aubyn,"Aubyn, Edward St.",,"=""0434734527""","=""9780434734528""",0,William Heinemann,Hardcover,181,1992,1992,,2025/12/09,to-read,to-read (#2784),to-read,,,,0,0
267243,Ironweed,William  Kennedy,"Kennedy, William",,"=""0743263065""","=""9780743263061""",0,Simon & Schuster Ltd,Paperback,208,2004,1983,,2025/12/09,to-read,to-read (#2783),to-read,,,,0,0
25622296,Strangers on a Train,Patricia Highsmith,"Highsmith, Patricia",Paula Hawkins,"=""0393351939""","=""9780393351934""",0,W. W. Norton & Company,Paperback,273,2021,1950,,2025/12/09,to-read,to-read (#2782),to-read,,,,0,0
221736180,One or Two,H.D. Everett,"Everett, H.D.",,"=""""","=""9798988606130""",0,Mandylion Press,Paperback,229,2025,,,2025/12/09,to-read,to-read (#2781),to-read,,,,0,0
174198,The Country of the Pointed Firs and Other Stories,Sarah Orne Jewett,"Jewett, Sarah Orne",Anita Shreve,"=""0451527577""","=""9780451527578""",0,Signet Classics,Mass Market Paperback,232,2000,1910,,2025/12/09,to-read,to-read (#2780),to-read,,,,0,0
206318561,"Slow Days, Fast Company: The World, the Flesh, and L.A.",Eve Babitz,"Babitz, Eve",,"=""0394409841""","=""9780394409849""",0,Random House ,Hardcover,178,1997,1977,,2025/12/09,to-read,to-read (#2779),to-read,,,,0,0
222631674,"The Elements (The Elements, #1-4)",John Boyne,"Boyne, John",,"=""1250410363""","=""9781250410368""",4.0,Henry Holt and Co.,Hardcover,496,2025,2025,2025/11/22,2025/04/21,,,read,"4.25/5 Stars<br/><br/>John Boyne’s The Elements is an ambitious exploration of guilt, trauma, complicity, and the possibility of redemption. Boyne links four novellas in which he follows a woman fleeing scandal, a young athlete on trial, a surgeon shaped by childhood wounds, and a father traveling with his son. <br/><br/>He writes with a controlled intensity that lets the emotional weight land without melodrama. The characters are deeply flawed yet rendered with empathy, and their private shame and fear often feel painfully close. One line captures the book’s raw honesty about the damage we carry:<br/><br/>“I used to think the past was a place I could outrun, but it waits for me everywhere I go.”<br/><br/>The connections among the four narratives are give the book a cumulative force. Still, the repetition of trauma and the increasingly tight coincidences can feel numbing by the final section.<br/><br/>This is a heavy read that does not look away from the realities of abuse, guilt, and the long fallout of silence, so emotional readiness is essential. Readers who appreciate the intensity of novels like A Little Life will find similar power here.<br/><br/>Overall, this is a challenging and gripping novel: unsettling, absorbing, and morally complex. Even in its darkest moments, The Elements offers small but meaningful glimpses of humanity.",,,1,0
428,Play It As It Lays,Joan Didion,"Didion, Joan",,"=""0374529949""","=""9780374529949""",4.0,"Farrar, Straus and Giroux",Paperback,231,2005,1970,2025/12/09,2023/12/18,,,read,"After hearing about the legendary Joan Didion for years, I worried my first experience reading her might not live up to the hype. Let me tell you, it absolutely did.<br/><br/>I expected the prose and the inventive form to impress, and they do. What I didn’t expect was the cold, unrelenting bleakness. Didion strings together spare sentences and clipped paragraphs into a pervasive sense of disquiet and detachment, all while maintaining a cinematic precision that makes every scene feel sharply lit and inescapably real.<br/><br/>Maria (pronounced mar-eye-uh) Wyeth is a former actress drifting through LA and Las Vegas in the aftermath of professional collapse and a disintegrating marriage. The novel unfolds in short, fragmentary chapters that slip backward and forward without neat cause-and-effect, amplifying its feeling of orbiting meaninglessness. That fractured structure mirrors Maria’s inner unraveling, and Didion’s L.A. becomes a hollow sprawl of freeways, motels, and casinos where glamour curdles into isolation and despair.<br/><br/>Didion’s control of tone is masterly. She creates a kind of intimate numbness: you feel the distance in Maria’s voice, but also the ache beneath it. Take a line like: “One thing in my defense, not that it matters: I know something Carter never knew, or Helene, or maybe you. I know what ‘nothing’ means, and keep on playing.” Maria keeps “playing” the game of life even when the rules feel void, and that tension gives the novel much of its power.<br/><br/>If you’re drawn to unsettling, psychologically rich novels like The Bell Jar or My Year of Rest and Relaxation, you may find Didion’s unique take on a woman’s mental unraveling deeply compelling. Just make sure to check trigger warnings because this is an unflinchingly bleak read.<br/><br/>4.25/5 stars",,,1,0
254351,"Fever and Spear (Your Face Tomorrow, #1)",Javier Marías,"Marías, Javier",Margaret Jull Costa,"=""0811216128""","=""9780811216128""",0,New Directions,Hardcover,396,2005,2002,,2025/12/08,to-read,to-read (#2778),to-read,,,,0,0
214152295,Big Chief,Jon Hickey,"Hickey, Jon",,"=""1668046466""","=""9781668046463""",4.0,Simon & Schuster,Hardcover,320,2025,2025,2025/11/30,2025/01/07,,,read,"At the surface, Big Chief is the tale of a tense reelection campaign for Tribal President, but underneath it’s the story of a man trying to understand where he belongs, within his community, his family, and even within himself.<br/><br/>Jon Hickey’s debut surprised me in the best way. I don’t usually enjoy politically focused novels, yet his writing pulled me in immediately. The prose is never showy, but it’s quietly powerful and commands your attention from the first pages.<br/><br/>Mitch Caddo, the protagonist, is in the middle of a profound period of self-discovery, confronting old wounds, tribal politics, personal loyalties, and the ghosts he’s avoided for far too long. Hickey brings you deep into Mitch’s internal world in a way that makes his guardedness feel earned, even empathetic. His voice is funny, cynical, bruised, and vulnerable all at once, creating a character you root for even when he’s pushing people away.<br/><br/>Hickey weaves humor and sharp sarcasm throughout the novel, balancing the darker themes with an ease that feels natural to Mitch’s perspective. Stylistically and emotionally, the book reminded me at times of Tommy Orange’s There There: a community under pressure, interwoven histories, and personal reckonings happening alongside political ones.<br/><br/>It impressed me how Hickey handles themes like sovereignty, corruption, activism, and belonging with nuance and without turning them into a lecture. The political backdrop raises the stakes, but the heart of the novel lies in the relationships. Their conflicts are intimate and deeply human, even as they unfold against protests, power plays, and a community on the brink of unraveling.<br/><br/>Hickey never loses sight of the characters’ inner lives. In the end, Big Chief becomes a story about trying to return to a people, to a home, and to a version of yourself you can actually live with.<br/><br/>Big Chief is one of the strongest works of literary fiction I’ve read from 2025 so far. I’ll be picking up whatever Hickey writes next, without a doubt!",,,1,0
422,A Book of Common Prayer,Joan Didion,"Didion, Joan",,"=""""","=""""",0,Vintage International,Paperback,272,1995,1977,,2025/12/08,to-read,to-read (#2777),to-read,,,,0,0
238226943,This Is Not About Us,Allegra Goodman,"Goodman, Allegra",,"=""0593447840""","=""9780593447840""",0,The Dial Press,Hardcover,336,2026,2026,,2025/12/08,to-read,to-read (#2776),to-read,,,,0,0
228363290,Mule Boy,Andrew Krivak,"Krivak, Andrew",,"=""195427646X""","=""9781954276468""",0,Bellevue Literary Press,Paperback,192,2026,2026,,2025/12/08,to-read,to-read (#2775),to-read,,,,0,0
241392658,Ghost-Eye,Amitav Ghosh,"Ghosh, Amitav",,"=""0374298394""","=""9780374298395""",0,"Farrar, Straus and Giroux",Hardcover,336,2026,2026,,2025/12/08,to-read,to-read (#2774),to-read,,,,0,0
240382146,A Perfect Hand,Ayelet Waldman,"Waldman, Ayelet",,"=""1101875348""","=""9781101875346""",0,Knopf,Hardcover,304,2026,2026,,2025/12/08,to-read,to-read (#2772),to-read,,,,0,0
234091431,Inheritance,Jane   Park,"Park, Jane",,"=""148701399X""","=""9781487013998""",0,House of Anansi Press,Paperback,320,2026,,,2025/12/08,to-read,to-read (#2771),to-read,,,,0,0
4214,Life of Pi,Yann Martel,"Martel, Yann",,"=""0770430074""","=""9780770430078""",0,Seal Books,Paperback,460,2006,2001,,2025/12/08,to-read,to-read (#2770),to-read,,,,0,0
233411679,Son of Nobody,Yann Martel,"Martel, Yann",,"=""132411813X""","=""9781324118138""",0,W. W. Norton & Company,Hardcover,352,2026,2026,,2025/12/08,to-read,to-read (#2769),to-read,,,,0,0
236643256,I Love You Don't Die,Jade Song,"Song, Jade",,"=""0063433885""","=""9780063433885""",0,William Morrow,Hardcover,288,2026,2026,,2025/12/08,to-read,to-read (#2768),to-read,,,,0,0
239475615,Hovel,Ailsa Ross,"Ross, Ailsa",,"=""0771013485""","=""9780771013485""",0,Strange Light,Hardcover,352,2026,2026,,2025/12/08,to-read,to-read (#2767),to-read,,,,0,0
222175346,Night Watch: Poems,Kevin     Young,"Young, Kevin",,"=""0593319621""","=""9780593319628""",0,Knopf,Hardcover,176,2025,2025,,2025/12/08,to-read,to-read (#2766),to-read,,,,0,0
220160387,The Director,Daniel Kehlmann,"Kehlmann, Daniel",Ross Benjamin,"=""1668087790""","=""9781668087794""",0,S&S/Summit Books,Hardcover,352,2025,2023,,2025/12/08,to-read,to-read (#2765),to-read,,,,0,0
18815488,2 A.M. at The Cat's Pajamas,Marie-Helene Bertino,"Bertino, Marie-Helene",,"=""0804140235""","=""9780804140232""",0,Crown,Hardcover,272,2014,2014,,2025/12/08,to-read,to-read (#2764),to-read,,,,0,0
236630532,The Reservation,Rebecca Kauffman,"Kauffman, Rebecca",,"=""1640097481""","=""9781640097483""",0,Counterpoint,Hardcover,260,2026,2026,,2025/12/08,to-read,to-read (#2763),to-read,,,,0,0
231681129,Leyla's House,Zülfü Livaneli,"Livaneli, Zülfü","Brendan Freely, Yelda Türedi","=""163542206X""","=""9781635422061""",0,Other Press,Paperback,336,2026,2006,,2025/12/08,to-read,to-read (#2761),to-read,,,,0,0
239308073,As I Lay Dying,William Faulkner,"Faulkner, William",,"=""""","=""9798212633765""",0,"Blackstone Publishing, Inc.",Hardcover,248,2026,1930,,2025/12/06,to-read,to-read (#2760),to-read,,,,0,0
238969843,The Maltese Falcon,Dashiell Hammett,"Hammett, Dashiell",,"=""""","=""9798212633819""",0,"Blackstone Publishing, Inc.",Hardcover,278,2026,1930,,2025/12/06,to-read,to-read (#2759),to-read,,,,0,0
393199,Down and Out in Paris and London,George Orwell,"Orwell, George",,"=""015626224X""","=""9780156262248""",3.0,Mariner Books,Paperback,213,1972,1933,2025/12/05,2025/10/21,,,read,"Down and Out in Paris and London is a vivid look at poverty in two great cities.<br/><br/>The Paris chapters plunge the reader into a frantic world of grimy, overheated restaurant kitchens, and Orwell captures the chaos with sharp detail. The London section shifts into the slow rhythm of tramp life, where days blur together and even basic survival becomes routine, echoing the spirit of Jack Black’s ""You Can’t Win"".<br/><br/>Orwell’s dry humor and eye for small absurdities keep the book lively. He is at his best when showing the strange mixture of camaraderie among workers bound by exhaustion and a shared lack of money, and the steady misery that comes with being broke.<br/><br/>For me, the book never fully comes together as a cohesive narrative. It reads more like a series of vivid but loosely connected sketches, and the social commentary, though interesting, often interrupts the flow instead of emerging naturally from the scenes. The book felt more journalistic than emotional, driven by observation rather than character or narrative momentum, which may appeal to readers who prefer raw experiential writing over traditional storytelling.<br/><br/>Despite its unevenness, this remains an engaging early work from Orwell. Readers interested in restaurant culture, social history, or Orwell’s development as a writer will find plenty to appreciate. For others, it may feel less than essential.",,,1,0
11994903,Indian Horse,Richard Wagamese,"Wagamese, Richard",,"=""1553654021""","=""9781553654025""",0,Douglas & McIntyre,Paperback,221,2012,2012,,2025/12/05,to-read,to-read (#2758),to-read,,,,0,0
18050139,Medicine Walk,Richard Wagamese,"Wagamese, Richard",,"=""077108918X""","=""9780771089183""",0,McClelland & Stewart,Hardcover,245,2014,2014,,2025/12/05,to-read,to-read (#2757),to-read,,,,0,0
590563,Ragged Company,Richard Wagamese,"Wagamese, Richard",,"=""0385661568""","=""9780385661560""",0,Doubleday Canada,Hardcover,376,2008,2008,,2025/12/05,to-read,to-read (#2756),to-read,,,,0,0
38636042,Starlight,Richard Wagamese,"Wagamese, Richard",,"=""0771070845""","=""9780771070846""",0,McClelland & Stewart,Hardcover,256,2018,2018,,2025/12/05,to-read,to-read (#2755),to-read,,,,0,0
995815,The Outlander,Gil Adamson,"Adamson, Gil",,"=""0887842100""","=""9780887842108""",0,Anansi,Paperback,387,2007,2007,,2025/12/05,to-read,to-read (#2754),to-read,,,,0,0
18143918,The Homesman,Glendon Swarthout,"Swarthout, Glendon",,"=""1476754268""","=""9781476754260""",0,Simon & Schuster,Paperback,255,2014,1988,,2025/12/05,to-read,to-read (#2753),to-read,,,,0,0
128073,The Power of the Dog,Thomas Savage,"Savage, Thomas",Annie Proulx,"=""0316610895""","=""9780316610896""",0,"Little, Brown Paperbacks",Paperback,293,2001,1967,,2025/12/05,to-read,to-read (#2752),to-read,,,,0,0
9850443,The Sisters Brothers,Patrick deWitt,"deWitt, Patrick",,"=""0062041266""","=""9780062041265""",0,Ecco,Hardcover,328,2011,2011,,2025/12/05,to-read,to-read (#2751),to-read,,,,0,0
12738,The Transit of Venus,Shirley Hazzard,"Hazzard, Shirley",,"=""1860491812""","=""9781860491818""",0,Virago,Paperback,337,1995,1980,,2025/12/05,to-read,to-read (#2750),to-read,,,,0,0
31243077,Ties,Domenico Starnone,"Starnone, Domenico",Jhumpa Lahiri,"=""1609453859""","=""9781609453855""",0,Europa Editions,Paperback,150,2017,2014,,2025/12/05,to-read,to-read (#2749),to-read,,,,0,0
224790,Novels and Other Writings: The Dream Life of Balso Snell / Miss Lonelyhearts / A Cool Million / The Day of the Locust / Letters,Nathanael West,"West, Nathanael",Sacvan Bercovitch,"=""1883011280""","=""9781883011284""",0,Library of America,Hardcover,829,1997,1957,,2025/12/05,to-read,to-read (#2748),to-read,,,,0,0
425,Democracy,Joan Didion,"Didion, Joan",,"=""0679754857""","=""9780679754855""",0,Vintage International,Paperback,234,1995,1984,,2025/12/05,to-read,to-read (#2747),to-read,,,,0,0
51542370,Pew,Catherine Lacey,"Lacey, Catherine",,"=""0374230927""","=""9780374230920""",0,"Farrar, Straus and Giroux",Hardcover,224,2020,2020,,2025/12/05,to-read,to-read (#2746),to-read,,,,0,0
232206245,Escape!,Stephen  Fishbach,"Fishbach, Stephen",,"=""""","=""9798217048151""",0,Dutton,Hardcover,448,2026,2026,,2025/12/05,to-read,to-read (#2745),to-read,,,,0,0
234313834,Evil Genius,Claire Oshetsky,"Oshetsky, Claire",,"=""0063466481""","=""9780063466487""",0,Ecco,Hardcover,240,2026,2026,,2025/12/05,to-read,to-read (#2744),to-read,,,,0,0
238614756,Now I Surrender,Álvaro Enrigue,"Enrigue, Álvaro",Natasha Wimmer,"=""0593084071""","=""9780593084076""",0,Riverhead Books,Hardcover,464,2026,2018,,2025/12/05,to-read,to-read (#2743),to-read,,,,0,0
223665360,The Mad Wife,Meagan Church,"Church, Meagan",,"=""1464236747""","=""9781464236747""",4.0,Sourcebooks Landmark,Paperback,352,2025,2025,2025/12/04,2025/09/02,,,read,"The Mad Wife is one of those novels that defies easy genre labels. It has suspense and a few surprising twists, but I wouldn’t call it a thriller; it brushes up against historical fiction and mystery, but doesn’t sit neatly in either category. To me, it is domestic literary fiction that offers a character-driven story about identity, resilience, and the quiet unraveling of a 1950s housewife under suffocating expectations.<br/><br/>What I enjoyed most was the psychological depth. Meagan Church digs into the emotional cost of being a “perfect” mid-century wife: the performative smiles, the repression, and the medical gaslighting disguised as concern. Lulu’s inner world is beautifully explored, and the novel gives her space to question not only the people around her but her own sense of reality. The prose is sharp and straightforward, with flashes of lyricism that really stayed with me, such as “All of us are evolutions of ourselves…” or “Life is a continual process of letting go…” which feel like the book pausing to breathe and reflect.<br/><br/>I loved that there were twists I didn’t see coming, but the book does not rely on shock. Instead, it builds a slow, creeping sense of dread that mirrors Lulu’s growing uncertainty. It explores themes many readers will relate to, including grief, imposter syndrome, and the masks we put on to survive, while grounding everything in a vivid sense of time and place.<br/><br/>Overall, The Mad Wife is an accessible yet impactful read that I think a wide range of readers could enjoy. It is haunting and memorable. Just be sure to check the trigger warnings before diving in.",,,1,0
60321053,O Caledonia,Elspeth Barker,"Barker, Elspeth",Maggie O'Farrell,"=""1668004615""","=""9781668004616""",0,Scribner,Paperback,188,2022,1991,,2025/12/03,to-read,to-read (#2742),to-read,,,,0,0
214204244,The Café With No Name,Robert Seethaler,"Seethaler, Robert",Katy Derbyshire,"=""""","=""9798889660644""",0,Europa Editions,Hardcover,192,2025,2023,,2025/12/03,to-read,to-read (#2741),to-read,,,,0,0
150778873,Negative Space,Gillian Linden,"Linden, Gillian",,"=""1324065540""","=""9781324065548""",0,W. W. Norton & Company,Hardcover,176,2024,2024,,2025/12/03,to-read,to-read (#2740),to-read,,,,0,0
43521668,The Liar,Ayelet Gundar-Goshen,"Gundar-Goshen, Ayelet",Sondra Silverston,"=""0316445398""","=""9780316445399""",0,"Little, Brown and Company",Hardcover,278,2019,2019,,2025/12/03,to-read,to-read (#2739),to-read,,,,0,0
3929408,Waste,Eugene Marten,"Marten, Eugene",,"=""0963753614""","=""9780963756318""",0,Ellipsis Press,Paperback,116,2008,2008,,2025/12/03,to-read,to-read (#2738),to-read,,,,0,0
176964,The Slaves of Solitude,Patrick Hamilton,"Hamilton, Patrick",David Lodge,"=""1590172205""","=""9781590172209""",0,NYRB Classics,Paperback,242,2007,1947,,2025/12/03,to-read,to-read (#2737),to-read,,,,0,0
1818286,Our Spoons Came from Woolworths,Barbara Comyns,"Comyns, Barbara",,"=""0860683532""","=""9780860683537""",0,Virago Press Ltd,Paperback,223,1983,1950,,2025/12/03,to-read,to-read (#2736),to-read,,,,0,0
10068074,The Train,Georges Simenon,"Simenon, Georges",Robert Baldick,"=""1935554468""","=""9781935554462""",0,Melville House,Paperback,144,2011,1961,,2025/12/03,to-read,to-read (#2735),to-read,,,,0,0
36200536,The Ice Palace,Tarjei Vesaas,"Vesaas, Tarjei",,"=""0241321212""","=""9780241321218""",0,Penguin Classic,Paperback,139,2018,1963,,2025/12/03,to-read,to-read (#2734),to-read,,,,0,0
1228781,The Waitress Was New,Dominique Fabre,"Fabre, Dominique",Jordan Stump,"=""0977857697""","=""9780977857692""",0,Archipelago,Paperback,117,2008,2005,,2025/12/03,to-read,to-read (#2733),to-read,,,,0,0
407489,The Bathroom,Jean-Philippe Toussaint,"Toussaint, Jean-Philippe",,"=""0714528803""","=""9780714528809""",0,Marion Boyars,Hardcover,128,1991,1985,,2025/12/03,to-read,to-read (#2732),to-read,,,,0,0
29995651,Between Dog and Wolf (Russian Library),Sasha Sokolov,"Sokolov, Sasha",Alexander Boguslawski,"=""0231181477""","=""9780231181471""",0,Columbia University Press,Paperback,296,2016,1980,,2025/12/03,to-read,to-read (#2731),to-read,,,,0,0
231127269,The Subtle Art of Folding Space,John Chu,"Chu, John",,"=""1250425409""","=""9781250425409""",0,Tor Books,Hardcover,227,2026,2026,,2025/12/03,to-read,to-read (#2730),to-read,,,,0,0
239433278,Molka,Monika Kim,"Kim, Monika",,"=""1645661261""","=""9781645661269""",0,Erewhon Books,Hardcover,304,2026,2026,,2025/12/02,to-read,to-read (#2729),to-read,,,,0,0
49715,BUtterfield 8,John O'Hara,"O'Hara, John",Fran Lebowitz,"=""0812966988""","=""9780812966985""",0,Modern Library,Paperback,228,2003,1935,,2025/12/01,to-read,to-read (#2728),to-read,,,,0,0
587393,The Lost Scrapbook,Evan Dara,"Dara, Evan",,"=""1573660388""","=""9781573660389""",0,Fiction Collective 2,Paperback,476,1998,1995,,2025/12/01,to-read,to-read (#2727),to-read,,,,0,0
203200544,Perfection,Vincenzo Latronico,"Latronico, Vincenzo",Sophie Hughes,"=""1804271055""","=""9781804271056""",2.0,Fitzcarraldo Editions,Kindle Edition,137,2025,2022,2025/12/01,2025/06/05,,,read,"Vincenzo Latronico name-drops Animal Collective, vaporwave, and Helvetica Neue like he’s speed-running a Hipster Starter Pack. Perfection is 120 documentary-style pages (or a crisp 3-hour listen) of hipsters in their natural habitats: obsessing over aesthetics, curating their spaces, and quietly imploding under the weight of self-awareness. The concept may seem clever, but the total absence of dialogue or emotional heat leaves the whole thing feeling more like an art installation than a story.",,,1,0
208511276,On the Calculation of Volume II,Solvej Balle,"Balle, Solvej",Barbara J. Haveland,"=""0811237273""","=""9780811237277""",4.0,New Directions,Paperback,185,2024,2020,2025/12/01,2025/11/29,,,read,"Tara dissociates; she slips from herself. As anyone trapped in a single repeating day might, she realizes she’s now confined to one season. So she sets out in search of the others. What follows is a wandering, meditative pilgrimage through space and history: she seeks winter, spring, and summer, and in the process she stumbles across everything from the internet to the Roman Empire.<br/><br/>This volume feels like Solvej Balle asking: What if Tara stops circling her own terror long enough to live? What would she notice? Who would she become? Tara’s thoughts drift, settle, and reform, and the pleasure of the novel lies almost entirely in inhabiting her interiority. Not much “happens,” but that’s intentional. It’s a study in what remains when life’s structure disappears.<br/><br/>I loved how expansive the world suddenly feels. The novel stretches outward while everything stays tethered to Tara’s consciousness. Her searching becomes a strange, lovely metaphor: a woman caught outside of time trying to gather all the seasons back into her hands.<br/><br/>And then there’s the final paragraph, which finally (finally!) nudges the series forward. It’s a small shift, but it lands like a cliffhanger. After so much stasis, that movement feels seismic.<br/><br/>On The Calculation of Volume, Book II is a hypnotic, thoughtful continuation that’s restrained, existential, and quietly bold. I’m already itching for Volume III.<br/><br/>4.25 ⭐️",,,1,0
231126956,The Bones Beneath My Skin,T.J. Klune,"Klune, T.J.",,"=""1250890454""","=""9781250890450""",0,Tor Books,Paperback,416,2026,2018,,2025/12/01,to-read,to-read (#2726),to-read,,,,0,0
215344156,"Musashi: Book One - Earth, Water & Fire",Eiji Yoshikawa,"Yoshikawa, Eiji",Alexander Bennett,"=""4805318414""","=""9784805318416""",0,Tuttle Publishing,Paperback,576,2026,,,2025/12/01,to-read,to-read (#2725),to-read,,,,0,0
241217481,"Dungeon Crawler Carl (Dungeon Crawler Carl, #1)",Matt Dinniman,"Dinniman, Matt",,"=""0593820258""","=""9780593820254""",0,Ace,Paperback,466,2025,2020,,2025/12/01,to-read,to-read (#2724),to-read,,,,0,0
228665865,The Award,Matthew Pearl,"Pearl, Matthew",,"=""0063445271""","=""9780063445277""",0,Harper,Hardcover,256,2025,2025,,2025/11/30,to-read,to-read (#2723),to-read,,,,0,0
228665919,Television,Lauren Rothery,"Rothery, Lauren",,"=""0063443325""","=""9780063443327""",0,Ecco,Hardcover,256,2025,2025,,2025/11/30,to-read,to-read (#2722),to-read,,,,0,0
222376558,Before I Forget,Tory Henwood Hoen,"Hoen, Tory Henwood",,"=""1250276799""","=""9781250276797""",0,St. Martin's Press,Hardcover,274,2025,2025,,2025/11/30,to-read,to-read (#2721),to-read,,,,0,0
211934919,Something Rotten,Andrew Lipstein,"Lipstein, Andrew",,"=""0374613354""","=""9780374613358""",0,"Farrar, Straus and Giroux",Hardcover,352,2025,2025,,2025/11/30,to-read,to-read (#2720),to-read,,,,0,0
220161302,Daikon,Samuel Hawley,"Hawley, Samuel",,"=""1668083051""","=""9781668083055""",0,Avid Reader Press / Simon & Schuster,Hardcover,352,2025,2025,,2025/11/30,to-read,to-read (#2719),to-read,,,,0,0
205544315,Heart Lamp: Selected Stories,Banu Mushtaq,"Mushtaq, Banu",Deepa Bhasthi,"=""1916751164""","=""9781916751163""",0,And Other Stories,Paperback,215,2025,2024,,2025/11/30,to-read,to-read (#2718),to-read,,,,0,0
228895488,"Casanova 20: Or, Hot World",Davey Davis,"Davis, Davey",,"=""1646222830""","=""9781646222834""",0,Catapult,Paperback,304,2025,2025,,2025/11/30,to-read,to-read (#2717),to-read,,,,0,0
223443635,Stay Dead,Natalie Shapero,"Shapero, Natalie",,"=""1556597126""","=""9781556597121""",0,Copper Canyon Press,Paperback,104,2025,,,2025/11/30,to-read,to-read (#2716),to-read,,,,0,0
214151301,Tilt,Emma Pattee,"Pattee, Emma",,"=""1668055473""","=""9781668055472""",0,Scribner,Hardcover,229,2025,2025,,2025/11/30,to-read,to-read (#2715),to-read,,,,0,0
218569838,Florenzer,Phil Melanson,"Melanson, Phil",,"=""1324095032""","=""9781324095033""",0,Liveright,Hardcover,368,2025,2025,,2025/11/30,to-read,to-read (#2714),to-read,,,,0,0
217387733,The Other Love: Poems,Henri Cole,"Cole, Henri",,"=""0374619034""","=""9780374619039""",0,"Farrar, Straus and Giroux",Paperback,80,2025,,,2025/11/30,to-read,to-read (#2713),to-read,,,,0,0
220517410,Wanting,Claire Jia,"Jia, Claire",,"=""1963108272""","=""9781963108279""",0,Tin House,Paperback,361,2025,,,2025/11/30,to-read,to-read (#2712),to-read,,,,0,0
224042595,Great Disasters,Grady Chambers,"Chambers, Grady",,"=""1963108507""","=""9781963108507""",0,Tin House,Paperback,208,2025,,,2025/11/30,to-read,to-read (#2711),to-read,,,,0,0
228665871,A Long Game: Notes on Writing Fiction,Elizabeth McCracken,"McCracken, Elizabeth",,"=""006337529X""","=""9780063375291""",0,Ecco,Hardcover,208,2025,2025,,2025/11/30,to-read,to-read (#2710),to-read,,,,0,0
219301754,Fulfillment,Lee Cole,"Cole, Lee",,"=""0593802861""","=""9780593802861""",0,Knopf,Hardcover,336,2025,,,2025/11/30,to-read,to-read (#2709),to-read,,,,0,0
218696606,The Summer House,Masashi Matsuie,"Matsuie, Masashi",Margaret Mitsutani,"=""1635425182""","=""9781635425185""",0,Other Press,Kindle Edition,400,2025,2012,,2025/11/30,to-read,to-read (#2708),to-read,,,,0,0
222376729,The High Heaven,Joshua  Wheeler,"Wheeler, Joshua",,"=""1644453576""","=""9781644453575""",0,Graywolf Press,Hardcover,304,2025,,,2025/11/30,to-read,to-read (#2707),to-read,,,,0,0
229752730,A Long Winter,Colm Tóibín,"Tóibín, Colm",,"=""1668212714""","=""9781668212714""",0,Scribner,Hardcover,144,2025,,,2025/11/30,to-read,to-read (#2706),to-read,,,,0,0
219833252,King of Ashes,S.A. Cosby,"Cosby, S.A.",,"=""1250832063""","=""9781250832061""",0,Pine & Cedar,Hardcover,333,2025,2025,,2025/11/30,to-read,to-read (#2705),to-read,,,,0,0
208580627,Brightly Shining,Ingvild H. Rishøi,"Rishøi, Ingvild H.",Caroline Waight,"=""0802163491""","=""9780802163493""",0,Grove Press,Hardcover,192,2024,2021,,2025/11/30,to-read,to-read (#2704),to-read,,,,0,0
437815,The Country Life,Rachel Cusk,"Cusk, Rachel",,"=""0312198485""","=""9780312198480""",0,Picador USA,Hardcover,341,1999,1997,,2025/11/29,to-read,to-read (#2703),to-read,,,,0,0
43721059,The Night Watchman,Louise Erdrich,"Erdrich, Louise",,"=""0062671200""","=""9780062671202""",3.0,HarperCollins,ebook,464,2020,2020,2025/11/29,2024/09/15,,,read,"I really tried with The Night Watchman and even pushed myself to finish it, hoping it would eventually click. But in the end, my main reaction was… indifference. I never quite connected with the characters, and the plot didn’t pull me in the way I expected. The writing, while clearly meaningful to many readers, just felt very average to me.<br/><br/>What makes this harder is that the subject matter is genuinely important. The fight against the termination Indigenous tribes is a powerful story, and one I wanted to be deeply moved by. I can see how this resonates for so many people, but for whatever reason, the emotional impact never fully landed for me.<br/><br/>I’m honestly a little surprised by how praised this book is, but reading is so personal. This one simply wasn’t for me, even though I appreciate the significance of the history it’s drawing from.<br/><br/>2.5/5 ⭐️",,,1,0
54860573,Once There Were Wolves,Charlotte McConaghy,"McConaghy, Charlotte",,"=""1250244145""","=""9781250244147""",0,Flatiron Books,Hardcover,272,2021,2021,,2025/11/29,to-read,to-read (#2702),to-read,,,,0,0
231127187,Seasons of Glass and Iron: Stories,Amal El-Mohtar,"El-Mohtar, Amal",,"=""1250341000""","=""9781250341006""",0,Tordotcom,Hardcover,196,2026,2026,,2025/11/24,to-read,to-read (#2701),to-read,,,,0,0
46105,Between the Acts,Virginia Woolf,"Woolf, Virginia",,"=""015611870X""","=""9780156118705""",0,Mariner Books Classics,Paperback,224,1970,1941,,2025/11/23,to-read,to-read (#2700),to-read,,,,0,0
178565,Excellent Women,Barbara Pym,"Pym, Barbara",,"=""014310487X""","=""9780143104872""",0,Penguin Classics,Paperback,231,2006,1952,,2025/11/23,to-read,to-read (#2699),to-read,,,,0,0
673915,Last Night at the Lobster,Stewart O'Nan,"O'Nan, Stewart",,"=""0670018279""","=""9780670018277""",0,Viking Adult,Hardcover,160,2007,2007,,2025/11/23,to-read,to-read (#2698),to-read,,,,0,0
9820,Crossing to Safety,Wallace Stegner,"Stegner, Wallace","Terry Tempest Williams, T.H. Watkins","=""037575931X""","=""9780375759314""",0,Modern Library,Paperback,335,2002,1987,,2025/11/23,to-read,to-read (#2697),to-read,,,,0,0
97875,"44 Scotland Street (44 Scotland Street, #1)",Alexander McCall Smith,"Smith, Alexander McCall",Iain McIntosh,"=""1400079446""","=""9781400079445""",0,Vintage,Paperback,325,2005,2005,,2025/11/23,to-read,to-read (#2696),to-read,,,,0,0
220726833,"We Love You, Bunny (Bunny, #2)",Mona Awad,"Awad, Mona",,"=""1668059886""","=""9781668059883""",0,Scribner,Kindle Edition,496,2025,2025,,2025/10/01,"to-read, dnf","to-read (#2514), dnf (#4)",to-read,,,,0,0
228394781,Small Boat,Vincent Delecroix,"Delecroix, Vincent","Helen Stevenson, Jeremy Harding","=""1913109372""","=""9781913109370""",5.0,HopeRoad,Paperback,122,2025,2023,2025/11/21,2025/06/29,,,read,"Small Boat is one of those books that feels both fascinating and painful to read. I was struck by how deeply the author lets the reader inside the narrator’s head. It is almost unsettling at times, like being trapped in someone else’s conscience while they try to make sense of their own moral failures.<br/><br/>While the story centers on a tragedy in the English Channel, it is just as much about the psychology of rescue work, guilt, and the impossible ethics of deciding who gets saved and who does not. The book returns again and again to the unbearable truth that sometimes, even when someone is watching, help simply does not come.<br/><br/>The writing is sharp, philosophical, and at times almost dreamlike. Some passages read like moral poetry, especially when the narrator reflects on the sea and it becomes a character: ancient, indifferent, and a witness to every failure of human decency.<br/><br/>What stayed with me most is how the book explores the gap between intention and action. The narrator wrestles with the idea that most people want to believe they would say the words I will save you, even if they never step into the water. One line I kept returning to: “What mattered was not that they were saved; it was that I should be saved, and the whole world with me, through these words.” It is such a painfully accurate portrait of how we soothe ourselves with the idea of our own goodness.<br/><br/>Another moment that hit hard: “Even with their eyes shut, people are still watching… the stage is blacked out… they see nothing, but are still present at the drama.” The book stares straight at the uncomfortable truth that it is easier to feel moral than to be moral.<br/><br/>Small Boat is difficult, but never gratuitous. It is meant to be uncomfortable. The writing is astonishing—lyrical but never romanticized, raw without slipping into despair. I am genuinely glad I read it. It is one of the most thought-provoking books I have picked up this year.<br/><br/>4.5 stars, rounded up.",,,1,0
219522067,"Fresh, Green Life",Sebastian  Castillo,"Castillo, Sebastian",,"=""1593767919""","=""9781593767914""",0,Soft Skull,Paperback,160,2025,2025,,2025/11/21,to-read,to-read (#2695),to-read,,,,0,0
217388070,Dwelling,Emily Hunt Kivel,"Kivel, Emily Hunt",,"=""037461606X""","=""9780374616069""",0,"Farrar, Straus and Giroux",Hardcover,320,2025,,,2025/11/21,to-read,to-read (#2694),to-read,,,,0,0
231293028,The Appalachian Sea: Poems (Southern Messenger Poets),Steve Scafidi,"Scafidi, Steve",,"=""0807185132""","=""9780807185131""",0,LSU Press,Kindle Edition,71,2025,,,2025/11/21,to-read,to-read (#2693),to-read,,,,0,0
242678102,Homebound,Portia Elan,"Elan, Portia",,"=""1668201739""","=""9781668201732""",0,Scribner,Hardcover,304,2026,2026,,2025/11/21,to-read,to-read (#2692),to-read,,,,0,0
220175392,The Uproar,Karim Dimechkie,"Dimechkie, Karim",,"=""0316581186""","=""9780316581189""",0,"Little, Brown and Company",Hardcover,384,2025,,,2025/11/21,to-read,to-read (#2691),to-read,,,,0,0
208580741,Old School Indian,Aaron John Curtis,"Curtis, Aaron John",,"=""1638931453""","=""9781638931454""",3.0,Hillman Grad Books,Hardcover,333,2025,2025,2025/11/21,2025/01/24,,,read,"Old School Indian is a thoughtful and distinctive debut, one where the voice carries you even when the plot does not fully come together.<br/><br/>Abe Jacobs, a forty-three-year-old Mohawk man, returns to his reservation for a traditional healing while facing a serious illness. The trip forces him to confront his past, his family, his relationships, and the identity he has kept at a distance for decades. Curtis gives Abe a sharp, funny, restless narrative style that hooked me right away. Even when the story wandered, the voice stayed engaging. The presence of his alter-ego, Dominick Deer Woods, adds an extra layer of texture. Curtis is fearless in the way he plays with structure, memory, and tone, and that inventive approach is one of the book’s strongest qualities.<br/><br/>The plot itself felt scattered. Abe comes home because he is dying and hoping his great uncle can help, but the novel spends much of its time inside Abe’s head as he revisits past relationships, especially his marriage to Alex. That focus sometimes made the forward momentum feel thin. Still, Curtis brings a vivid sense of culture, history, and emotional tension to the page. The humor and linguistic playfulness kept the reading experience enjoyable even when the story felt uneven.<br/><br/>The novel tackles big themes with sincerity: generational trauma, belonging, and what it means to come home after years away. The cultural grounding and emotional transparency give the story its force, even when the structure wobbles.<br/><br/>Overall, I am glad I read it, but it is not one I am rushing to recommend. For me it landed at a solid 3 out of 5 stars. Curtis has an incredible voice and a willingness to take creative risks, and I will definitely be curious to see what he writes next.",,,1,0
74034,Amusing Ourselves to Death: Public Discourse in the Age of Show Business,Neil Postman,"Postman, Neil",Andrew Postman,"=""014303653X""","=""9780143036531""",0,Penguin Books,Paperback,184,2005,1985,,2025/11/21,to-read,to-read (#2690),to-read,,,,0,0
231126842,Wolf Worm,T. Kingfisher,"Kingfisher, T.",,"=""1250829828""","=""9781250829825""",0,Tor Nightfire,Hardcover,277,2026,2026,,2025/11/21,to-read,to-read (#2689),to-read,,,,0,0
19634,Who Will Run the Frog Hospital?,Lorrie Moore,"Moore, Lorrie",,"=""1400033829""","=""9781400033829""",0,Vintage,Paperback,147,2004,1994,,2025/11/20,to-read,to-read (#2688),to-read,,,,0,0
334731,The Homecoming,Harold Pinter,"Pinter, Harold",,"=""0802151051""","=""9780802151056""",0,Grove Press,Paperback,96,1994,1964,,2025/11/20,to-read,to-read (#2687),to-read,,,,0,0
606805,All Passion Spent,Vita Sackville-West,"Sackville-West, Vita",Victoria Glendinning,"=""""","=""""",0,Virago,Paperback,297,1983,1931,,2025/11/20,to-read,to-read (#2686),to-read,,,,0,0
6426026,The Financial Lives of the Poets,Jess Walter,"Walter, Jess",,"=""0061916048""","=""9780061916045""",0,Harper,Hardcover,304,2009,2009,,2025/11/20,to-read,to-read (#2685),to-read,,,,0,0
7403976,Am I a Redundant Human Being? (German and Austrian Literature Series),Mela Hartwig,"Hartwig, Mela",Kerri A Pierce,"=""1564785815""","=""9781564785817""",0,Dalkey Archive Press,Paperback,151,2010,2001,,2025/11/20,to-read,to-read (#2684),to-read,,,,0,0
27323,Hiroshima,John Hersey,"Hersey, John",,"=""0679721037""","=""9780679721031""",0,Vintage,Mass Market Paperback,152,1989,1946,,2025/11/20,to-read,to-read (#2683),to-read,,,,0,0
221473220,Ruins,Amy   Taylor,"Taylor, Amy",,"=""0593595602""","=""9780593595602""",4.0,The Dial Press,Hardcover,320,2025,2025,2025/11/20,2025/04/28,,,read,"Thank you to Random House / The Dial Press for providing access to this title through NetGalley. The following review reflects my honest and personal opinions.<br/><br/>Ruins by Amy Taylor follows a couple whose relationship is tested in unexpected ways against the sun-drenched backdrop of Athens, Greece. Emma is searching for meaning beyond work or motherhood, while Julian is grappling with the fallout of his stalled academic career. Things become complicated when they meet a young Greek woman named Lena.<br/><br/>Taylor excels at creating atmosphere. The novel is taut with emotional and psychological tension. Desire, power, and unspoken insecurities are subtly woven into the narrative. The writing is accessible yet literary, drawing readers into the characters’ morally complex world.<br/><br/>A clever element of the story is Emma’s reading of Medea. The play’s themes of betrayal, desire, and the consequences of morally fraught decisions echo the tensions in Emma, Julian, and Lena’s relationships. It highlights how passion and danger can coexist, and adds an extra layer of resonance to the unfolding drama.<br/><br/>The pace is slow to medium, particularly in the first half, as Taylor carefully establishes the characters’ motivations and backstories. I didn’t find the main characters particularly loveable, but their flaws felt realistic and thought-provoking. The story examines desire, intimacy, and human fallibility in a nuanced and insightful way.<br/><br/>The novel becomes more engaging once the stakes rise and the drama escalates. Emma’s introspection, Julian’s inner conflict, and Lena’s struggle with agency keep the narrative absorbing, even when morally ambiguous.<br/><br/>A “one year later” chapter offers reflection and closure, neatly tying together events and examining the ripple effects of choices.<br/><br/>Overall, Ruins was engaging, even if it wasn’t a perfect match for my personal tastes and suffered slightly from uneven pacing. I’d give it 3.5 out of 5 stars (rounded up to 4). Fans of literary fiction that examines flawed, morally complex characters, power dynamics, and emotional tension will find it satisfying.",,,1,0
228646203,Beasts of the Sea,Iida Turpeinen,"Turpeinen, Iida",David Hackston,"=""0316585831""","=""9780316585835""",0,"Little, Brown and Company",Hardcover,288,2025,2023,,2025/11/20,to-read,to-read (#2682),to-read,,,,0,0
222850710,Supersaurio,Meryem El Mehdati,"Mehdati, Meryem El",Julia Sanches,"=""1335090630""","=""9781335090638""",0,Hanover Square Press,Hardcover,320,2025,2022,,2025/11/20,to-read,to-read (#2681),to-read,,,,0,0
91416956,Someone Who Isn’t Me,Geoff Rickly,"Rickly, Geoff",,"=""""","=""9798987581827""",0,Rose Books,Paperback,258,2023,2023,,2025/11/20,to-read,to-read (#2680),to-read,,,,0,0
218431713,Waterline,Aram Mrjoian,"Mrjoian, Aram",,"=""0063393522""","=""9780063393523""",0,HarperVia,Hardcover,288,2025,,,2025/11/20,to-read,to-read (#2679),to-read,,,,0,0
228110355,The True True Story of Raja the Gullible (and His Mother),Rabih Alameddine,"Alameddine, Rabih",,"=""0802166474""","=""9780802166470""",0,Grove Press,Hardcover,336,2025,2025,,2025/11/20,to-read,to-read (#2678),to-read,,,,0,0
141310682,Limitarianism: The Case Against Extreme Wealth,Ingrid Robeyns,"Robeyns, Ingrid",,"=""0241578191""","=""9780241578193""",0,Allen Lane,Hardcover,336,2024,2023,,2025/11/20,to-read,to-read (#2677),to-read,,,,0,0
219299663,We Are Green and Trembling,Gabriela Cabezón Cámara,"Cámara, Gabriela Cabezón",Robin Myers,"=""081123861X""","=""9780811238618""",0,New Directions,Paperback,256,2025,2023,,2025/11/20,to-read,to-read (#2676),to-read,,,,0,0
208840291,The Serviceberry: Abundance and Reciprocity in the Natural World,Robin Wall Kimmerer,"Kimmerer, Robin Wall",John Burgoyne,"=""1668072246""","=""9781668072240""",0,Scribner,Hardcover,112,2024,2024,,2025/11/20,to-read,to-read (#2675),to-read,,,,0,0
195468033,Living Things,Munir Hachemi,"Hachemi, Munir",Julia Sanches,"=""1804270881""","=""9781804270882""",0,Fitzcarraldo Editions,Kindle Edition,116,2024,2018,,2025/11/19,to-read,to-read (#2674),to-read,,,,0,0
222376531,Atlas of Unknowable Things,McCormick Templeman,"Templeman, McCormick",,"=""1250393493""","=""9781250393494""",3.0,St. Martin's Press,Hardcover,308,2025,2025,2025/11/19,2025/09/26,,,read,"Thank you to St. Martin's Press for providing this book for review consideration via NetGalley. All opinions are my own.<br/><br/>Atlas of Unknowable Things sets out with an irresistible premise: a modern gothic mystery set high in the Rocky Mountains at secluded Hildegard College. Historian Robin Quain arrives for a prestigious residency, seemingly to study ancient manuscripts, but privately determined to uncover a mysterious artifact.<br/><br/>From the outset, the atmospheric strangeness hooked me: strange sounds over the lake, flickering lights between the pines, and faculty members who feel just a shade too polished to be real. Without spoiling anything, it was interesting to follow Robin's shift in perspective as curiosity overtook fear and she felt she might finally be at the center of something meaningful.<br/><br/>Templeman excels in the novel’s imaginative blend of historical detail, botanical lore, and occult intrigue. The setting is lush, inventive, and often the strongest part of the experience.<br/><br/>Where the book faltered for me was in its character work and dialogue. Several lines undercut the carefully crafted atmosphere. A moment like, “he tried to give me handsome-boy sad eyes, but I wasn’t falling for it. Looks only counted for so much” pulled me straight out of the tension. For a story steeped in gothic unease, many character interactions felt too forced or self-conscious to sustain the mood.<br/><br/>The plot hinges on Robin uncovering Hildegard’s secrets, and while the early breadcrumbs were intriguing, her later limitations didn’t feel organic or make a lot of narrative sense.<br/><br/>My frustration with her lack of progress peaked when Robin finally voices the exact question I’d been asking: why is she still here? She recognizes that the situation has tipped from intriguing into outright disorienting and even considers leaving. Up to that moment, the book had been building toward the importance of her discoveries, only to undercut itself with an abrupt shift that made the momentum feel squandered. It left me with the sense that the plot was pulling back the curtain simply to reveal a shrug.<br/><br/>By the end, Robin breaks the fourth wall and addresses the reader directly. I won’t give away what she says, but it’s an interesting thematic gesture that points toward the slipperiness of truth, perception, and the stories we tell ourselves. In practice, though, it didn’t fully smooth over the unevenness I felt in the novel’s middle.<br/><br/>For me, this was an engaging premise with flashes of brilliance, but the inconsistent character dynamics and narrative choices kept it from fully landing. I rate it 2.75 stars, rounded up to 3. That said, I would still recommend it to readers who love enigmatic academic settings, metafictional twists, and stories where atmosphere takes precedence over clarity. Fans of modern gothic mysteries may be more satisfied than I was with the novel’s ambition, experimental structure, and eerie campus vibes.",,,1,0
167067538,"Moon of the Turning Leaves (Moon, #2)",Waubgeshig Rice,"Rice, Waubgeshig",,"=""0358673259""","=""9780358673255""",0,William Morrow,Hardcover,307,2024,2023,,2025/11/19,to-read,to-read (#2673),to-read,,,,0,0
199344846,Knife: Meditations After an Attempted Murder,Salman Rushdie,"Rushdie, Salman",,"=""0593730240""","=""9780593730249""",5.0,Random House,Hardcover,209,2024,2024,2024/06/03,2023/12/18,,,read,"Knife is a deeply personal and searing memoir in which Rushdie recounts the 2022 knife attack, his long physical recovery, and the emotional aftermath.<br/><br/>He writes with wit, urgency, and unflinching honesty. This is far more than a record of trauma. It is a meditation on survival, love, art, and the power of creativity in the face of violence.<br/><br/>This book is for anyone who believes in art as a way to make sense of the unthinkable. It is a testament to resilience, freedom of expression, and the redemptive power of writing.",,,1,0
2195464,What I Talk About When I Talk About Running,Haruki Murakami,"Murakami, Haruki",Philip Gabriel,"=""""","=""""",5.0,Knopf Publishing Group,Hardcover,188,2008,2007,2025/01/28,2024/06/11,,,read,"“Pain is inevitable, suffering is optional.” <br/><br/>In this deceptively simple memoir, Murakami reflects on the irrepressible link between his writing life and his passion for running. He writes candidly about preparing for marathons, training alone, and the strange, meditative space you enter while running. The book feels like philosophy in motion in that Murakami reveals that running isn’t just physical training, but a metaphor for endurance, creativity, and the solitary craft of writing.<br/><br/>If you're into running, writing, or just curious about the discipline behind creativity, this memoir offers a quietly powerful portrait of what it takes to keep going, mile after mile, word after word.",,,1,0
48578933,Bird by Bird: Some Instructions on Writing and Life,Anne Lamott,"Lamott, Anne",,"=""0385480016""","=""9780385480017""",5.0,Anchor,Paperback,222,1995,1994,2024/10/12,2022/07/21,,,read,"Bird by Bird is equal parts writer’s manual and heart-to-heart pep talk. Lamott’s voice is warm, funny, and unfiltered, full of hilarious stories about family, faith, and the painful, beautiful chaos of putting words on the page. It's easy to enjoy the raw honesty of her advice, such as “tell the truth … risk being unliked”, and how she nudges you to write even when you don’t feel ready. <br/><br/>Whether you’re a seasoned writer or just someone who dreams of starting, Bird by Bird reminds you that writing is messy and slow, and that’s okay! It teaches you to take things one “bird” at a time, with courage, grace, and humor.",,,1,0
198902277,The Wedding People,Alison Espach,"Espach, Alison",,"=""""","=""""",4.0,Henry Holt and Company,Hardcover,367,2024,2024,2025/11/18,2025/08/30,,,read,,,,1,0
218242688,Bones of a Giant,Brian Thomas Isaac,"Isaac, Brian Thomas",,"=""1039011772""","=""9781039011779""",0,Random House Canada,Hardcover,320,2025,,,2025/11/17,to-read,to-read (#2672),to-read,,,,0,0
231387420,"My Lover, the Rabbi",Wayne Koestenbaum,"Koestenbaum, Wayne",,"=""0374620180""","=""9780374620189""",0,FSG Originals,Paperback,464,2026,2026,,2025/11/16,to-read,to-read (#2671),to-read,,,,0,0
15888,An Instance of the Fingerpost,Iain Pears,"Pears, Iain",,"=""1573227951""","=""9781573227957""",0,Penguin Publishing Group,Paperback,705,2000,1997,,2025/11/16,to-read,to-read (#2670),to-read,,,,0,0
25829156,Arcadia,Iain Pears,"Pears, Iain",,"=""0571301584""","=""9780571301584""",0,Faber & Faber,Paperback,608,2015,2015,,2025/11/16,to-read,to-read (#2669),to-read,,,,0,0
219730560,The Sentence,Gautam  Bhatia,"Bhatia, Gautam",,"=""9360451525""","=""9789360451523""",0,Westland IF,Paperback,396,2024,2024,,2025/11/16,to-read,to-read (#2668),to-read,,,,0,0
220160272,The Slip,Lucas Schaefer,"Schaefer, Lucas",,"=""1668030705""","=""9781668030707""",0,Simon & Schuster,Hardcover,496,2025,2025,,2025/11/16,to-read,to-read (#2667),to-read,,,,0,0
34381090,Ambiguity Machines and Other Stories,Vandana Singh,"Singh, Vandana",,"=""1618731432""","=""9781618731432""",0,Small Beer Press,Trade Paperback,320,2018,2018,,2025/11/16,to-read,to-read (#2666),to-read,,,,0,0
55868456,The Spear Cuts Through Water,Simon Jimenez,"Jimenez, Simon",,"=""0593156595""","=""9780593156599""",0,Del Rey,Hardcover,525,2022,2022,,2025/11/16,to-read,to-read (#2665),to-read,,,,0,0
63198504,Valuable Humans in Transit and Other Stories,qntm,"qntm, qntm",Sam  Hughes,"=""""","=""""",0,,Kindle Edition,101,2022,2006,,2025/11/16,to-read,to-read (#2664),to-read,,,,0,0
6495110,The True Deceiver,Tove Jansson,"Jansson, Tove","Ali Smith, Thomas Teal","=""1590173295""","=""9781590173299""",0,NYRB Classics,Paperback,181,2009,1982,,2025/11/16,to-read,to-read (#2663),to-read,,,,0,0
166912,The Big Clock,Kenneth Fearing,"Fearing, Kenneth",Nicholas Christopher,"=""1590171810""","=""9781590171813""",0,NYRB Classics,Paperback,175,2006,1946,,2025/11/16,to-read,to-read (#2662),to-read,,,,0,0
40940121,Bridge to Terabithia,Katherine Paterson,"Paterson, Katherine",,"=""""","=""""",0,HarperCollins,Kindle Edition,190,2009,1977,,2025/11/16,to-read,to-read (#2661),to-read,,,,0,0
54007586,Running the Light,Sam Tallent,"Tallent, Sam",,"=""""","=""9798617909809""",0,Independently published,Paperback,290,2020,2020,,2025/11/16,to-read,to-read (#2660),to-read,,,,0,0
61842212,Soldier Sailor,Claire Kilroy,"Kilroy, Claire",,"=""""","=""""",0,Faber & Faber,ebook,256,2023,2023,,2025/11/16,to-read,to-read (#2659),to-read,,,,0,0
95696897,Still Born,Guadalupe Nettel,"Nettel, Guadalupe",Rosalind Harvey,"=""1639730044""","=""9781639730049""",0,Bloomsbury Publishing,Kindle Edition,224,2023,2020,,2025/11/16,to-read,to-read (#2658),to-read,,,,0,0
114606,"The Steppe and Other Stories, 1887-91",Anton Chekhov,"Chekhov, Anton","Ronald Wilks, Donald Rayfield","=""0140447857""","=""9780140447859""",0,Penguin Classics,Paperback,416,2001,1881,,2023/09/26,to-read,to-read (#1000),to-read,,,,0,0
25779644,H Is for Hawk,Helen Macdonald,"Macdonald, Helen",,"=""0802124739""","=""9780802124739""",0,Grove Press,Paperback,300,2016,2014,,2025/11/15,to-read,to-read (#2657),to-read,,,,0,0
224057566,The Devil Is a Southpaw,Brandon Hobson,"Hobson, Brandon",,"=""0063259656""","=""9780063259652""",4.0,Ecco,Hardcover,352,2025,2025,2025/11/15,2025/10/03,,,read,"A challenging but unexpectedly addicting read.<br/><br/>It feels like this novel should come with a disclaimer: Don’t expect to feel in control—let the narrator’s obsession and passion wash over you. The flowery, hypnotic language is part of the experience, not an obstacle.<br/><br/>Hobson strikes a sharp balance between visceral, propulsive prose and a plot that simmers in a dark, mysterious atmosphere. The result is a slow, immersive burn that echoes in your thoughts afterward.<br/><br/>4.25/5",,,1,0
633484,Carpentaria,Alexis Wright,"Wright, Alexis",,"=""""","=""""",0,Giramondo,Paperback,520,2006,2006,,2025/11/15,to-read,to-read (#2656),to-read,,,,0,0
222419303,Play Nice,Rachel   Harrison,"Harrison, Rachel",,"=""0593642570""","=""9780593642573""",0,Berkley,Hardcover,325,2025,2025,,2025/11/15,to-read,to-read (#2655),to-read,,,,0,0
222419255,Coffin Moon,Keith Rosson,"Rosson, Keith",,"=""0593733401""","=""9780593733400""",0,Random House,Hardcover,320,2025,2025,,2025/11/15,to-read,to-read (#2654),to-read,,,,0,0
217388147,The Hounding,Xenobe Purvis,"Purvis, Xenobe",,"=""1250366380""","=""9781250366382""",2.0,Henry Holt and Co.,Hardcover,240,2025,2025,2025/11/15,2025/05/12,,,read,,,,1,0
53669008,The Colour Out of Space,H.P. Lovecraft,"Lovecraft, H.P.",,"=""""","=""""",5.0,,Kindle Edition,24,2020,1927,2024/07/07,2024/07/07,,,read,,,,1,0
222925690,The Whistler,Nick Medina,"Medina, Nick",,"=""0593820401""","=""9780593820407""",0,Berkley,Hardcover,368,2025,2025,,2025/11/14,to-read,to-read (#2653),to-read,,,,0,0
214565614,The Buffalo Hunter Hunter,Stephen Graham Jones,"Jones, Stephen Graham",,"=""1668075083""","=""9781668075081""",0,S&S/Saga Press,Hardcover,448,2025,2025,,2025/11/14,"to-read, dnf","to-read (#2652), dnf (#3)",to-read,,,,0,0
598117,Sounder,William H. Armstrong,"Armstrong, William H.",James Barkley,"=""0064400204""","=""9780064400206""",0,HarperCollins,Paperback,116,1995,1969,,2025/11/14,to-read,to-read (#2651),to-read,,,,0,0
53441181,The Removed,Brandon Hobson,"Hobson, Brandon",,"=""0062997548""","=""9780062997548""",0,Ecco,Hardcover,288,2021,2021,,2025/11/14,to-read,to-read (#2650),to-read,,,,0,0
1268257,Rat Man of Paris,Paul West,"West, Paul",,"=""0879515023""","=""9780879515027""",0,Overlook Books,Paperback,180,1993,1986,,2025/11/14,to-read,to-read (#2649),to-read,,,,0,0
28649367,Trilogy,Jon Fosse,"Fosse, Jon",May-Brit Akerholt,"=""1628971398""","=""9781628971392""",0,Dalkey Archive Press,Paperback,147,2016,2014,,2025/11/13,to-read,to-read (#2648),to-read,,,,0,0
214152163,Scorched Earth: Poems,Tiana Clark,"Clark, Tiana",,"=""1668052075""","=""9781668052075""",0,Washington Square Press,Paperback,112,2025,2025,,2025/11/11,to-read,to-read (#2647),to-read,,,,0,0
239304864,Willow Rose,M. Kevin  Hayden,"Hayden, M. Kevin",,"=""""","=""9798992780543""",0,Muse of the Moon Books,Hardcover,206,2025,,,2025/11/11,to-read,to-read (#2646),to-read,,,,0,0
56304400,Hench,Natalie Zina Walschots,"Walschots, Natalie Zina",,"=""0062978586""","=""9780062978585""",0,William Morrow Paperbacks,Paperback,448,2021,2020,,2025/11/10,to-read,to-read (#2645),to-read,,,,0,0
199503581,Basilisk,Matt Wixey,"Wixey, Matt",,"=""1803367369""","=""9781803367361""",0,Titan Books,Kindle Edition,556,2025,2025,,2025/11/09,to-read,to-read (#2644),to-read,,,,0,0
221502398,The Possession of Alba Díaz,Isabel Cañas,"Cañas, Isabel",,"=""0593641078""","=""9780593641071""",0,Berkley,Hardcover,369,2025,2025,,2025/11/09,to-read,to-read (#2643),to-read,,,,0,0
218695937,The Dream Hotel,Laila Lalami,"Lalami, Laila",,"=""0593317602""","=""9780593317600""",0,Pantheon,Hardcover,336,2025,2025,,2025/11/09,dnf,dnf (#2),read,,,,0,0
217453576,Immaculate Conception,Ling Ling Huang,"Huang, Ling Ling",,"=""0593850432""","=""9780593850435""",4.0,Dutton,Hardcover,291,2025,2025,2025/11/09,2024/11/28,,,read,"If you like literary-speculative fiction that blurs art, obsession, and technology, this one’s worth checking out. It follows Enka, a struggling artist who becomes entangled with the dazzling Mathilde, and explores the possibilities of a new technology called the Scaffold that links minds in the name of empathy and creative collaboration. The result is part art-world fever dream, part psychological thriller, paced like a slow burn that builds to something raw and unnerving.<br/><br/>This book teetered right on the edge of me really liking it. While the razor-sharp writing and blistering emotions had me devouring the novel in only a few sittings, the Scaffold concept and the way Enka connects her mind with Mathilde felt contrived, a little too gimmicky. Still, Huang’s prose and emotional insight nearly overcame that. The psychology at play was fascinating, and I enjoyed seeing how easily admiration blurs into fixation, and good intentions curdle into something murkier. I loved watching their friendship evolve from awe to dependency to quiet destruction. The art scenes and Enka’s hunger to be great grounded the book in something painfully human.<br/><br/>What stuck with me most was the tension between devotion and desire, and how ambition can corrode empathy. The mind-link premise sometimes veered into cringe territory, but Huang always reeled it back with beautiful, devastating clarity. I was frequently caught between fascination and discomfort, in a wonderful way.<br/><br/>I rate Immaculate Conception a 3.75/5 because it’s a fearless, unnerving exploration of art, envy, and identity, but it didn’t win me over completely. ",,,1,0
230910361,Shadow Ticket,Thomas Pynchon,"Pynchon, Thomas",,"=""1594206104""","=""9781594206108""",4.0,Penguin Press,Hardcover,293,2025,2025,2025/11/07,2025/04/09,,,read,"I went into Shadow Ticket with high hopes. I’m glad to say I had fun with it!<br/><br/>Milwaukee, 1932. Private-eye Hicks McTaggart thinks he’s found stability and job security until he’s assigned to track down the heiress of a Wisconsin cheese fortune who’s wandered off. The search goes transatlantic, and Hicks ends up in Hungary, chasing more than a missing woman while crossing paths with Nazis, Soviet agents, British spies, outlaw bikers, jazz musicians, and paranormal knacksters.<br/><br/>On the surface, it’s a rollicking detective caper full of absurd turns and vintage style. Beneath that playful shell lies Pynchon’s continuing obsession with unraveling the myth of individual agency in the face of sprawling systems like capitalism, fascism, and espionage. The detective doesn’t so much solve the case as drift through it while the ground gives way beneath him, suggesting that knowledge accumulates faster than meaning. In our current state of global disinformation, rising authoritarianism, and bizarre conspiracies, Hicks’s Lindy-hop through chaos feels oddly timely. He’s not heroic; he’s just trying not to trip. Character-wise, Hicks is unique and likable. His past as a strikebreaker and his moral unease are there, but the focus remains more on the world around him than on his inner life.<br/><br/>As for the title: a “ticket” refers to a case assignment given to a gumshoe, or his reason to exist within the system. The “shadow” part echoes both the literal noir tone and a historical reference to Hungary’s so-called “shadow region,” an area caught between empires and ideologies. Together, Shadow Ticket hints at a mission through murky borders, where the line between reality and paranoia blurs and even one’s sense of purpose becomes suspect.<br/><br/>This is vintage Pynchon: secret organizations, weird phenomena, song lyrics tucked into dialogue, conspiracies riffing into absurdity. It feels like Pynchon having fun while still keeping his thematic backbone intact. Whether you rank Shadow Ticket among his best or not, it’s a reminder that no one else writes like him.<br/><br/>Of course, there’s plenty here to please longtime Pynch-heads, but die-hards may feel the darker depths of paranoia and the labyrinthine digressions of earlier years are slightly muted. If you wanted another Gravity’s Rainbow or expected Pynchon to reinvent himself entirely, you might come away disappointed.<br/><br/>If you’re in the mood for something joyously eccentric, richly layered with historical oddities, jazzy detective drama, and cheese conspiracies, this book delivers. It’s buoyant, imaginative, and full of sentences that make you grin mid-page. The pacing moves from a smooth detective-lounge opening into a free-fall of conjured locations and surreal shifts. Don’t expect a steady gear change...expect a tumble!<br/><br/>A small PSA for those new to Pynchon: if you’re expecting tight plotting, deeply defined characters, or a firm central message, you might get frustrated. Sometimes the weirdness overwhelms coherence, but remember, feeling untethered is half the fun!",,,1,0
214152261,Flesh,David Szalay,"Szalay, David",,"=""198212279X""","=""9781982122799""",3.0,Scribner,Hardcover,368,2025,2025,2025/11/06,2025/03/31,,,read,"Shortlisted for the Booker Prize 2025, Flesh follows a Hungarian man whose life is marked from adolescence by a disturbing sexual relationship that shapes how he relates to others and drifts through the world.<br/><br/>The first section hooked me. The writing is taut and unsettling, and I kept thinking, ""where is this going""? Well into the book I was still wondering.  And THEN, I realized, ""oh, it’s one of those books"". Szalay uses a “life told in moments” structure: instead of dramatic peaks, we get a steady drip of experience, movement, and feeling. The plot focuses less on dramatic change than on accumulated experience, drift through different social strata, and the body’s and psyche’s quiet response to events. Once I understood that, the novel’s shape made sense, even if it still left me slightly adrift.<br/><br/>István is a difficult protagonist to connect with. He moves through life passively, with things happening to him rather than because of him, and his emotional flatness can be frustrating. Yet the book’s strength lies in tracing how his early trauma ripples through later relationships, and how the body holds what the mind cannot articulate. The title becomes its thesis: the body (flesh) is a metaphor for where trauma happens, desire shows up, status is carried, and aging betrays.<br/><br/>Even the cover reinforces these themes: an apple core revealing the silhouettes of two people, a striking image of what’s been consumed and what remains, and how human connection exists in hollowed-out spaces. It mirrors a story preoccupied with what endures after damage, and what’s left once everything essential has been stripped away.<br/><br/>Ultimately, Flesh is spare, haunting, and occasionally brilliant. It’s an introspective study of damage, disconnection, and the ways early trauma shapes a life, and while it didn’t fully grip me emotionally, I appreciate the depth of its themes and the precision of Szalay’s writing.<br/><br/>Though I’m torn on the rating and it could easily be a 3.5, I’m going with 3 because it more accurately reflects how much I enjoyed the book.",,,1,0
13082431,A Breath of Life,Clarice Lispector,"Lispector, Clarice","Johnny Lorenz, Benjamin Moser","=""0811219623""","=""9780811219624""",0,New Directions,Paperback,167,2012,1978,,2025/11/06,to-read,to-read (#2642),to-read,,,,0,0
60707,A Month in the Country,J.L. Carr,"Carr, J.L.",Michael Holroyd,"=""0940322471""","=""9780940322479""",4.0,NYRB Classics,Paperback,160,2000,1980,2025/10/03,2024/04/03,,,read,"A shell-shocked veteran of WWI is hired to uncover a medieval mural in a Yorkshire church, where he finds quiet healing.<br/><br/>I found this short novel gentle and atmospheric. Carr captures the slow rhythms of rural life and the sense of time suspended after trauma. The restoration of the mural mirrors the protagonist’s own recovery, and his interactions with the vicar’s wife add just enough tension to the stillness.<br/><br/>Some readers may find this understated story undeniably beautiful but also missing the emotional swell that might have made it truly unforgettable. Still, there’s much to admire here: the prose is spare but luminous, and every scene hums with warmth and melancholy.<br/><br/>A Month in the Country is a solid read for anyone who enjoys quiet, pastoral fiction about healing, art, and the gentle passage of time.",,,1,0
238354988,Ruins,Lily Brooks-Dalton,"Brooks-Dalton, Lily",,"=""1538770520""","=""9781538770528""",0,Grand Central Publishing,Hardcover,389,2026,2026,,2025/11/06,to-read,to-read (#2641),to-read,,,,0,0
16435236,"Gooseberries and other stories (Penguin Little Black Classics, #34)",Anton Chekhov,"Chekhov, Anton",Constance Garnett,"=""5552040554""","=""""",0,Xlibris Corporation,ebook,,2001,1898,,2025/11/06,to-read,to-read (#2640),to-read,,,,0,0
50270,Master And Man,Leo Tolstoy,"Tolstoy, Leo",,"=""1421803674""","=""9781421803678""",0,,Hardcover,57,2006,1895,,2025/11/06,to-read,to-read (#2639),to-read,,,,0,0
24874316,Anthem for Doomed Youth,Wilfred Owen,"Owen, Wilfred",,"=""0141397608""","=""9780141397603""",0,Penguin Classics,Mass Market Paperback,54,2015,1920,,2025/11/06,to-read,to-read (#2638),to-read,,,,0,0
241483206,Villa Coco,Andrew Sean Greer,"Greer, Andrew Sean",,"=""0385551975""","=""9780385551977""",0,Doubleday,Hardcover,288,2026,2026,,2025/11/06,to-read,to-read (#2637),to-read,,,,0,0
24874312,The Nose,Nikolai Gogol,"Gogol, Nikolai",,"=""0141397527""","=""9780141397528""",3.0,Penguin Classics,Mass Market Paperback,53,2015,1836,2025/11/05,2025/06/22,,,read,,,,1,0
2895911,The Bet,Anton Chekhov,"Chekhov, Anton",,"=""0895986841""","=""9780895986849""",0,,ebook,48,,1889,,2025/11/05,to-read,to-read (#2636),to-read,,,,0,0
141352,A Hunger Artist (Short Prose of Franz Kafka),Franz Kafka,"Kafka, Franz","Helen Vlcnovska, Kevin Blahut","=""8090217117""","=""9788090217119""",3.0,Twisted Spoon Press,Hardcover,84,1996,1924,2025/11/05,2022/07/31,,,read,2.5,,,1,0
329866,The Dream of a Ridiculous Man,Fyodor Dostoevsky,"Dostoevsky, Fyodor",Fyodor Dostoyevsky,"=""1419160222""","=""9781419160226""",3.0,Kessinger Publishing,Paperback,32,2004,1877,2025/11/05,2024/01/03,,,read,,,,1,0
410810,Notes of a Native Son,James Baldwin,"Baldwin, James",,"=""0807064319""","=""9780807064313""",0,Beacon Press,Paperback,192,1984,1955,,2025/11/05,to-read,to-read (#2635),to-read,,,,0,0
25694617,His Bloody Project: Documents Relating to the Case of Roderick Macrae,Graeme Macrae Burnet,"Burnet, Graeme Macrae",,"=""1910192147""","=""9781910192146""",0,Contraband,Paperback,282,2015,2015,,2025/11/05,to-read,to-read (#2634),to-read,,,,0,0
120182,The Black Prince,Iris Murdoch,"Murdoch, Iris",Martha C. Nussbaum,"=""0142180114""","=""9780142180112""",0,Penguin Classics,Paperback,408,2003,1973,,2025/11/05,to-read,to-read (#2633),to-read,,,,0,0
816,Cryptonomicon,Neal Stephenson,"Stephenson, Neal",,"=""""","=""""",0,Avon,Mass Market Paperback,1152,2002,1999,,2025/11/05,to-read,to-read (#2632),to-read,,,,0,0
53285047,"Bunny (Bunny, #1)",Mona Awad,"Awad, Mona",,"=""0525559752""","=""9780525559757""",0,Penguin Books,Paperback,305,2020,2019,,2025/11/05,to-read,to-read (#2631),to-read,,,,0,0
232885503,Hemlock,Melissa Faliveno,"Faliveno, Melissa",,"=""0316588199""","=""9780316588195""",0,"Little, Brown and Company",Hardcover,352,2026,2026,,2025/11/05,to-read,to-read (#2630),to-read,,,,0,0
58677,Loitering with Intent,Muriel Spark,"Spark, Muriel",,"=""0811214745""","=""9780811214742""",0,New Directions,Paperback,224,2001,1981,,2025/11/04,to-read,to-read (#2629),to-read,,,,0,0
69516,A Far Cry from Kensington,Muriel Spark,"Spark, Muriel",,"=""0811214575""","=""9780811214575""",0,New Directions,Paperback,189,2000,1988,,2025/11/04,to-read,to-read (#2628),to-read,,,,0,0
517188,The Prime of Miss Jean Brodie,Muriel Spark,"Spark, Muriel",,"=""0060931736""","=""9780060931735""",0,Harper Perennial,Paperback,150,1999,1961,,2025/11/04,to-read,to-read (#2627),to-read,,,,0,0
34876155,Return to Tipasa,Albert Camus,"Camus, Albert",,"=""""","=""""",0,,Unknown Binding,,,1950,,2025/11/04,to-read,to-read (#2626),to-read,,,,0,0
226381542,Helm,Sarah Hall,"Hall, Sarah",,"=""0063439948""","=""9780063439948""",0,Mariner Books,Hardcover,368,2025,2025,,2025/11/03,to-read,to-read (#2625),to-read,,,,0,0
220984498,Helm,Sarah Hall,"Hall, Sarah",,"=""0571383556""","=""9780571383559""",0,Faber & Faber,Hardcover,340,2025,2025,,2025/11/03,to-read,to-read (#2624),to-read,,,,0,0
35749432,"Autumn (Seasonal, #1)",Ali Smith,"Smith, Ali",,"=""1101969946""","=""9781101969946""",0,Vintage,Paperback,260,2017,2016,,2025/11/03,to-read,to-read (#2623),to-read,,,,0,0
215344182,Botchan (Tuttle Classics),Natsume Sōseki,"Sōseki, Natsume","Umeji Sasaki, Dennis Washburn","=""4805318228""","=""9784805318225""",0,Tuttle Publishing,Paperback,192,2025,1906,,2025/11/03,to-read,to-read (#2622),to-read,,,,0,0
19276004,Satantango,László Krasznahorkai,"Krasznahorkai, László",George Szirtes,"=""0811219569""","=""9780811219563""",3.0,New Directions,Kindle Edition,288,2012,1985,2025/11/02,2022/07/23,,,read,,,,1,0
59151,Chess Story,Stefan Zweig,"Zweig, Stefan","Peter Gay, Joel Rotenberg, Стефан Цвайг","=""1590171691""","=""9781590171691""",4.0,NYRB Classics,Paperback,104,2005,1942,2025/10/14,2022/07/03,,,read,"Chess Story is a concise, psychologically sharp novella about obsession, memory, and the strange hold a game can have over the mind. On a ship to Buenos Aires, a world-champion chess player crosses paths with an unlikely opponent, and what begins as a simple match pulls into deeper territory. Chess becomes more than a game, and thinking turns inward in unsettling ways.<br/><br/>Zweig writes with precision and restraint; every page feels purposeful. Even as someone who already loves chess, I appreciated how the book captures both the thrill of the game and the claustrophobia of over-thinking it.<br/><br/>The ending is abrupt and left me wanting a bit more, but it feels in keeping with the book’s focus on psychological tension over tidy resolution.<br/><br/>Chess Story is a short, thoughtful, and quietly gripping read that sits with you after you finish it.",,,1,0
60243188,Bliss Montage,Ling  Ma,"Ma, Ling",,"=""0374293511""","=""9780374293512""",3.0,"Farrar, Straus and Giroux",Hardcover,228,2022,2022,2025/10/31,2023/11/11,,,read,,,,1,0
42185901,"Baron Wenckheim's Homecoming (Apocalypse Quartet, #4)",László Krasznahorkai,"Krasznahorkai, László",Ottilie Mulzet,"=""0811226646""","=""9780811226646""",0,New Directions,Hardcover,558,2019,2016,,2025/10/31,to-read,to-read (#2621),to-read,,,,0,0
208511270,On the Calculation of Volume I,Solvej Balle,"Balle, Solvej",Barbara J. Haveland,"=""0811237257""","=""9780811237253""",5.0,New Directions,Paperback,176,2024,2020,2025/10/18,2025/09/10,,,read,"Time could break. On The Calculation of Volume I is a haunting exploration of that possibility. Many of us are already ruled by the clock, but this novel asks who we are when we truly become prisoners of time. <br/><br/>I found myself drawn into the protagonist Tara’s inner life: her loneliness, the creeping sense of isolation as everything repeats and nothing changes, her hope that something might shift, her despair when it doesn’t.<br/><br/>Tara’s loneliness, her yearning for meaning, the slow drift away from her husband Thomas are all rendered with startling realism. <br/><br/>This story has done a fantastic job of setting the stage and mood for a series, one that I’m now totally invested in continuing! <br/><br/>Overall, this was a quiet and slow but profound read. I found myself savoring its blend of a speculative concept with emotional intimacy.<br/><br/>4.5/5",,,1,0
242551646,A Real Animal,Emeline Atwood,"Atwood, Emeline",,"=""1646222962""","=""9781646222964""",0,Catapult,Hardcover,368,2026,2026,,2025/10/29,to-read,to-read (#2620),to-read,,,,0,0
217387701,The Sisters,Jonas Hassen Khemiri,"Khemiri, Jonas Hassen",,"=""0374618895""","=""9780374618896""",0,"Farrar, Straus and Giroux",Hardcover,656,2025,2023,,2025/10/28,to-read,to-read (#2619),to-read,,,,0,0
166990,The Solace of Open Spaces,Gretel Ehrlich,"Ehrlich, Gretel",,"=""0140081135""","=""9780140081138""",0,Penguin Books,Paperback,144,1986,1984,,2025/10/27,to-read,to-read (#2618),to-read,,,,0,0
179546805,The Observable Universe: An Investigation,Heather McCalden,"McCalden, Heather",,"=""0593596471""","=""9780593596470""",0,Hogarth,Hardcover,304,2024,2024,,2025/10/27,to-read,to-read (#2617),to-read,,,,0,0
18339944,A Philosophy of Walking,Frédéric Gros,"Gros, Frédéric","Clifford Harper, John Howe","=""1781682704""","=""9781781682708""",0,Verso,Hardcover,228,2014,2009,,2025/10/27,to-read,to-read (#2616),to-read,,,,0,0
217387823,I Gave You Eyes and You Looked Toward Darkness,Irene Solà,"Solà, Irene",,"=""1644453436""","=""9781644453438""",0,Graywolf Press,Paperback,176,2025,2023,,2025/10/27,to-read,to-read (#2615),to-read,,,,0,0
212342605,Hungerstone,Kat Dunn,"Dunn, Kat",,"=""1638932166""","=""9781638932161""",4.0,Zando,Hardcover,336,2025,2025,2025/10/26,2025/06/26,,,read,"In Hungerstone, Kat Dunn invites us into a richly textured world of gothic dread, creeping desire, and waking rage. I’d say the novel is not quite a retelling Carmilla but it is at least strongly inspired by it. What to expect: a woman starved of autonomy, a mysterious guest who upends everything, and a slow-burn journey toward self-recognition and reckoning.<br/><br/>The good: the atmosphere is mesmerising, Dunn’s prose is sharp, and Lenore’s character arc is a fascinating spiral with a satisfying conclusion. <br/><br/>The bad: the pace bogs down a bit in the middle because the suspense drags on a little bit too long. Even so, I was still pulled forward to the ending! <br/><br/>Hungerstone may not satisfy every appetite (if you expected full-on vampire romance or break-neck horror), but if you want something mysterious, creepy, taut with tension, and grounded in female awakening, it’s a strong choice. I’d recommend it to someone looking for gothic mood over pure shock, atmosphere over constant action.",,,1,0
224050367,Lost Souls Meet Under a Full Moon (Lost Souls #1),Mizuki Tsujimura,"Tsujimura, Mizuki",Yuki Tejima,"=""1668099853""","=""9781668099858""",0,Scribner,Kindle Edition,256,2025,2010,,2025/10/26,to-read,to-read (#2614),to-read,,,,0,0
1801400,Yesterday's Burdens (Lost American Fiction),Robert M. Coates,"Coates, Robert M.",Malcolm Cowley,"=""0809307170""","=""9780809307173""",0,Southern Illinois University Press,Hardcover,280,1975,1933,,2025/10/25,to-read,to-read (#2613),to-read,,,,0,0
16286513,At the Autopsy of Vaslav Nijinsky (Carnegie Mellon Poetry),Bridget Lowe,"Lowe, Bridget",,"=""0887485634""","=""9780887485633""",0,Carnegie Mellon University Press,Paperback,64,2013,2013,,2025/10/24,to-read,to-read (#2612),to-read,,,,0,0
129972,"Mrs. Bridge (Mrs and Mr Bridge, #1)",Evan S. Connell,"Connell, Evan S.",,"=""0865470561""","=""9780865470569""",0,North Point Press,Paperback,246,1981,1959,,2025/10/24,to-read,to-read (#2611),to-read,,,,0,0
844979,Magnetic North,Linda Gregerson,"Gregerson, Linda",,"=""0618718702""","=""9780618718702""",0,Houghton Mifflin Harcourt,Hardcover,68,2007,2007,,2025/10/24,to-read,to-read (#2610),to-read,,,,0,0
24322147,"Vernon Subutex 1 (Vernon Subutex, #1)",Virginie Despentes,"Despentes, Virginie",,"=""224671351X""","=""9782246713517""",0,Grasset,Paperback,430,2015,2004,,2025/10/24,to-read,to-read (#2609),to-read,,,,0,0
18339630,All My Puny Sorrows,Miriam Toews,"Toews, Miriam",,"=""0345808002""","=""9780345808004""",0,Knopf Canada,Hardcover,321,2014,2014,,2025/10/24,to-read,to-read (#2608),to-read,,,,0,0
117566,On the Heights of Despair,Emil M. Cioran,"Cioran, Emil M.",Ilinca Zarifopol-Johnston,"=""0226106713""","=""9780226106717""",0,University of Chicago Press,Paperback,128,1992,1934,,2025/10/24,to-read,to-read (#2607),to-read,,,,0,0
58815200,Metronome,Tom   Watson,"Watson, Tom",,"=""1526639548""","=""9781526639547""",0,Bloomsbury Publishing,Hardcover,320,2022,2022,,2025/10/24,to-read,to-read (#2606),to-read,,,,0,0
65714,Kallocain,Karin Boye,"Boye, Karin","Gustaf Lannestock, Richard B. Vowles","=""0299038947""","=""9780299038946""",0,University of Wisconsin Press,Paperback,193,2002,1940,,2025/10/24,to-read,to-read (#2605),to-read,,,,0,0
15729539,NOS4A2,Joe  Hill,"Hill, Joe",,"=""0062200577""","=""9780062200570""",2.0,William Morrow,Hardcover,704,2013,2013,2025/10/23,2024/10/13,,,read,,,,1,0
240497623,The Ship of Theseus,Garry  Harper,"Harper, Garry",,"=""""","=""9798218692810""",4.0,,Kindle Edition,234,2025,,2025/10/19,2025/09/01,,,read,"Thanks to Garry Harper for the opportunity to read The Ship of Theseus (I read Version 0.1).<br/><br/>From projecttheseus.com:<br/><br/>“Just as Pablo chases perfection in his artwork, the novel itself will likewise continue to be refined and reimagined over time. Every few months, a new, free update will take the place of the last. Plot points may change, characters may come and go, the very form and structure altered and experimented upon. Each version is designed to stand alone, yet together they form a living, breathing work — gradually transforming into something completely different from where it all began.”<br/><br/>It’s a fascinating premise, though not what first drew me in. When I came across The Ship of Theseus, I completely missed its “evolution” aspect—I likely entered the giveaway because I’m a sucker for novels about artists, especially those on the verge of unraveling. I was very happy to win the free e-book :)<br/><br/>First off, Harper assumes the reader is familiar with the ancient thought experiment that asks whether an object that has had all its components replaced remains the same object. His protagonist, Pablo Navarre, embodies that paradox: a celebrated sculptor now jaded and cynical, riddled with imposter syndrome, desperate to break free from critics, collectors, and his own perfectionism. He wants to create the purest artistic representation of creation itself and, in doing so, reinvent himself.<br/><br/>There’s plenty here for readers drawn to meditations on identity, perfectionism, and the creative process. The novel oscillates between self-aware satire of the art world and moments of existential despair. Harper’s prose is sharp and playful, able to shift from sardonic to soulful in a single paragraph.<br/><br/>That said, Navarre’s reinvention feels somewhat limited. It hinges mainly on a few encounters with friends/colleagues, a homeless artist, and some drug-induced visions. There are brief flashes of emotional intimacy in his strained marriage to Jeanette, but it feels like Harper missed the boat (pun intended, haha) on exploring that realm more deeply. At times, I found myself unsure whether I empathized with Pablo at all. The bottom line: the art-world satire is biting and entertaining, but it occasionally overshadows the human drama.<br/><br/>Now, to address the elephant in the room: Harper’s plan to continually update the novel is ambitious, but is it practical? Or even necessary? It’s an inventive nod to the Ship of Theseus paradox, but I’m not yet convinced readers will feel compelled to revisit the book multiple times to track its transformations. Whether this ongoing reinvention enriches the experience or serves as a clever gimmick remains to be seen.<br/><br/>Final verdict: The Ship of Theseus kept me turning pages, even if it didn’t probe as deeply into Navarre’s core as I hoped. For me, his personal evolution doesn’t quite mirror the meta-reinvention of the novel itself (at least not yet) but that might change in future versions. As a first iteration, this is a promising, thought-provoking start that raises more questions than it answers.<br/><br/>3.5 / 5 stars, rounded up.<br/>",,,1,1
236079795,Whidbey,T Kira Madden,"Madden, T Kira",,"=""0063289687""","=""9780063289680""",0,Mariner Books,Hardcover,372,2026,2026,,2025/10/23,to-read,to-read (#2604),to-read,,,,0,0
231126831,The Renovation,Kenan Orhan,"Orhan, Kenan",,"=""037460942X""","=""9780374609429""",0,"Farrar, Straus and Giroux",Hardcover,256,2026,2026,,2025/10/22,to-read,to-read (#2603),to-read,,,,0,0
135735335,Invidicum,Michael Brodsky,"Brodsky, Michael",Michael Hafftka,"=""""","=""""",0,Tough Poets Press,Paperback,1196,2023,,,2025/10/22,to-read,to-read (#2602),to-read,,,,0,0
220689458,Bomarzo,Manuel Mujica Lainez,"Lainez, Manuel Mujica","Gregory Rabassa, Álvaro Enrigue","=""1681379414""","=""9781681379418""",0,NYRB Classics,Paperback,688,2025,1962,,2025/10/22,to-read,to-read (#2601),to-read,,,,0,0
239051491,American Fantasy,Emma Straub,"Straub, Emma",,"=""""","=""9798217046850""",0,Riverhead Books,Hardcover,304,2026,2026,,2025/10/21,to-read,to-read (#2600),to-read,,,,0,0
181571998,Green Fuse Burning,Tiffany Morris,"Morris, Tiffany",,"=""""","=""""",0,Stelliform Press,Kindle Edition,107,2023,2023,,2025/10/20,to-read,to-read (#2599),to-read,,,,0,0
232604736,Abscond,Abraham   Verghese,"Verghese, Abraham",,"=""1662527640""","=""9781662527647""",0,Amazon Original Stories,Kindle Edition,38,2025,2025,,2025/10/19,to-read,to-read (#2598),to-read,,,,0,0
241073071,"3 Days, 9 Months, 27 Years (The Time Traveler's Passport)",John Scalzi,"Scalzi, John",,"=""1662535325""","=""9781662535321""",3.0,Amazon Original Stories,Kindle Edition,38,2025,2025,2025/10/19,2025/10/02,,,read,,,,1,0
335333,The Assistant,Robert Walser,"Walser, Robert","Susan Bernofsky, Rita Tasa","=""0811215903""","=""9780811215909""",0,New Directions,Paperback,320,2007,1908,,2025/10/19,to-read,to-read (#2597),to-read,,,,0,0
160313,Selected Stories,Robert Walser,"Walser, Robert","Christopher Middleton, Susan Sontag","=""0940322986""","=""9780940322981""",0,NYRB Classics,Paperback,252,2002,1917,,2025/10/19,to-read,to-read (#2596),to-read,,,,0,0
6081631,The Tanners,Robert Walser,"Walser, Robert","Susan Bernofsky, W.G. Sebald","=""081121589X""","=""9780811215893""",0,New Directions,Paperback,350,2009,1907,,2025/10/19,to-read,to-read (#2595),to-read,,,,0,0
129553506,"How the Dead Live by Self, Will (2001) Paperback",Will Self,"Self, Will",,"=""""","=""""",0,Grove Press,Paperback,0,,1986,,2025/10/19,to-read,to-read (#2594),to-read,,,,0,0
71550,The Hive,Camilo José Cela,"Cela, Camilo José","J.M. Cohen, Arturo Barea","=""1564782689""","=""9781564782687""",0,Dalkey Archive Press,Library Binding,250,2005,1951,,2025/10/19,to-read,to-read (#2593),to-read,,,,0,0
28922,An Artist of the Floating World,Kazuo Ishiguro,"Ishiguro, Kazuo",,"=""0571225365""","=""9780571225361""",0,Faber and Faber,Paperback,206,2005,1986,,2025/10/19,to-read,to-read (#2592),to-read,,,,0,0
101334,Remainder,Tom McCarthy,"McCarthy, Tom",,"=""0307278352""","=""9780307278357""",0,Vintage,Paperback,308,2007,2005,,2025/10/19,to-read,to-read (#2591),to-read,,,,0,0
8501708,Pym,Mat Johnson,"Johnson, Mat",,"=""0812981588""","=""9780812981582""",0,Spiegel & Grau,Hardcover,322,2011,2011,,2025/10/19,to-read,to-read (#2590),to-read,,,,0,0
82965,The Butcher Boy,Patrick McCabe,"McCabe, Patrick",,"=""0385312377""","=""9780385312370""",0,Delta,Paperback,231,1994,1992,,2025/10/19,to-read,to-read (#2589),to-read,,,,0,0
224152007,Self-Portrait with Boy: A Novel,Rachel Lyon,"Lyon, Rachel",Julia  Whelan,"=""""","=""""",0,Simon & Schuster Audio,Audible Audio,,2018,2018,,2025/10/19,to-read,to-read (#2588),to-read,,,,0,0
138456,The Skin,Curzio Malaparte,"Malaparte, Curzio",David Moore,"=""0910395373""","=""9780910395373""",0,The Marlboro Press,Paperback,344,1988,1949,,2025/10/19,to-read,to-read (#2587),to-read,,,,0,0
462196,Hav,Jan Morris,"Morris, Jan",,"=""0571229832""","=""9780571229833""",0,Faber & Faber,Hardcover,301,2006,2006,,2025/10/19,to-read,to-read (#2586),to-read,,,,0,0
153482,Cassandra,Christa Wolf,"Wolf, Christa",Jan van Heurck,"=""0374519048""","=""9780374519049""",0,"Farrar, Straus and Giroux",Paperback,320,1988,1983,,2025/10/19,to-read,to-read (#2585),to-read,,,,0,0
69521,The Comforters,Muriel Spark,"Spark, Muriel",,"=""0140019111""","=""9780140019117""",0,Penguin,Paperback,149,1978,1957,,2025/10/19,to-read,to-read (#2584),to-read,,,,0,0
152809,An Episode in the Life of a Landscape Painter,César Aira,"Aira, César","Chris Andrews, Roberto Bolaño","=""0811216306""","=""9780811216302""",0,New Directions,Paperback,88,2006,2000,,2025/10/19,to-read,to-read (#2583),to-read,,,,0,0
468488,The Trick is to Keep Breathing,Janice Galloway,"Galloway, Janice",,"=""1564780813""","=""9781564780812""",0,Dalkey Archive Press,Paperback,236,2015,1989,,2025/10/19,to-read,to-read (#2582),to-read,,,,0,0
265987,Malina,Ingeborg Bachmann,"Bachmann, Ingeborg","Philip Boehm, Rachel Kushner","=""0841911894""","=""9780841911895""",0,Holmes & Meier Publishers,Paperback,244,1990,1971,,2025/10/19,to-read,to-read (#2581),to-read,,,,0,0
40961543,The Reluctant Fundamentalist,Mohsin Hamid,"Hamid, Mohsin",,"=""""","=""""",0,Mariner Books; 1 edition,Kindle Edition,228,2007,2007,,2025/10/19,to-read,to-read (#2580),to-read,,,,0,0
49228706,I Want to Die But I Want to Eat Tteokpokki,Baek Se-hee,"Se-hee, Baek",Hyacinta Louisa,"=""6237351035""","=""9786237351030""",0,Penerbit Haru,Paperback,232,2019,2018,,2025/10/18,to-read,to-read (#2579),to-read,,,,0,0
214151601,The Unworthy,Agustina Bazterrica,"Bazterrica, Agustina",Sarah Moses,"=""1668051885""","=""9781668051887""",4.0,Scribner,Paperback,192,2025,2023,2025/10/18,2025/03/15,,,read,3.5,,,1,0
217388015,Automatic Noodle,Annalee Newitz,"Newitz, Annalee",,"=""1250357462""","=""9781250357465""",4.0,Tordotcom,Hardcover,163,2025,2025,2025/10/18,2025/08/01,,,read,,,,1,0
212808273,Carmilla,J. Sheridan Le Fanu,"Fanu, J. Sheridan Le",,"=""1805332120""","=""9781805332121""",3.0,Pushkin Press,Paperback,160,2025,1872,2025/10/18,2025/08/14,,,read,,,,1,0
222683916,Exiles,Mason Coile,"Coile, Mason",Andrew Pyper,"=""0593851633""","=""9780593851630""",3.0,G.P. Putnam's Sons,Hardcover,224,2025,2025,2025/10/18,2025/09/28,,,read,,,,1,0
222376921,I'm Starting to Worry About This Black Box of Doom,Jason Pargin,"Pargin, Jason",,"=""1250879981""","=""9781250879981""",0,St. Martin's Griffin,Paperback,416,2025,2024,,2025/10/17,to-read,to-read (#2578),to-read,,,,0,0
905778,Naguib Mahfouz: Three Novels of Ancient Egypt,Naguib Mahfouz,"Mahfouz, Naguib",,"=""1841593052""","=""9781841593050""",0,Everyman's Library,Hardcover,632,2007,,,2025/10/16,to-read,to-read (#2577),to-read,,,,0,0
9889,Breakfast at Tiffany's and Three Stories,Truman Capote,"Capote, Truman",,"=""""","=""""",0,"Penguin Books, UK",Paperback,157,2000,1958,,2022/04/09,to-read,to-read (#293),to-read,,,,0,0
38720267,Bottled Goods,Sophie van Llewyn,"Llewyn, Sophie van",,"=""""","=""""",0,Fairlight Books,Paperback,190,2018,2018,,2025/10/15,to-read,to-read (#2576),to-read,,,,0,0
958670,Summer Will Show,Sylvia Townsend Warner,"Warner, Sylvia Townsend",,"=""0140161767""","=""9780140161762""",0,Virago,Paperback,406,1987,1936,,2025/10/15,to-read,to-read (#2575),to-read,,,,0,0
225699690,The Salt Grows Heavy,Cassandra Khaw,"Khaw, Cassandra",,"=""125041797X""","=""9781250417978""",0,Tor Nightfire,Paperback,128,2025,2023,,2025/10/15,to-read,to-read (#2574),to-read,,,,0,0
10009,Homo Faber,Max Frisch,"Frisch, Max",Michael Bullock,"=""0156421356""","=""9780156421355""",0,HarperVia,Paperback,214,1994,1957,,2025/10/14,to-read,to-read (#2573),to-read,,,,0,0
54072,The Fencing Master,Arturo Pérez-Reverte,"Pérez-Reverte, Arturo",Margaret Jull Costa,"=""0156029839""","=""9780156029834""",0,HarperVia,Paperback,244,2004,1988,,2025/10/14,to-read,to-read (#2572),to-read,,,,0,0
11031,The Flanders Panel,Arturo Pérez-Reverte,"Pérez-Reverte, Arturo",Margaret Jull Costa,"=""0156029588""","=""9780156029582""",0,Harvest Books,Paperback,295,2004,1990,,2025/10/14,to-read,to-read (#2571),to-read,,,,0,0
8153,The Luzhin Defense,Vladimir Nabokov,"Nabokov, Vladimir",,"=""0679727221""","=""9780679727224""",0,Vintage,Paperback,256,1990,1929,,2025/10/14,to-read,to-read (#2570),to-read,,,,0,0
26599,Selected Poems,E.E. Cummings,"Cummings, E.E.",Richard S. Kennedy,"=""0871401541""","=""9780871401540""",0,Liveright,Paperback,208,2007,1960,,2025/10/14,to-read,to-read (#2569),to-read,,,,0,0
26596,"E.E. Cummings: Complete Poems 1904-1962 (Revised, Corrected, and Expanded Edition)",E.E. Cummings,"Cummings, E.E.",George J. Firmage,"=""0871401525""","=""9780871401526""",0,"Liveright/W.W. Norton & Company, Inc.",Hardcover,1136,1994,1991,,2025/10/14,to-read,to-read (#2568),to-read,,,,0,0
76889,100 Selected Poems,E.E. Cummings,"Cummings, E.E.",,"=""0802130720""","=""9780802130723""",0,Grove Press,Paperback,121,1994,1923,,2025/10/14,to-read,to-read (#2567),to-read,,,,0,0
222631694,The Wayfinder,Adam  Johnson,"Johnson, Adam",,"=""0374619573""","=""9780374619572""",0,MCD,Hardcover,716,2025,2025,,2025/10/14,to-read,to-read (#2566),to-read,,,,0,0
849052,Montaigne,Stefan Zweig,"Zweig, Stefan",,"=""3596127262""","=""9783596127269""",0,FISCHER Taschenbuch,Paperback,128,1995,1941,,2025/10/12,to-read,to-read (#2565),to-read,,,,0,0
270259,Slow River,Nicola Griffith,"Griffith, Nicola",,"=""0345395379""","=""9780345395375""",0,Del Rey,Paperback,368,1996,1995,,2025/10/12,to-read,to-read (#2564),to-read,,,,0,0
225699563,The Silver Book,Olivia Laing,"Laing, Olivia",,"=""0374618313""","=""9780374618315""",0,"Farrar, Straus and Giroux",Hardcover,256,2025,2025,,2025/10/11,to-read,to-read (#2563),to-read,,,,0,0
234679953,The Fire Agent,David Baerwald,"Baerwald, David",,"=""1966302002""","=""9781966302001""",0,Spiegel & Grau,Hardcover,624,2026,,,2025/10/10,to-read,to-read (#2562),to-read,,,,0,0
223593598,The Cut Line,Carolina Pihelgas,"Pihelgas, Carolina",,"=""1642861618""","=""9781642861617""",0,World Editions,Paperback,142,2026,2024,,2025/10/07,to-read,to-read (#2561),to-read,,,,0,0
601799,Laura,Vera Caspary,"Caspary, Vera",,"=""1558615059""","=""9781558615052""",0,The Feminist Press at CUNY,Paperback,219,2005,1942,,2025/10/07,to-read,to-read (#2560),to-read,,,,0,0
205668518,"North Sun, or The Voyage of the Whaleship Esther",Ethan Rutherford,"Rutherford, Ethan",,"=""1646053583""","=""9781646053582""",0,A Strange Object,Paperback,389,2025,2025,,2025/10/07,to-read,to-read (#2559),to-read,,,,0,0
379261,The Jade Cabinet,Rikki Ducornet,"Ducornet, Rikki",,"=""1564781739""","=""9781564781734""",0,Dalkey Archive Press,Paperback,158,1997,1993,,2025/10/07,to-read,to-read (#2558),to-read,,,,0,0
379260,The Stain,Rikki Ducornet,"Ducornet, Rikki",,"=""1564780856""","=""9781564780850""",0,Dalkey Archive Press,Paperback,223,1995,1984,,2025/10/07,to-read,to-read (#2557),to-read,,,,0,0
177617090,Ultramarine,Mariette Navarro,"Navarro, Mariette",Cory Stockwell,"=""1739751574""","=""9781739751579""",0,Héloïse Press,Paperback,143,2023,2021,,2025/10/07,to-read,to-read (#2556),to-read,,,,0,0
212808262,Lion,Sonya Walger,"Walger, Sonya",,"=""1681379031""","=""9781681379036""",0,New York Review Books,Paperback,176,2025,2025,,2025/10/07,to-read,to-read (#2555),to-read,,,,0,0
218185743,Bat Eater and Other Names for Cora Zeng,Kylie Lee Baker,"Baker, Kylie Lee",,"=""0778368459""","=""9780778368458""",3.0,MIRA,Hardcover,304,2025,2025,2025/10/07,2025/02/16,,,read,,,,1,0
169446,The Sea and Poison,Shūsaku Endō,"Endō, Shūsaku",Michael       Gallagher,"=""0811211983""","=""9780811211987""",0,New Directions,Paperback,167,1992,1957,,2025/10/07,to-read,to-read (#2554),to-read,,,,0,0
227989317,"Sea, Poison",Caren Beilin,"Beilin, Caren",,"=""0811239519""","=""9780811239516""",0,New Directions,Paperback,144,2025,,,2025/10/07,to-read,to-read (#2553),to-read,,,,0,0
46987,The Hearing Trumpet,Leonora Carrington,"Carrington, Leonora","Pablo Weisz Carrington, Helen Byatt","=""1878972197""","=""9781878972194""",0,Exact Change,Paperback,199,2004,1974,,2025/10/07,to-read,to-read (#2552),to-read,,,,0,0
153425,Near to the Wild Heart,Clarice Lispector,"Lispector, Clarice",Giovanni Pontiero,"=""0811211401""","=""9780811211406""",4.0,New Directions,Paperback,192,1990,1943,2025/10/07,2022/01/14,,,read,,,,1,0
40044460,Split Tooth,Tanya Tagaq,"Tagaq, Tanya",,"=""0143198041""","=""9780143198048""",0,Viking,Kindle Edition,202,2018,2018,,2025/10/06,to-read,to-read (#2551),to-read,,,,0,0
460635,The Bone People,Keri Hulme,"Hulme, Keri",,"=""0140089225""","=""9780140089226""",0,Penguin Books,Paperback,450,1986,1984,,2025/10/06,to-read,to-read (#2550),to-read,,,,0,0
219472236,Monkey Beach,Eden Robinson,"Robinson, Eden",,"=""0676973221""","=""9780676973228""",0,Vintage Canada,Paperback,374,2011,2000,,2025/10/06,to-read,to-read (#2549),to-read,,,,0,0
156392,Winter in the Blood,James Welch,"Welch, James",,"=""0140086447""","=""9780140086447""",0,Penguin Books,Hardcover,177,1986,1974,,2025/10/06,to-read,to-read (#2548),to-read,,,,0,0
75500819,And Then She Fell,Alicia Elliott,"Elliott, Alicia",,"=""0593473086""","=""9780593473085""",0,Dutton,Hardcover,349,2023,2023,,2025/10/06,to-read,to-read (#2547),to-read,,,,0,0
223362313,Hole in the Sky,Daniel H. Wilson,"Wilson, Daniel H.",,"=""0385551118""","=""9780385551113""",0,Doubleday,Hardcover,268,2025,2025,,2025/10/06,to-read,to-read (#2546),to-read,,,,0,0
215805816,Small Ceremonies,Kyle Edwards,"Edwards, Kyle",,"=""0593701518""","=""9780593701515""",0,Pantheon,Hardcover,368,2025,2025,,2025/10/06,to-read,to-read (#2545),to-read,,,,0,0
239132018,Small Boat,Vincent Delecroix,"Delecroix, Vincent",Helen Stevenson,"=""0063491699""","=""9780063491694""",0,Mariner Books,Hardcover,128,2026,2023,,2025/10/06,to-read,to-read (#2544),to-read,,,,0,0
888628,Neuromancer (Sprawl #1),William Gibson,"Gibson, William",Jack Womack,"=""""","=""""",4.0,Ace Books,Paperback,278,2000,1984,,2020/07/16,,,read,,,,1,0
550455,Natural History: A Selection,Pliny the Elder,"Elder, Pliny the",John F. Healey,"=""""","=""""",0,Penguin Classics,Paperback,399,1991,77,,2025/10/04,to-read,to-read (#2543),to-read,,,,0,0
1362,The Histories,Herodotus,"Herodotus, Herodotus","John M. Marincola, Aubrey de Sélincourt, Betty Radice","=""0140449086""","=""9780140449082""",0,Penguin Books,Paperback,784,2003,-430,,2025/10/04,to-read,to-read (#2542),to-read,,,,0,0
14288,Piercing,Ryū Murakami,"Murakami, Ryū",Ralph McCarthy,"=""014303863X""","=""9780143038634""",0,Penguin Books,Paperback,184,2007,1994,,2025/10/04,to-read,to-read (#2541),to-read,,,,0,0
221452818,The Dilemmas of Working Women,Fumio Yamamoto,"Yamamoto, Fumio",Brian Bergstrom,"=""0063423588""","=""9780063423589""",0,HarperVia,Hardcover,288,2025,2000,,2025/10/03,to-read,to-read (#2540),to-read,,,,0,0
209160325,The Land in Winter,Andrew  Miller,"Miller, Andrew",,"=""1529354315""","=""9781529354317""",0,Sceptre,Kindle Edition,365,2024,2024,,2025/10/03,to-read,to-read (#2539),to-read,,,,0,0
1776993,One Fine Day,Mollie Panter-Downes,"Panter-Downes, Mollie",,"=""086068587X""","=""9780860685876""",0,Virago ,Paperback,192,2003,1947,,2025/10/03,to-read,to-read (#2538),to-read,,,,0,0
79550,The Summer Book,Tove Jansson,"Jansson, Tove","Esther Freud, Sophia Jansson","=""0954221710""","=""9780954221713""",0,Sort of Books,Paperback,192,2003,1972,,2025/10/03,to-read,to-read (#2537),to-read,,,,0,0
144977,The Tender Bar: A Memoir,J.R. Moehringer,"Moehringer, J.R.",,"=""0786888768""","=""9780786888764""",0,Hyperion,Paperback,416,2006,2005,,2025/10/03,to-read,to-read (#2536),to-read,,,,0,0
242251194,The Fisherman,Aidan  Scott,"Scott, Aidan",,"=""""","=""9798283670997""",0,Anxiety Press,Paperback,231,2025,,,2025/10/03,to-read,to-read (#2535),to-read,,,,0,0
209553021,The Garden,Aidan  Scott,"Scott, Aidan",,"=""""","=""""",0,Anxiety Press,Paperback,400,2024,,,2025/10/03,to-read,to-read (#2534),to-read,,,,0,0
23453099,Eileen,Ottessa Moshfegh,"Moshfegh, Ottessa",,"=""1594206627""","=""9781594206627""",4.0,Penguin Press,Hardcover,260,2015,2015,,2025/09/23,to-read,to-read (#2499),to-read,"After devouring my third Moshfegh book, I can confidently declare myself a full-fledged fanboy. <i>Eileen</i> isn't flawless—it's a slow burn that could've shed a few pages—but the grotesque, unsettling world Moshfegh crafts is so compelling that I couldn't look away. Her writing is like a fever dream where every sentence feels both alien and intimately familiar.<br/><br/>Eileen Dunlop, the protagonist, is a masterclass in unreliable narration. Her observations are sharp, yet there's a palpable distance between her and the world around her. She describes herself as ""not fundamentally unattractive... just invisible,"" capturing that haunting sense of being overlooked yet hyper-aware of every slight. <br/><br/>The pacing of <i>Eileen</i> may test some readers, but for those attuned to Moshfegh's rhythm, it's a rewarding descent into a mind both repellent and magnetic. The tension builds slowly, culminating in a climax that is as shocking as it is inevitable.<br/><br/><i>Eileen</i> is a testament to Moshfegh's unparalleled ability to explore the grotesque facets of human nature. Moshfegh's prose is rich with discomfort, and the novel has a pervasive sense of unease and the protagonist's introspective paranoia. If you're ready to confront the uncomfortable truths about humanity, this novel is a compelling invitation!<br/><br/>Rating: 3.5/5, rounded up",,,0,0
221251828,Buckeye,Patrick Ryan,"Ryan, Patrick",,"=""0593595033""","=""9780593595039""",4.0,Random House,Hardcover,464,2025,2025,2025/10/03,2025/08/19,,,read,"“Sometimes the stories we tell ourselves about family are truer than the ones we live.”<br/><br/>Patrick Ryan’s <i>Buckeye</i> is both sprawling and intimate, like sitting down with someone’s entire family history and realizing it’s also, somehow, your own.<br/><br/>The scope is epic: parents, kids, generations crossing paths, secrets kept and unearthed. Ryan shows how family legacies ripple outward and inward, shaping children long before they understand the weight of what’s been passed down.<br/><br/>The novel’s straightforward prose strikes emotional chords that sneak up on you. One moment you’re reading along easily; the next you’re gutted by a line that rings with truth. Ryan captures the everyday ache of being human: the longing to be seen, the fragility of connection, the small moments where ordinary life becomes extraordinary.<br/><br/><i>Buckeye</i> belongs on the shelf beside Elizabeth Strout and Ann Patchett. Like them, Ryan blends clean prose, deeply drawn characters, and an emotional core that cuts across age, gender, and background. He reminds us that “family drama” isn’t small—it’s the stage where our most universal struggles play out.<br/><br/>If I had to sum it up: <i>Buckeye</i> is a novel about the human condition in all its contradictions—loneliness and intimacy, fear and bravery, disappointment and love. For that reason, I’d recommend it widely. It’s a novel that makes you feel, and no matter who you are, there’s a good chance you’ll find a piece of yourself in it.",,,1,0
36217818,"Go, Went, Gone",Jenny Erpenbeck,"Erpenbeck, Jenny",Susan Bernofsky,"=""1846276217""","=""9781846276217""",0,Granta Books,Kindle Edition,339,2017,2015,,2025/10/03,to-read,to-read (#2533),to-read,,,,0,0
42152383,This Is the Only Kingdom,Jaquira Díaz,"Díaz, Jaquira",,"=""1616209143""","=""9781616209148""",0,Algonquin,Hardcover,336,2025,2025,,2025/10/03,to-read,to-read (#2532),to-read,,,,0,0
224042602,The Salvage,Anbara Salam,"Salam, Anbara",,"=""1963108477""","=""9781963108477""",0,Tin House,Paperback,384,2025,2025,,2025/10/03,to-read,to-read (#2531),to-read,,,,0,0
204294822,Where I End,Sophie White,"White, Sophie",,"=""1645661857""","=""9781645661856""",0,Erewhon Books,Hardcover,241,2024,2022,,2025/10/03,to-read,to-read (#2530),to-read,,,,0,0
213816143,Sour Cherry,Natalia Theodoridou,"Theodoridou, Natalia",,"=""1963108191""","=""9781963108194""",0,Tin House,Paperback,312,2025,2025,,2025/10/03,to-read,to-read (#2529),to-read,,,,0,0
193544852,My Darling Dreadful Thing,Johanna van Veen,"Veen, Johanna van",,"=""1728281547""","=""9781728281544""",0,Poisoned Pen Press,Paperback,375,2024,2024,,2025/10/03,to-read,to-read (#2528),to-read,,,,0,0
61783821,Blizzard,Marie Vingtras,"Vingtras, Marie",Jeffrey Zuckerman,"=""1419765906""","=""9781419765902""",0,Harry N. Abrams,Hardcover,224,2024,2021,,2025/10/03,to-read,to-read (#2527),to-read,,,,0,0
37510662,Foe,Iain Reid,"Reid, Iain",,"=""150112742X""","=""9781501127427""",0,Gallery/Scout Press,Hardcover,261,2018,2018,,2025/10/03,to-read,to-read (#2526),to-read,,,,0,0
195644142,Good Girl,Aria Aber,"Aber, Aria",,"=""""","=""""",0,Hogarth,Hardcover,368,2025,2025,,2025/10/02,to-read,to-read (#2525),to-read,,,,0,0
35697620,Devil's Call,J. Danielle Dorn,"Dorn, J. Danielle",,"=""1942645619""","=""9781942645610""",0,Inkshares,Kindle Edition,275,2017,2017,,2025/10/02,to-read,to-read (#2524),to-read,,,,0,0
221490948,"Breathe In, Bleed Out",Brian  McAuley,"McAuley, Brian",,"=""1464238200""","=""9781464238208""",0,Poisoned Pen Press,Paperback,298,2025,2025,,2025/10/02,to-read,to-read (#2523),to-read,,,,0,0
219847059,This House Isn't Haunted But We Are,Stephen  Howard,"Howard, Stephen",,"=""1739458079""","=""9781739458072""",0,Wild Hunt Books,Kindle Edition,106,2025,2025,,2025/10/02,to-read,to-read (#2522),to-read,,,,0,0
49209117,Clown in a Cornfield,Adam Cesare,"Cesare, Adam",,"=""""","=""""",0,HarperCollins,Kindle Edition,352,2020,2020,,2025/10/02,to-read,to-read (#2521),to-read,,,,0,0
36781556,Scary Stories to Tell in the Dark,Alvin Schwartz,"Schwartz, Alvin",Stephen Gammell,"=""0062682849""","=""9780062682840""",0,HarperCollins,Kindle Edition,88,2019,1981,,2025/10/02,to-read,to-read (#2520),to-read,,,,0,0
2452483,The Library at Night,Alberto Manguel,"Manguel, Alberto",,"=""0300139144""","=""9780300139143""",0,Yale University Press,Hardcover,373,2008,2006,,2025/10/02,to-read,to-read (#2519),to-read,,,,0,0
87280,Too Loud a Solitude,Bohumil Hrabal,"Hrabal, Bohumil",Michael Henry Heim,"=""0349102627""","=""9780349102627""",4.0,Abacus,Paperback,112,1993,1976,2025/09/14,2025/09/02,,,read,"“For thirty-five years now I’ve been compacting wastepaper, and I love it more than anything.”<br/><br/>That’s how we meet Hanta, a man who spends his life crushing books and papers into bales in a Prague cellar, and somehow, Hrabal makes it riveting.<br/><br/>On paper, this should be boring: one man, a hydraulic press, endless piles of books. But Too Loud a Solitude is a deceptively slim, quietly explosive meditation on knowledge, memory, censorship, and the strange tenderness of destruction.<br/><br/>Hanta is quirky, eccentric, sometimes grotesque, sometimes funny. He drinks beer by the gallon, converses with mice, daydreams of philosophers, and tenderly presses volumes of Kant, Hegel, and Lao-tzu into bales that become “more beautiful than bouquets of flowers.” His voice is unforgettable: half-rant, half-philosophical confession, tinged with melancholy.<br/><br/>It’s also one of the most original entries into the “books about books” canon. Hrabal captures the contradictory act of loving literature while destroying it, making Hanta’s underground existence a metaphor for intellectual repression in communist Czechoslovakia. The novel turns recycling into a metaphor for how ideas live, die, and resurface.<br/><br/>A memorable line:<br/>“Because when you read too many books you see that man cannot accomplish much, and you learn to be humble.”<br/><br/>That’s Hrabal’s gift: aphorisms that sneak up on you, both disarming and profound.<br/><br/>That said, a couple caveats: the novel is rambling and repetitive by design. Hanta circles back on himself, drunk on words and beer. Some readers will find the stream-of-consciousness style tiresome. It’s not a conventional plot but a voice, a mood. If you need a tight story, this isn’t it. But if you surrender to Hanta’s odd, obsessive monologue, it’s strangely exhilarating.<br/><br/>At barely 100 pages, it’s the kind of book you can read in an afternoon. Hrabal's novella is quirky, tragicomic, deeply humane. It feels like a love letter to literature written in the shadow of its destruction.",,,1,0
21278,"Caught Stealing (Hank Thompson, #1)",Charlie Huston,"Huston, Charlie",,"=""""","=""""",0,Ballantine Books,Paperback,240,2005,2004,,2025/10/02,to-read,to-read (#2518),to-read,,,,0,0
59721,Vineland,Thomas Pynchon,"Pynchon, Thomas",,"=""3499136287""","=""9783499136283""",3.0,Rowohlt Tb.,Paperback,480,1995,1990,2025/10/02,2024/08/24,,,read,"I just finished Vineland and I have to admit that I struggled with it. The novel is often described as Pynchon’s “easiest” or “lightest” work, but I still found myself lost in its endless digressions, packed with jokes, side characters, and TV references. Supposedly stoner-hilarious, but for me, it felt more like noise than comedy.<br/><br/>Still, once I zoom out, I can see the shape of the story. At its heart, Vineland is about the fallout of the 1960s counterculture as it runs headlong into the paranoia and repression of 1980s America. A teenage girl tries to learn the truth about her absent mother, a hippie dad just wants to keep life together in northern California, and a slick government man symbolizes the creeping fascism that turns rebellion into sellout. The personal story mirrors the political one: what happens when a generation that promised freedom ends up fractured, compromised, or bought off?<br/><br/>Reading it feels less like following a plot and more like channel-surfing a strange late-night cable feed. You’ll stumble across:<br/>	•	a man who annually has to jump through a plate-glass window to keep collecting his government check,<br/>	•	ghostlike “Thanatoids” who mostly sit around watching television in a kind of limbo,<br/>	•	meandering riffs on martial arts movies, Ronald Reagan, FBI surveillance, and stoner culture,<br/>	•	and sentences so packed with pop culture references they almost collapse under their own weight.<br/><br/>If you vibe with that kaleidoscopic style, the novel can be a blast — equal parts satire, elegy, and absurdist cartoon. If not, it can feel like a haze you’re waiting to clear.<br/><br/>For me, Vineland didn’t quite resonate. But I can appreciate the big picture: a paranoid, goofy, sometimes moving look at how the dreams of the ‘60s dissolved into the neon glow of the ‘80s.<br/><br/>2.5/5 rounded up because it’s not for me, but I can see why it’s beloved by Pynchon fans.",,,1,0
40164365,The Friend,Sigrid Nunez,"Nunez, Sigrid",,"=""0735219451""","=""9780735219458""",5.0,Riverhead Books,Paperback,212,2019,2018,2025/09/14,2024/07/14,,,read,"From the moment I put down Sigrid Nunez’s <i>The Friend</i>, I felt like I had been let in on something quiet yet enormous. It’s deeply intimate and relatable. The narrator has a voice that sounds like it’s speaking to you, under the hum of loss, the roar of silence.<br/><br/>Nunez doesn't just give readers a story of a death, but a study in what remains and the way one’s life continues to echo. The narrator’s best friend and mentor has committed suicide, and she inherits his Great Dane, Apollo. Apollo ends up being shared grief, a catalyst for introspection, and a companion in silence.<br/><br/>At its core, the book dares to suggest that our losses define us:<br/><br/>“What we miss—what we lose and what we mourn—isn’t it this that makes us who, deep down, we truly are?”<br/><br/>Nunez uses the narrator’s writing life as a framework for the novel so that it feels part memoir, part essay, part love letter to literature. References to authors, reflections on what writing means, and how authors and readers relate to each other enrich it.<br/><br/>The tone is balanced between humor and heartbreak. Nunez has the uncanny ability to be both funny and tragic, to convey dry wit and emotional truth simultaneously. The narrator is self-aware, cleverly critical, able to mock literary pretensions one moment, and then in the next, stripped bare by grief.<br/><br/><i>The Friend</i> is a novel that avoids clichés and that succinctly conveys how writing is one of the means we use to carry grief. Some readers may find <i>The Friend</i> to be too loosely structured, the sections about writing life long or digressive. That’s because the novel is more about ruminations, memory, emotional logic than narrative logic. It’s quiet rather than explosive—a novel that stays with you. <br/><br/>If you want your novels intimate, philosophical, raw but not overblown, this is one to read. It delivers beautifully in voice, in tone, in the small heartbreaks that echo large. It's deeply moving, exceptionally well crafted, and one of the most honest, resonant literary novels I’ve read in a while.",,,1,0
10149142,The Family Fang,Kevin    Wilson,"Wilson, Kevin",,"=""0061579033""","=""9780061579035""",0,Ecco,Hardcover,320,2011,2011,,2025/10/01,to-read,to-read (#2517),to-read,,,,0,0
29229956,Perfect Little World,Kevin    Wilson,"Wilson, Kevin",,"=""0062450352""","=""9780062450357""",0,Ecco,Kindle Edition,0,2017,2017,,2025/10/01,to-read,to-read (#2517),to-read,,,,0,0
457228,Butcher's Crossing,John  Williams,"Williams, John",Michelle Latiolais,"=""1590171985""","=""9781590171981""",5.0,New York Review Books,Paperback,274,2007,1960,2025/09/21,2022/07/15,,,read,"Will Andrews walks away from Harvard and civilization and heads into the wilderness. What begins as a young man’s escape from academia soon becomes something far deeper: a search for self. When he joins a buffalo hunt, it isn’t just an adventure — it’s an initiation. From that point on, it’s Andrews vs. himself. Andrews vs. ideals. Andrews vs. the mythology of the West.<br/><br/>On the surface, much of <i>Butcher’s Crossing</i> reads like a “man vs. nature” tale. The buffalo hunt scenes are visceral, relentless, and shocking. Andrews watches the slaughter unfold, and it tears apart his belief in what he thought nature was, or what he needed it to be. At one point Williams writes:<br/><br/>“It came to him that he had sickened and turned away because of his shock at seeing the buffalo, a few moments before proud and noble and full of the dignity of life, now stark and helpless, a length of inert meat, divested of itself… In that murder he had felt the destruction of something within him, and he had not been able to face it.”<br/><br/>But <i>Butcher’s Crossing</i> isn’t all raw brutality. There is much beauty in Andrews' quiet reflections, in the recognition of nature not as a backdrop but as a character that is impartial, magnificent, and utterly indifferent. Williams renders the landscape in such exacting detail that it dwarfs the men both physically and spiritually.<br/><br/>The novel carries immense moral and existential weight. Andrews isn’t just grappling with cold and hunger, but with disillusionment. Williams dismantles the romanticized notions of the “rugged West.” Andrews seeks transcendence and revelation; what he finds is more ambiguous, more broken, but also more honest.<br/><br/>The pacing can test a reader’s patience with its long stretches of wilderness, snow, and silence. But that is its design: the grind, the waiting, the monotony, all pressing in with the weight of reality.<br/><br/>Readers should know: <i>Butcher’s Crossing</i> is not an easy or uplifting novel. Those expecting redemption, heroism, or triumph will leave unsettled. What Williams offers instead is a haunting meditation on illusion and reality, on how ideals shatter when confronted with the indifferent world.<br/><br/>Over time, the novel works its way under your skin. If you value books that unsettle as much as they enlighten, that strip away myth in search of something truer, <i>Butcher’s Crossing</i> is one to devour. It delivers deeply in atmosphere, in moral weight, and character, but it demands just as much from its reader. It’s a journey not only into wilderness, but into the self.",,,1,0
221164555,Things in Nature Merely Grow,Yiyun Li,"Li, Yiyun",,"=""0374617317""","=""9780374617318""",5.0,"Farrar, Straus and Giroux",Hardcover,192,2025,2025,2025/09/28,2025/05/10,,,read,"<i>Things in Nature Merely Grow</i> will absolutely crush you, but in the best possible way. Yiyun Li writes with a clarity that both comforts and unsettles: this is not consolation, it’s confrontation.<br/><br/>Reading this book is like being invited into the deepest corners of what it means to live when much of your world has already ended. Li’s insights into suicide are staggering—what it isn’t, what it is, and all the ways our language fails to capture it. And her reflections on parenthood? Heartbreaking, necessary. She teaches us that love doesn’t always protect, that understanding may be more important than loving in the way we expect, and that grief is not a process with a finish line.<br/><br/>Li doesn’t write this book about grief’s ending. She writes it about the ongoing presence of loss and how love, memory, and identity persist even when lives have been lost. She holds onto facts, gestures, and moments that aren’t just remembrances but assertions of what continues, that her children are, in some way, still with her.<br/><br/>If you pick this up expecting easy comfort, you won’t find it. But if you’re ready to be challenged, to feel deeply, to have your assumptions about life and death turned inside out, this is one of those rare books that will stay with you. Heavy, yes. Real. And in its honesty, strangely life-affirming.",,,1,0
46199,Letters to a Young Poet,Rainer Maria Rilke,"Rilke, Rainer Maria","Franz Xaver Kappus, Reginald Snell","=""0486422453""","=""9780486422459""",5.0,Dover Publications,Paperback,80,2002,1929,2025/09/28,2023/07/14,,,read,"“Be patient toward all that is unsolved in your heart and try to love the questions themselves…”<br/><br/>Rilke wrote these letters to a young military cadet named Franz Xaver Kappus, who was struggling with whether to pursue poetry or stay in his conventional career path. What’s beautiful is that Rilke doesn’t just give writing advice, he gives life advice. These letters feel like a hand extended across time, guiding you toward introspection, faith, love, and gratitude.<br/><br/>Reading <i>Letters to a Young Poet</i> was profoundly calming. It’s the kind of book you underline, re-read, and let change you. Rilke reminds us to find beauty in solitude, to seek depth in the ordinary, and to reset our worldview toward something gentler, more patient, and more grateful.<br/><br/>Though it’s written to an aspiring poet, this book is for anyone who needs a mental reset or a quiet companion in moments of doubt. Rilke’s words reach beyond the page and feel like they’re addressed to you directly, urging you to slow down, breathe, and trust the unfolding of your own life.<br/><br/>If you’ve ever felt restless, uncertain, or in need of clarity, let Rilke’s wisdom wash over you. This slim little book has the power to alter the way you carry yourself through the world.",,,1,0
240270262,Seascraper,Benjamin Wood,"Wood, Benjamin",,"=""1668231719""","=""9781668231715""",0,Scribner,Hardcover,176,2025,2025,,2025/10/01,to-read,to-read (#2516),to-read,,,,0,0
212491001,Hungerstone,Kat Dunn,"Dunn, Kat",,"=""1638932174""","=""9781638932178""",0,Zando,Kindle Edition,336,2025,2025,,2025/10/01,to-read,to-read (#2515),to-read,,,,0,0
232026855,Lord of the Flies: The Graphic Novel (A Penguin Classics Hardcover),William Golding,"Golding, William",Aimée de Jongh,"=""0143138871""","=""9780143138877""",0,Penguin Classics,Hardcover,352,2025,2024,,2025/10/01,to-read,to-read (#2513),to-read,,,,0,0
217388097,"Monk and Robot (Monk & Robot, #1-2)",Becky Chambers,"Chambers, Becky",,"=""1250386330""","=""9781250386335""",0,Tordotcom,Paperback,294,2025,2025,,2025/10/01,to-read,to-read (#2512),to-read,,,,0,0
241683548,Exit Party,Emily St. John Mandel,"Mandel, Emily St. John",,"=""1035081318""","=""9781035081318""",5.0,Picador,Kindle Edition,320,2026,2026,,2025/09/30,,,read,"The world is ending, and Emily St. John Mandel is inviting us to the party!!!<br/><br/>No one captures the beauty of ordinary moments on the brink of catastrophe like Mandel. The hush before the collapse, the shimmer of illusions breaking, the slow realization that history has already shifted under your feet.<br/><br/>I have a feeling Exit Party is going to be haunting, dazzling, and impossible to put down. Who else is ready for Mandel’s next masterpiece?",,,1,0
129344,Speedboat,Renata Adler,"Adler, Renata",,"=""0060971436""","=""9780060971434""",0,Harper Perennial,Paperback,192,1988,1976,,2025/09/30,to-read,to-read (#2511),to-read,,,,0,0
24983,"Doomsday Book (Oxford Time Travel, #1)",Connie Willis,"Willis, Connie",,"=""""","=""""",0,Bantam Spectra,Mass Market Paperback,578,1992,1992,,2025/09/30,to-read,to-read (#2510),to-read,,,,0,0
223300089,Slow Gods,Claire North,"North, Claire",,"=""031658634X""","=""9780316586344""",0,Orbit,Kindle Edition,424,2025,2025,,2025/09/01,currently-reading,currently-reading (#4),currently-reading,,,,1,0
223097586,The Mighty Red,Louise Erdrich,"Erdrich, Louise",,"=""0063277077""","=""9780063277076""",0,Harper Perennial,Paperback,372,2025,2024,,2025/09/30,to-read,to-read (#2509),to-read,,,,0,0
222376601,Spread Me,Sarah Gailey,"Gailey, Sarah",,"=""1250387337""","=""9781250387332""",0,Tor Nightfire,Hardcover,197,2025,2025,,2025/09/29,to-read,to-read (#2508),to-read,,,,0,0
18869970,My Cousin Rachel,Daphne du Maurier,"Maurier, Daphne du",,"=""0316252964""","=""9780316252966""",0,"Little, Brown and Company",Kindle Edition,349,2013,1951,,2025/09/29,to-read,to-read (#2507),to-read,,,,0,0
224003977,Widow's Point: The Complete Haunting,Richard Chizmar,"Chizmar, Richard",W.H. Chizmar,"=""1668057700""","=""9781668057704""",0,Gallery Books,Hardcover,336,2025,2025,,2025/09/29,to-read,to-read (#2506),to-read,,,,0,0
222218937,"The Wager: A Tale of Shipwreck, Mutiny and Murder",David Grann,"Grann, David",,"=""0307742490""","=""9780307742490""",0,Vintage,Paperback,432,2025,2023,,2025/09/29,to-read,to-read (#2505),to-read,,,,0,0
15694,The First Man,Albert Camus,"Camus, Albert",David Hapgood,"=""0783816014""","=""9780783816012""",0,G K Hall & Co,Hardcover,359,1996,1994,,2025/09/28,to-read,to-read (#2504),to-read,,,,0,0
57460,Jayber Crow,Wendell Berry,"Berry, Wendell",,"=""1582431604""","=""9781582431604""",0,Counterpoint,Paperback,363,2001,2000,,2025/09/28,to-read,to-read (#2503),to-read,,,,0,0
456977,Niels Lyhne,Jens Peter Jacobsen,"Jacobsen, Jens Peter",Hanna Astrup Larsen,"=""1598183451""","=""9781598183450""",0,Alan Rodgers Books,Paperback,146,2007,1880,,2025/09/28,to-read,to-read (#2502),to-read,,,,0,0
210223811,Katabasis,R.F. Kuang,"Kuang, R.F.",,"=""""","=""""",3.0,HarperVoyager,Kindle Edition,559,2025,2025,2025/09/28,2024/12/17,,,read,"Hell is not fire and brimstone. Hell is not demons gnashing their teeth. Hell is picking up your most anticipated dark academia release of the year… and realizing you don’t actually love it.<br/><br/>That’s where Katabasis left me: not damned, not destroyed, but slightly disappointed. Kuang’s writing still has plenty of sharpness—her technical, sciencey, and philosophical asides gave me exactly the academic fix I was craving, and when she leans into that mode, the book sings. But somewhere around page 300, the descent faltered. The pacing dragged, the atmosphere thinned, and the promised hell started looking more like a dimly lit waiting room.<br/><br/>What stings most is how much potential the underworld had. The courts of hell should have been dazzlingly strange, grotesque, unique—trials that mirrored their own distinct qualities. Instead, many blended together, bland when they should have been infernal. Kuang seemed to lose steam in imagining what Alice and Peter might face down there.<br/><br/>Meanwhile, the romance stepped up to fill the void. Which is fine—love in hell has its appeal—but their relationship often felt weighed down by artificial conflict, manufactured mistrust, the kind of drama that exists more to keep pages turning than because it feels true.<br/><br/>So no, this wasn’t the triumphant dark descent I’d hoped to buy, shelve, and revisit forever. I’m glad I borrowed it, because I doubt I’ll be rereading it anytime soon. Still, if you’re hungry for a dark academia book with some sharp ideas (and don’t mind a few circles that drag on longer than they should), I’d still say it’s worth a visit.<br/><br/>Because hell isn’t other people—it’s realizing the book you waited for turned out to be just a 3.25/5 stars.<br/><br/>",,,1,0
68210,"Gilead (Gilead, #1)",Marilynne Robinson,"Robinson, Marilynne",,"=""031242440X""","=""9780312424404""",3.0,Picador ,Paperback,247,2006,2004,2025/09/28,2024/07/14,,,read,,,,1,0
11991,The Fall (Vintage International),Albert Camus,"Camus, Albert",Justin O'Brien,"=""0679720227""","=""9780679720225""",2.0,Vintage Books,Paperback,147,1991,1956,2025/09/28,2022/07/03,,,read,,,,1,0
222376836,"Life, and Death, and Giants",Ron Rindo,"Rindo, Ron",,"=""1250375339""","=""9781250375339""",4.0,St. Martin's Press,Hardcover,336,2025,2025,2025/09/28,2025/04/28,,,read,"Thank you to St. Martin's Press for providing this book for review via NetGalley.<br/><br/>Life, and Death, and Giants is a novel about faith and community that follows Gabriel Fisher, an extraordinary young man whose unusual size and talents deeply impact his family, neighbors, and strangers whose lives he touches.<br/><br/>The writing is smooth and accessible, with a diverse cast and multiple perspectives that add richness to the story. Seeing Gabriel through different lenses gave the novel emotional depth, and I especially appreciated the glimpse into Amish life.<br/><br/>Some plot points, however, felt a little unbelievable, and the focus on those around Gabriel left me wishing for a deeper look at his inner life. The story also leaned predictable at times, though Rindo’s storytelling kept me turning the pages.<br/><br/>Overall, this is an engaging read that many fans of general fiction will enjoy. While not groundbreaking, it offers warmth, readability, and a moving exploration of family and community. For me, it landed at 3.75 stars (rounded to 4/5).",,,1,0
51118223,This Never Happened,Ryan Tim Morris,"Morris, Ryan Tim",,"=""1775059812""","=""9781775059813""",0,Empire Stamp,Kindle Edition,304,2019,,,2025/08/05,currently-reading,currently-reading (#3),currently-reading,,,,1,0
48915089,Sorrowland,Rivers Solomon,"Solomon, Rivers",,"=""0374266778""","=""9780374266776""",0,MCD,Hardcover,355,2021,2021,,2025/09/24,to-read,to-read (#2501),to-read,,,,0,0
230683626,A Splintering,Dur e Aziz Amna,"Amna, Dur e Aziz",,"=""0715655906""","=""9780715655900""",4.0,Duckworth,Kindle Edition,238,2025,,2025/09/24,2025/04/28,,,read,"Thank you to NetGalley and Duckworth Books for the ARC in exchange for my honest review.<br/><br/><i>A Splintering</i> gripped me from the very first page, and my fascination with Tara’s hunger for more than the world offered her carried me straight through to the end. I was especially absorbed by her frank, sharp voice and the steady development of her character arc. Her flaws, and the way she wrestles with ambition, motherhood, and class expectations, made her a complex and relatable protagonist I was deeply invested in.<br/><br/>The novel explores feminist themes in an organic, unforced way. It doesn’t shy away from asking hard questions about what women owe their families, their children, themselves, and whether it is ever truly possible to “have it all.”<br/><br/>I highly recommend <i>A Splintering</i> to readers who enjoy literary fiction that delves into the messy complexities of ambition, motherhood, and identity.<br/><br/>4.25/5",,,1,0
220998994,An Oral History of Atlantis,Ed     Park,"Park, Ed",,"=""0812998995""","=""9780812998993""",3.0,Random House,Hardcover,224,2025,2025,2025/09/24,2025/02/26,,,read,,,,1,0
52878453,Death in Her Hands,Ottessa Moshfegh,"Moshfegh, Ottessa",,"=""1984879359""","=""9781984879356""",0,Penguin Press,Hardcover,259,2020,2020,,2025/09/23,to-read,to-read (#2500),to-read,,,,0,0
223641724,Happy Bad,Delaney Nolan,"Nolan, Delaney",,"=""1662603282""","=""9781662603280""",0,Astra House,Hardcover,320,2025,2025,,2025/09/23,to-read,to-read (#2498),to-read,,,,0,0
233333688,Japanese Gothic,Kylie Lee Baker,"Baker, Kylie Lee",,"=""1335001557""","=""9781335001559""",0,Hanover Square Press,Hardcover,344,2026,2026,,2025/09/22,to-read,to-read (#2497),to-read,,,,0,0
960,"Angels & Demons (Robert Langdon, #1)",Dan    Brown,"Brown, Dan",,"=""1416524797""","=""9781416524793""",0,Pocket Books,Mass Market Paperback,736,2006,2000,,2025/09/22,to-read,to-read (#2496),to-read,,,,0,0
23418,The Architecture of Happiness,Alain de Botton,"Botton, Alain de",,"=""0375424431""","=""9780375424434""",0,Pantheon Books,Hardcover,288,2006,2006,,2025/09/22,to-read,to-read (#2495),to-read,,,,0,0
406575,The Riddle of the Sands,Erskine Childers,"Childers, Erskine",Milton Bearden,"=""0812966147""","=""9780812966145""",0,Random House Publishing Group,Paperback,336,2002,1903,,2025/09/22,to-read,to-read (#2494),to-read,,,,0,0
25242060,The Truce,Mario Benedetti,"Benedetti, Mario",Harry Morales,"=""0141396857""","=""9780141396859""",0,Penguin UK,Paperback,254,2015,1960,,2025/09/22,to-read,to-read (#2493),to-read,,,,0,0
49867430,"Hench (Hench, #1)",Natalie Zina Walschots,"Walschots, Natalie Zina",,"=""0062978578""","=""9780062978578""",0,William Morrow,Hardcover,403,2020,2020,,2025/09/21,to-read,to-read (#2492),to-read,,,,0,0
837039,"Empire of the Ants (La Saga des Fourmis, #1)",Bernard Werber,"Werber, Bernard",,"=""0553573527""","=""9780553573527""",0,Bantam,Mass Market Paperback,320,1999,1991,,2025/09/21,to-read,to-read (#2491),to-read,,,,0,0
17401136,"Vurt (Vurt, #1)",Jeff Noon,"Noon, Jeff",Lauren Beukes,"=""0230768806""","=""9780230768802""",0,Tor,Hardcover,368,2013,1993,,2025/09/21,to-read,to-read (#2490),to-read,,,,0,0
20575425,Wolf in White Van,John Darnielle,"Darnielle, John",,"=""0374292086""","=""9780374292089""",0,"Farrar, Straus and Giroux",Hardcover,211,2014,2014,,2025/09/21,to-read,to-read (#2489),to-read,,,,0,0
845129,Black Wings Has My Angel,Elliott Chaze,"Chaze, Elliott",,"=""1596542136""","=""9781596542136""",0,Black Mask,Paperback,136,2009,1953,,2025/09/21,to-read,to-read (#2488),to-read,,,,0,0
156023123,Annie Bot,Sierra Greer,"Greer, Sierra",,"=""0063312697""","=""9780063312692""",2.0,Mariner Books,Hardcover,240,2024,2024,2025/09/20,2024/12/29,,,read,,,,1,0
215359139,A Campus on Fire,Patrick  O'Dowd,"O'Dowd, Patrick",,"=""1646035291""","=""9781646035298""",0,Regal House Publishing,Paperback,262,2025,,,2025/09/19,to-read,to-read (#2487),to-read,,,,0,0
224046281,Muscle Man: A Novel,Jordan Castro,"Castro, Jordan",,"=""1646222776""","=""9781646222773""",0,Catapult,Hardcover,272,2025,2025,,2025/09/19,to-read,to-read (#2486),to-read,,,,0,0
222376536,The Definitions,Matt  Greene,"Greene, Matt",,"=""1250399343""","=""9781250399342""",0,Henry Holt and Co.,Paperback,176,2025,2025,,2025/09/19,to-read,to-read (#2485),to-read,,,,0,0
75293507,"Never Whistle at Night: An Indigenous Dark Fiction Anthology (Never Whistle at Night, #1)",Shane Hawk,"Hawk, Shane","Theodore C. Van Alst Jr., Stephen Graham Jones, Norris Black, Amber Blaeser-Wardzala, Phoenix Boudreau, Cherie Dimaline, Carson Faust, Kelli Jo Ford, Kate  Hart, David Heska Wanbli Weiden, Brandon Hobson, Darcie Little Badger, Conley Lyons, Nick Medina, Tiffany Morris, Tommy Orange, Mona Susan  Power, Marcie R. Rendon, Waubgeshig Rice, Rebecca Roanhorse, Andrea L. Rogers, Morgan Talty, D.H. Trujillo, Richard Van Camp, Royce Young Wolf, Mathilda Zeller","=""0593468465""","=""9780593468463""",0,Vintage,Paperback,400,2023,2023,,2025/09/18,to-read,to-read (#2484),to-read,,,,0,0
794779,Le Grand Meaulnes,Alain-Fournier,"Alain-Fournier, Alain-Fournier",Frank Davison,"=""0140182829""","=""9780140182828""",0,Penguin Classics,Paperback,206,1994,1913,,2025/09/18,to-read,to-read (#2483),to-read,,,,0,0
222376779,Kaplan's Plot,Jason Diamond,"Diamond, Jason",,"=""1250385911""","=""9781250385918""",0,Flatiron Books,Hardcover,320,2025,2025,,2025/09/18,to-read,to-read (#2482),to-read,,,,0,0
222322124,The Artist and the Feast,Lucy   Steeds,"Steeds, Lucy",,"=""1454960523""","=""9781454960522""",0,Union Square & Co,Hardcover,352,2025,2025,,2025/09/18,to-read,to-read (#2481),to-read,,,,0,0
95186,The Inheritance of Loss,Kiran Desai,"Desai, Kiran",,"=""0802142818""","=""9780802142818""",0,Grove Press,Paperback,357,2005,2005,,2025/09/17,to-read,to-read (#2480),to-read,,,,0,0
32793394,The Dying Detective,Leif G.W. Persson,"Persson, Leif G.W.",Neil Smith,"=""0307907643""","=""9780307907646""",0,Vintage Crime/Black Lizard,Kindle Edition,422,2017,2010,,2025/09/17,to-read,to-read (#2479),to-read,,,,0,0
61190770,Chain-Gang All-Stars,Nana Kwame Adjei-Brenyah,"Adjei-Brenyah, Nana Kwame",,"=""0593317335""","=""9780593317334""",3.0,Pantheon,Hardcover,367,2023,2023,2025/09/16,2024/11/03,,,read,,,,1,0
215363519,rekt,Alex  Gonzalez,"Gonzalez, Alex",,"=""1645661598""","=""9781645661597""",0,Erewhon Books,Hardcover,355,2025,2025,,2025/09/16,to-read,to-read (#2478),to-read,,,,0,0
12287209,"Wool (Wool, #1)",Hugh Howey,"Howey, Hugh",,"=""""","=""""",0,Broad Reach,Kindle Edition,56,2011,2011,,2023/06/26,to-read,to-read (#824),to-read,,,,0,0
58327658,Lionel Lancet and The Right Vibe,Daniel Backer,"Backer, Daniel",,"=""0578961555""","=""9780578961552""",0,Daniel Backer,Paperback,216,2021,,,2025/09/16,to-read,to-read (#2477),to-read,,,,0,0
224082491,The Third Love,Hiromi Kawakami,"Kawakami, Hiromi",Ted Goossen,"=""1593768052""","=""9781593768058""",0,Soft Skull,Hardcover,288,2025,2020,,2025/09/16,to-read,to-read (#2476),to-read,,,,0,0
34051011,Pachinko,Min Jin Lee,"Lee, Min Jin",,"=""""","=""""",3.0,Grand Central Publishing,Kindle Edition,496,2017,2017,2025/09/15,2022/06/26,,,read,,,,1,0
32871394,The Pisces,Melissa Broder,"Broder, Melissa",,"=""1524761559""","=""9781524761554""",0,Hogarth Press,Hardcover,270,2018,2018,,2025/09/14,to-read,to-read (#2475),to-read,,,,0,0
30079724,Homesick for Another World,Ottessa Moshfegh,"Moshfegh, Ottessa",,"=""0399562885""","=""9780399562884""",4.0,Penguin Press,Hardcover,294,2017,2017,2025/09/14,2024/06/11,,,read,"3.75<br/><br/>Enjoyment of this short story collection is highly dependent on whether you vibe with Moshfegh’s dark humor — most of these tales don’t make a whole lot of logical sense, but the majority are memorably hilarious and grotesque! ",,,1,0
217245618,The Names,Florence Knapp,"Knapp, Florence",,"=""0593833902""","=""9780593833902""",0,Pamela Dorman Books,Hardcover,328,2025,2025,,2025/09/14,dnf,dnf (#1),read,,,,0,0
168668,Catch-22,Joseph Heller,"Heller, Joseph",,"=""0684833395""","=""9780684833392""",3.0,Simon & Schuster ,Paperback,453,2004,1961,2025/09/14,2021/09/07,,,read,,,,1,0
725243,The Oxford Book of Death,D.J. Enright,"Enright, D.J.",,"=""0192820133""","=""9780192820136""",0,Oxford University Press,Paperback,368,1987,1983,,2025/09/14,to-read,to-read (#2474),to-read,,,,0,0
214331246,"Sunrise on the Reaping (The Hunger Games, #0.5)",Suzanne Collins,"Collins, Suzanne",,"=""1546171460""","=""9781546171461""",3.0,Scholastic Press,Hardcover,387,2025,2025,2025/09/14,2025/05/23,,,read,Meh…2.5⭐️,,,1,0
28820,The Varieties of Religious Experience,William  James,"James, William",,"=""1402199031""","=""9781402199035""",0,Adamant Media Corporation,Paperback,519,2000,1902,,2025/09/11,to-read,to-read (#2473),to-read,,,,0,0
14495,The Mind Parasites: The Supernatural Metaphysical Cult Thriller,Colin Wilson,"Wilson, Colin",,"=""0974935999""","=""9780974935997""",0,Monkfish Book Publishing,Paperback,240,2005,1967,,2025/09/11,to-read,to-read (#2472),to-read,,,,0,0
25944711,The Coming,Daniel     Black,"Black, Daniel",,"=""1466890673""","=""9781466890671""",0,St. Martin's Press,Kindle Edition,240,2015,2015,,2025/09/11,to-read,to-read (#2471),to-read,,,,0,0
12331767,High-Rise,J.G. Ballard,"Ballard, J.G.",,"=""0871404028""","=""9780871404022""",0,Liveright,Paperback,208,2012,1975,,2025/09/11,to-read,to-read (#2470),to-read,,,,0,0
1466014,A Testament,Frank Lloyd Wright,"Wright, Frank Lloyd",,"=""081800004X""","=""9780818000041""",0,Horizon Pr,Hardcover,256,1957,1957,,2025/09/11,to-read,to-read (#2469),to-read,,,,0,0
565428,The Cowards,Josef Škvorecký,"Škvorecký, Josef",,"=""091294675X""","=""9780912946757""",0,Ecco Pr,Paperback,416,1980,1958,,2025/09/11,to-read,to-read (#2468),to-read,,,,0,0
222904827,The Healing Hippo of Hinode Park,Michiko Aoyama,"Aoyama, Michiko",Takami Nieda,"=""1335016333""","=""9781335016331""",0,Hanover Square Press,Hardcover,256,2025,2023,,2025/09/10,to-read,to-read (#2467),to-read,,,,0,0
220228230,Ripeness,Sarah Moss,"Moss, Sarah",,"=""""","=""""",0,Picador,Hardcover,304,2025,2025,,2025/09/10,to-read,to-read (#2466),to-read,,,,0,0
239394876,Death in the Midwest: A COLLECTION OF NINE STORIES OF DEATH IN THE MIDWESTERN UNITED STATES... and ONE IN LONDON,Will Saulsbery,"Saulsbery, Will",,"=""""","=""9798285798859""",0,Ashtonbery Press,Kindle Edition,115,2025,2025,,2025/09/10,to-read,to-read (#2465),to-read,,,,0,0
222419254,Swallows,Natsuo Kirino,"Kirino, Natsuo",Lisa Hofmann-Kuroda,"=""030726758X""","=""9780307267580""",0,Knopf,Hardcover,352,2025,2022,,2025/09/10,to-read,to-read (#2464),to-read,,,,0,0
9910,The Name of the World,Denis Johnson,"Johnson, Denis",,"=""0413771601""","=""9780413771605""",0,HarperCollins,Paperback,129,2001,2000,,2025/09/10,to-read,to-read (#2463),to-read,,,,0,0
224003731,To the Moon and Back,Eliana Ramage,"Ramage, Eliana",,"=""1668065851""","=""9781668065853""",0,Avid Reader Press / Simon & Schuster,Hardcover,448,2025,2025,,2025/09/09,to-read,to-read (#2462),to-read,,,,0,0
42270835,The Nickel Boys,Colson Whitehead,"Whitehead, Colson",,"=""""","=""""",0,Doubleday,ebook,213,2019,2019,,2025/09/09,to-read,to-read (#2461),to-read,,,,0,0
220804608,We Computers: A Ghazal Novel,Hamid Ismailov,"Ismailov, Hamid",Shelley Fairweather-Vega,"=""030027274X""","=""9780300272741""",0,Yale University Press,Paperback,296,2025,2025,,2025/09/09,to-read,to-read (#2460),to-read,,,,0,0
215537047,Sleep Phase,Mohamed  Kheir,"Kheir, Mohamed",Robin Moger,"=""1949641783""","=""9781949641783""",0,Two Lines Press,Paperback,240,2025,2024,,2025/09/09,to-read,to-read (#2459),to-read,,,,0,0
39927096,"Less (Arthur Less, #1)",Andrew Sean Greer,"Greer, Andrew Sean",,"=""""","=""""",3.0,Lee Boudreaux Books,Kindle Edition,273,2017,2017,2025/09/09,2024/11/19,,,read,,,,1,0
222399131,Howl’s Moving Castle,Diana Wynne Jones,"Jones, Diana Wynne",,"=""0063416468""","=""9780063416468""",0,Greenwillow Books,Hardcover,352,2025,1986,,2025/09/09,to-read,to-read (#2458),to-read,,,,0,0
20889856,Entropy,Thomas Pynchon,"Pynchon, Thomas",,"=""""","=""""",0,,Paperback,16,1960,1960,,2025/09/08,to-read,to-read (#2457),to-read,,,,0,0
215528054,The Mad Butterfly's Ball,Preston Grassmann,"Grassmann, Preston","Chris Kelso, Tom Over, Matt Neil Hill","=""1803943424""","=""9781803943428""",0,PS Publishing,Paperback,390,2024,,,2025/09/07,to-read,to-read (#2456),to-read,,,,0,0
239880130,Catbirds,Ezra Palmer,"Palmer, Ezra",,"=""""","=""9798987788202""",0,Taag & Rohg,Paperback,184,2025,,,2025/09/07,to-read,to-read (#2455),to-read,,,,0,0
1736739,"Olive Kitteridge (Olive Kitteridge, #1)",Elizabeth Strout,"Strout, Elizabeth",,"=""""","=""""",0,Random House,Hardcover,270,2008,2008,,2025/09/06,to-read,to-read (#2454),to-read,,,,0,0
60211,The Shadow of the Torturer,Gene Wolfe,"Wolfe, Gene",,"=""0671540661""","=""9780671540661""",0,Pocket,Paperback,262,1984,1980,,2025/09/06,to-read,to-read (#2453),to-read,,,,0,0
125930473,The Vulnerables,Sigrid Nunez,"Nunez, Sigrid",,"=""0593715519""","=""9780593715512""",0,Riverhead Books,Hardcover,256,2023,2023,,2025/09/06,to-read,to-read (#2452),to-read,,,,0,0
51152434,What Are You Going Through,Sigrid Nunez,"Nunez, Sigrid",,"=""0593191412""","=""9780593191415""",0,Riverhead Books,Hardcover,210,2020,2020,,2025/09/06,to-read,to-read (#2451),to-read,,,,0,0
57099452,Strange Beasts of China,Yan Ge,"Ge, Yan",Jeremy Tiang,"=""1612199097""","=""9781612199092""",0,Melville House Pub,Hardcover,232,2021,2006,,2025/09/06,to-read,to-read (#2450),to-read,,,,0,0
939471,John the Balladeer,Manly Wade Wellman,"Wellman, Manly Wade","Karl Edward Wagner, David Drake","=""0671654187""","=""9780671654184""",0,Baen,Paperback,306,1988,1988,,2025/09/06,to-read,to-read (#2449),to-read,,,,0,0
42649522,The Woman Dies,Aoko Matsuda,"Matsuda, Aoko",Polly Barton,"=""""","=""""",0,Granta,Online Publication,,2018,2016,,2025/09/06,to-read,to-read (#2448),to-read,,,,0,0
33375622,Her Body and Other Parties: Stories,Carmen Maria Machado,"Machado, Carmen Maria",,"=""155597788X""","=""9781555977887""",0,Graywolf Press,Paperback,248,2017,2017,,2025/09/06,to-read,to-read (#2447),to-read,,,,0,0
25731,The Condemned,Noah Cicero,"Cicero, Noah",,"=""0977624242""","=""9780977624249""",0,Six Gallery Press,Paperback,118,2006,2006,,2025/09/06,to-read,to-read (#2446),to-read,,,,0,0
7977566,The Insurgent,Noah Cicero,"Cicero, Noah",,"=""0982194536""","=""9780982194539""",0,BLATT Books,Paperback,207,2010,2010,,2025/09/06,to-read,to-read (#2445),to-read,,,,0,0
36952119,Blood-Soaked Buddha/Hard Earth Pascal,Noah Cicero,"Cicero, Noah",,"=""0999249908""","=""9780999249901""",0,Trident Business Partners,Paperback,196,2017,,,2025/09/06,to-read,to-read (#2444),to-read,,,,0,0
10747344,Best Behavior,Noah Cicero,"Cicero, Noah",,"=""0984603778""","=""9780984603770""",0,Civil Coping Mechanisms,Paperback,164,2011,2011,,2025/09/06,to-read,to-read (#2443),to-read,,,,0,0
25732,The Human War,Noah Cicero,"Cicero, Noah",,"=""1879193116""","=""9781879193116""",0,Fugue State Press,Paperback,144,2003,2003,,2025/09/06,to-read,to-read (#2442),to-read,,,,0,0
25052044,Bipolar Cowboy,Noah Cicero,"Cicero, Noah",,"=""""","=""""",0,Lazy Fascist Press,Kindle Edition,124,2015,2015,,2025/09/06,to-read,to-read (#2441),to-read,,,,0,0
9496823,Person,Sam Pink,"Pink, Sam",,"=""1936383187""","=""9781936383184""",0,Eraserhead Pr,Paperback,87,2010,2010,,2025/09/06,to-read,to-read (#2440),to-read,,,,0,0
50309228,Early Stuff,Sam Pink,"Pink, Sam",,"=""194868716X""","=""9781948687164""",0,11:11 Press,Paperback,466,2020,2020,,2025/09/06,to-read,to-read (#2439),to-read,,,,0,0
50227987,The Ice Cream Man and Other Stories,Sam Pink,"Pink, Sam",,"=""1593765932""","=""9781593765934""",0,Soft Skull Press,Paperback,288,2020,2020,,2025/09/06,to-read,to-read (#2438),to-read,,,,0,0
59053760,Ketchup,Sam Pink,"Pink, Sam",,"=""""","=""9798470754783""",0, Independently published,Paperback,126,2021,2021,,2025/09/06,to-read,to-read (#2437),to-read,,,,0,0
34272476,Devotions: The Selected Poems of Mary Oliver,Mary Oliver,"Oliver, Mary",,"=""0399563245""","=""9780399563249""",0,Penguin Press,Hardcover,456,2017,2017,,2025/09/06,to-read,to-read (#2436),to-read,,,,0,0
536668,Dream Work,Mary Oliver,"Oliver, Mary",,"=""0871130696""","=""9780871130693""",0,Atlantic Monthly Press,Paperback,96,1994,1986,,2025/09/06,to-read,to-read (#2435),to-read,,,,0,0
200539015,The Orange and Other Poems,Wendy Cope,"Cope, Wendy",,"=""057138952X""","=""9780571389520""",0,Faber & Faber,Kindle Edition,53,2024,2023,,2025/09/06,to-read,to-read (#2434),to-read,,,,0,0
276692,You Are a Little Bit Happier Than I Am,Tao Lin,"Lin, Tao",,"=""097656923X""","=""9780976569237""",0,Action Books,Paperback,72,2006,2006,,2025/09/06,to-read,to-read (#2433),to-read,,,,0,0
60906958,Notes on Shapeshifting,Gabi Abrão,"Abrão, Gabi",,"=""1945649828""","=""9781945649820""",0,Not a Cult,Paperback,80,2022,2022,,2025/09/06,to-read,to-read (#2432),to-read,,,,0,0
302243,Walking Through Clear Water in a Pool Painted Black,Cookie Mueller,"Mueller, Cookie",,"=""0936756616""","=""9780936756615""",0,Semiotext(e),Paperback,151,1990,1990,,2025/09/06,to-read,to-read (#2431),to-read,,,,0,0
297906,Taking Care,Joy Williams,"Williams, Joy",,"=""0394729129""","=""9780394729121""",0,Knopf Doubleday Publishing Group,Paperback,256,1985,1982,,2025/09/06,to-read,to-read (#2430),to-read,,,,0,0
16057212,Hill William,Scott McClanahan,"McClanahan, Scott",,"=""0985023554""","=""9780985023553""",0,Tyrant Books,Paperback,224,2013,2013,,2025/09/06,to-read,to-read (#2429),to-read,,,,0,0
42629301,Essays and Fictions,Brad Phillips,"Phillips, Brad",,"=""""","=""""",0,Tyrant Books,Paperback,300,2019,2019,,2025/09/06,to-read,to-read (#2428),to-read,,,,0,0
208879204,Let Me Try Again,Matthew   Davis,"Davis, Matthew",,"=""1648210759""","=""9781648210754""",0,Arcade,Kindle Edition,360,2024,2024,,2025/09/06,to-read,to-read (#2427),to-read,,,,0,0
127282246,Bitter Water Opera,Nicolette Polek,"Polek, Nicolette",,"=""1644452839""","=""9781644452837""",0,Graywolf Press,Paperback,128,2024,2024,,2025/09/06,to-read,to-read (#2426),to-read,,,,0,0
199454309,The Princess of 72nd Street,Elaine Kraf,"Kraf, Elaine",,"=""0593731808""","=""9780593731802""",0,Modern Library,Hardcover,160,2024,1979,,2025/09/06,to-read,to-read (#2425),to-read,,,,0,0
14276,"So Long, See You Tomorrow",William Maxwell,"Maxwell, William",,"=""1860464181""","=""9781860464188""",0,Harvill,Paperback,135,1998,1980,,2025/09/06,to-read,to-read (#2424),to-read,,,,0,0
34381363,Welfare,Steve Anwyll,"Anwyll, Steve",,"=""0991360893""","=""9780991360895""",0,Tyrant Books,Paperback,256,2017,,,2025/09/06,to-read,to-read (#2423),to-read,,,,0,0
35135343,The Largesse of the Sea Maiden,Denis Johnson,"Johnson, Denis",,"=""0812988639""","=""9780812988635""",0,Random House,Hardcover,207,2018,2018,,2025/09/06,to-read,to-read (#2422),to-read,,,,0,0
93244,Airships,Barry Hannah,"Hannah, Barry",,"=""0802133886""","=""9780802133885""",0,Grove Press,Paperback,209,1994,1978,,2025/09/06,to-read,to-read (#2421),to-read,,,,0,0
59317650,Teenager: A Novel,Bud  Smith,"Smith, Bud",,"=""0593315227""","=""9780593315224""",0,Vintage,Paperback,400,2022,2022,,2025/09/06,to-read,to-read (#2420),to-read,,,,0,0
58314,The Elementary Particles,Michel Houellebecq,"Houellebecq, Michel",Frank Wynne,"=""0375727019""","=""9780375727016""",0,Vintage,Paperback,272,2001,1998,,2025/09/06,to-read,to-read (#2419),to-read,,,,0,0
56215040,Leave Society,Tao Lin,"Lin, Tao",,"=""1101974478""","=""9781101974476""",0,Vintage,Paperback,368,2021,2021,,2025/09/06,to-read,to-read (#2418),to-read,,,,0,0
17591572,No One Writes Back,Jang Eun-Jin,"Eun-Jin, Jang",Jung Yewon,"=""1564789608""","=""9781564789600""",0,Dalkey Archive Press,Paperback,203,2013,2009,,2025/09/06,to-read,to-read (#2417),to-read,,,,0,0
63903384,Of Cattle and Men,Ana Paula Maia,"Maia, Ana Paula",Zoë Perry,"=""1913867498""","=""9781913867492""",3.0,Charco Press,Paperback,99,2023,2013,2025/09/06,2024/10/27,,,read,,,,1,0
16032127,Revenge,Yōko Ogawa,"Ogawa, Yōko",Stephen    Snyder,"=""""","=""""",3.0,Picador,Paperback,162,2013,1998,2025/09/06,2023/07/20,,,read,,,,1,0
198145339,Hawk,Vivian Ayers,"Ayers, Vivian",,"=""1638040915""","=""9781638040910""",0,Clemson University Press,Paperback,80,2023,,,2025/09/05,to-read,to-read (#2416),to-read,,,,0,0
15814530,"Happiness, Like Water",Chinelo Okparanta,"Okparanta, Chinelo",,"=""0544003454""","=""9780544003453""",0,Mariner Books,Paperback,196,2013,2012,,2025/09/05,to-read,to-read (#2415),to-read,,,,0,0
17934654,Karate Chop,Dorthe Nors,"Nors, Dorthe",Martin Aitken,"=""1555976654""","=""9781555976651""",0,Graywolf Press,Paperback,89,2014,2008,,2025/09/05,to-read,to-read (#2414),to-read,,,,0,0
228632949,The Life of Violet: Three Early Stories,Virginia Woolf,"Woolf, Virginia",Urmila Seshagiri,"=""0691263132""","=""9780691263137""",0,Princeton University Press,Hardcover,144,2025,2025,,2025/09/05,to-read,to-read (#2413),to-read,,,,0,0
22232,"Stargirl (Stargirl, #1)",Jerry Spinelli,"Spinelli, Jerry",,"=""0439488400""","=""9780439488402""",0,Scholastic,Paperback,186,2002,2000,,2025/09/04,to-read,to-read (#2412),to-read,,,,0,0
22814793,This House of Grief,Helen Garner,"Garner, Helen",,"=""1922079200""","=""9781922079206""",0,Text publishing,Paperback,300,2014,2014,,2025/09/04,to-read,to-read (#2411),to-read,,,,0,0
10959,Sophie’s World,Jostein Gaarder,"Gaarder, Jostein",Paulette Møller,"=""1857993284""","=""9781857993288""",0,Phoenix,Paperback,403,1995,1991,,2025/09/04,to-read,to-read (#2410),to-read,,,,0,0
28363987,The Lesser Bohemians,Eimear McBride,"McBride, Eimear",,"=""1101903481""","=""9781101903483""",0,Hogarth,Hardcover,320,2016,2016,,2025/09/04,to-read,to-read (#2409),to-read,,,,0,0
292408,Angle of Repose,Wallace Stegner,"Stegner, Wallace",,"=""014016930X""","=""9780140169300""",0,Penguin,Paperback,569,1992,1971,,2025/09/04,to-read,to-read (#2408),to-read,,,,0,0
44824587,Cruise of Shadows: Haunted Stories of Land and Sea,Jean Ray,"Ray, Jean",Scott Nicolay,"=""193966344X""","=""9781939663443""",0,Wakefield Press,Paperback,205,2019,1931,,2025/09/04,to-read,to-read (#2407),to-read,,,,0,0
13614447,The Book of Monelle,Marcel Schwob,"Schwob, Marcel",Kit Schluter,"=""0984115587""","=""9780984115587""",0,Wakefield Press,Paperback,136,2012,1894,,2025/09/04,to-read,to-read (#2406),to-read,,,,0,0
18723194,Dreams of Amputation,Gary J.  Shipley,"Shipley, Gary J.",,"=""""","=""""",0,Copeland Valley Press,Paperback,224,2013,2013,,2025/09/04,to-read,to-read (#2405),to-read,,,,0,0
31863442,The King in the Golden Mask,Marcel Schwob,"Schwob, Marcel",Kit Schluter,"=""1939663237""","=""9781939663238""",0,Wakefield Press,Paperback,195,2017,1892,,2025/09/04,to-read,to-read (#2404),to-read,,,,0,0
2020261,The Dark Domain,Stefan Grabiński,"Grabiński, Stefan",Mirosław Lipiński,"=""1873982259""","=""9781873982259""",0,Hippocrene Books,Paperback,192,1993,1918,,2025/09/04,to-read,to-read (#2403),to-read,,,,0,0
221251749,People Like Us,Jason Mott,"Mott, Jason",,"=""""","=""9798217047116""",0,Dutton,Hardcover,288,2025,2025,,2025/09/04,to-read,to-read (#2402),to-read,,,,0,0
60415700,Now Is Not the Time to Panic,Kevin    Wilson,"Wilson, Kevin",,"=""0062913506""","=""9780062913500""",4.0,Ecco,Hardcover,246,2022,2022,2025/09/03,2022/09/07,,,read,"4.25⭐️<br/><br/>Kevin Wilson’s <i>Now Is Not the Time to Panic</i> proves once again why he’s the master of taking an absurd premise and spinning it into gold. His off-the-wall humor is sharp as ever, and his characters are vivid, quirky, and unforgettable.<br/><br/>The setup is deceptively simple: two teenagers pull a silly stunt that spirals far beyond what they ever imagined. From there, Wilson unpacks not just the chaos of adolescence, but also the weight of creativity, identity, and consequences. He nails that feeling of being a teenager—the restlessness, the intensity, the strange mix of fear and freedom—and somehow makes it both nostalgic and raw.<br/><br/>What I love most is the balance: the book is playful and lighthearted on the surface, but beneath it Wilson weaves in heavier themes that hit harder here than in the other two of his books I’ve read. It’s a feel-good novel that doesn’t shy away from complexity, all while never taking itself too seriously.<br/><br/>If you like stories that start with the absurd and end with something deeply human, this one’s a gem.",,,1,0
176378,"Drive (Drive, #1)",James Sallis,"Sallis, James",,"=""0156030322""","=""9780156030328""",0,Mariner Books,Paperback,158,2006,2005,,2025/09/03,to-read,to-read (#2401),to-read,,,,0,0
33456,"A Dirty Job (Grim Reaper, #1)",Christopher Moore,"Moore, Christopher",,"=""0060590270""","=""9780060590277""",0,William Morrow,Hardcover,387,2006,2006,,2025/09/02,to-read,to-read (#2400),to-read,,,,0,0
240019883,Make Me Better,Sarah Gailey,"Gailey, Sarah",,"=""1250851750""","=""9781250851758""",0,Tor Books,Hardcover,423,2026,2026,,2025/09/02,to-read,to-read (#2399),to-read,,,,0,0
383024,I Look Divine (Vintage Contemporaries),Christopher Coe,"Coe, Christopher",,"=""0394759958""","=""9780394759951""",0,Vintage,Paperback,109,1988,1987,,2025/09/02,to-read,to-read (#2398),to-read,,,,0,0
1196031,Such Times,Christopher Coe,"Coe, Christopher",,"=""0151864268""","=""9780151864263""",0,Harcourt,Paperback,317,1993,1993,,2025/09/02,to-read,to-read (#2397),to-read,,,,0,0
46041168,Hurricane Season,Fernanda Melchor,"Melchor, Fernanda",Sophie Hughes,"=""0811228037""","=""9780811228039""",4.0,New Directions,Hardcover,224,2020,2017,2025/09/02,2022/08/08,,,read,"DAMN. This was an experience. Brutal, visceral, and unrelenting. Melchor’s prose is staggering!<br/><br/>The novel paints a town that feels cursed, a case study of so many things like poverty, violence, drugs, gender, sexuality, hopelessness/futility, all swirling together in a relentless storm. (you see what I did there? 😜)<br/><br/>This is what I would call a low enjoyment, high appreciation read-- I’m thrilled to have discovered Melchor and will 100% read more of her work, but while <i>Hurricane Season</i> was unforgettable, it was also exhausting, claustrophobic, and anxiety-inducing.<br/><br/>I’M TORN on what to rate this! Based on enjoyment, it’s a 3. Based on craft, it feels like a 4 (or even higher?!). Let’s call it a solid 3.5⭐️.<br/><br/>Recommended to readers ready for a brutal, demanding experience. This is a book that will stick with you, but it asks a lot in return. Before you read don't forget to check the TWs!",,,1,0
49086091,Nothing to See Here,Kevin    Wilson,"Wilson, Kevin",,"=""0062913492""","=""9780062913494""",4.0,Ecco,Paperback,288,2020,2019,2025/09/02,2023/08/01,,,read,,,,1,0
3344411,Every Man Dies Alone,Hans Fallada,"Fallada, Hans","Michael Hofmann, Geoff Wilkes","=""1933633638""","=""9781933633633""",0,Melville House,Hardcover,543,2009,1947,,2025/09/02,to-read,to-read (#2396),to-read,,,,0,0
13220873,Slow Lightning (Volume 106) (Yale Series of Younger Poets),Eduardo C. Corral,"Corral, Eduardo C.",,"=""030017893X""","=""9780300178937""",0,Yale University Press,Paperback,96,2012,2012,,2025/09/02,to-read,to-read (#2395),to-read,,,,0,0
43703578,Doomstead Days,Brian Teare,"Teare, Brian",,"=""1643620029""","=""9781643620022""",0,Nightboat Books,Paperback,176,2019,2019,,2025/09/02,to-read,to-read (#2394),to-read,,,,0,0
228691222,Remain,Nicholas Sparks,"Sparks, Nicholas",M. Night Shyamalan,"=""""","=""9798217154043""",0,Random House,Hardcover,335,2025,2025,,2025/09/02,to-read,to-read (#2393),to-read,,,,0,0
217204419,I See You've Called in Dead,John Kenney,"Kenney, John",,"=""""","=""9798989923014""",0,Zibby Publishing,Hardcover,294,2025,2025,,2025/09/02,to-read,to-read (#2392),to-read,,,,0,0
222830186,Exiles,Mason Coile,"Coile, Mason",Andrew Pyper,"=""0593851641""","=""9780593851647""",0,G.P. Putnam's Sons,Kindle Edition,214,2025,2025,,2025/09/02,to-read,to-read (#2391),to-read,,,,0,0
239789812,Something Wicked This Way Comes,Ray Bradbury,"Bradbury, Ray",Paul Giamatti,"=""1668133881""","=""9781668133880""",0,Simon & Schuster Audio,Audiobook,9,2025,1962,,2025/09/02,to-read,to-read (#2390),to-read,,,,0,0
231681790,The Elsewhere Express,Samantha Sotto Yambao,"Yambao, Samantha Sotto",,"=""0593725026""","=""9780593725023""",0,Del Rey,Hardcover,432,2026,2026,,2025/09/02,to-read,to-read (#2389),to-read,,,,0,0
473557,The Journal of Albion Moonlight,Kenneth Patchen,"Patchen, Kenneth",,"=""0811201449""","=""9780811201445""",0,New Directions,Paperback,313,1961,1941,,2025/09/01,to-read,to-read (#2388),to-read,,,,0,0
1233488,"Eden, Eden, Eden",Pierre Guyotat,"Guyotat, Pierre","Graham Fox, Stephen Barber","=""187159247X""","=""9781871592474""",0,Creation Books,Paperback,163,1995,1970,,2025/09/01,to-read,to-read (#2387),to-read,,,,0,0
7583006,Coma,Pierre Guyotat,"Guyotat, Pierre","Gary Indiana, Noura Wedell","=""158435089X""","=""9781584350897""",0,Semiotext(e),Paperback,232,2010,2006,,2025/09/01,to-read,to-read (#2386),to-read,,,,0,0
1199688,Babel-17,Samuel R. Delany,"Delany, Samuel R.",,"=""0839823282""","=""9780839823285""",0,Gregg Press,Hardcover,192,1978,1966,,2025/07/03,to-read,to-read (#2078),to-read,,,,0,0
193408,Darconville's Cat,Alexander Theroux,"Theroux, Alexander",,"=""0805043659""","=""9780805043655""",0,Holt Paperbacks,Paperback,720,1996,1981,,2025/09/01,to-read,to-read (#2385),to-read,,,,0,0
189123,Love in a Fallen City,Eileen Chang,"Chang, Eileen",Karen S. Kingsbury,"=""1590171780""","=""9781590171783""",0,NYRB Classics,Paperback,321,2006,1943,,2025/09/01,to-read,to-read (#2384),to-read,,,,0,0
201102273,We Burn Daylight,Bret Anthony Johnston,"Johnston, Bret Anthony",,"=""0399590129""","=""9780399590122""",0,Random House,Hardcover,352,2024,2024,,2025/09/01,to-read,to-read (#2383),to-read,,,,0,0
127681881,What is Literature? and Other Essays by Jean-Paul Sartre (1988-10-15),Jean-Paul Sartre,"Sartre, Jean-Paul",,"=""""","=""""",0,Harvard University Press,Paperback,0,,1948,,2025/09/01,to-read,to-read (#2382),to-read,,,,0,0
17333223,The Goldfinch,Donna Tartt,"Tartt, Donna",,"=""0316055433""","=""9780316055437""",3.0,"Little, Brown",Hardcover,771,2013,2013,2025/09/01,2022/06/26,,,read,"<i>The Goldfinch</i> is undeniably ambitious. Tartt has the chops to tackle a story sprawling across decades, cities, and themes. But did it all come together in a satisfying way?<br/><br/>The book’s strengths lie mainly in its exploration of fate, beauty, and the randomness of existence. Structurally, it’s impressive. The story is woven with echoes and returns that tie the ending neatly back to the beginning, giving the novel a satisfying circularity even if the journey meanders. Her prose is solid and functional but infrequently dazzling.<br/><br/>The first misstep? Theo himself. He felt bland, hard to connect with, and often too passive—smothered by circumstance. Hobie and Pippa were a delight, but instead of more of them we got more Boris. Yes, Boris was entertaining at times—funny, over the top, a sharp contrast to Theo—but whole stretches with him, plus plotlines like Kitzy, the endless drug binges, and the mafia-ish Amsterdam detour, felt superfluous. The book dragged even when things were “happening.” With tighter editing, it could have easily been under 500 pages.<br/><br/>Ironically, the novel’s looseness, which framed the story in a way that gave it massive potential, ended up being one of its biggest issues. Its large scope ultimately makes it easy to get lost or disconnected. Unlike <i>The Secret History</i>, the focus here often felt diffuse, and I never felt fully gripped.<br/><br/>The bottom line: <i>The Goldfinch</i> is memorable but not life-changing. At 700+ pages, I wanted to be swept away, but I mostly trudged through.<br/><br/>Would I recommend it? Maybe, to Tartt fans and die-hard literary fiction readers. To the average reader? Probably not, because my final verdict is that this is a challenging and bloated novel that may feel “not worth it” to many readers.<br/><br/>3.25⭐️",,,1,0
212415737,The Wind-Up Bird Chronicle,Haruki Murakami,"Murakami, Haruki",Jay Rubin,"=""0679775439""","=""9780679775430""",0,Vintage International,Paperback,607,2024,1994,,2025/09/01,to-read,to-read (#2381),to-read,,,,0,0
224046280,Playing Wolf,Zuzana Říhová,"Říhová, Zuzana",Alex Zucker,"=""164622227X""","=""9781646222278""",0,Catapult,Hardcover,288,2025,2021,,2025/09/01,to-read,to-read (#2380),to-read,,,,0,0
222259187,Oxford Soju Club,Jinwoo Park,"Park, Jinwoo",,"=""1459755103""","=""9781459755109""",0,Dundurn Press,Paperback,216,2025,,,2025/09/01,to-read,to-read (#2379),to-read,,,,0,0
237687965,Discontent,Beatriz Serrano,"Serrano, Beatriz",Mara Faye Lethem,"=""""","=""9798217006762""",0,Vintage,Paperback,192,2025,2023,,2025/09/01,to-read,to-read (#2378),to-read,,,,0,0
565816,"A Rage in Harlem (Harlem Cycle, #1)",Chester Himes,"Himes, Chester",,"=""0679720405""","=""9780679720409""",0,Vintage Crime/Black Lizard,Paperback,159,1989,1957,,2025/08/31,to-read,to-read (#2377),to-read,,,,0,0
4291946,"Everything Ravaged, Everything Burned",Wells Tower,"Tower, Wells",,"=""0374292191""","=""9780374292195""",0,"Farrar, Straus and Giroux",Hardcover,238,2009,2009,,2025/08/30,to-read,to-read (#2376),to-read,,,,0,0
221731829,Narrow the Road,James   Wade,"Wade, James",,"=""1665024135""","=""9781665024136""",4.0,"Blackstone Publishing, Inc.",Hardcover,306,2025,,2025/08/30,2025/04/28,,,read,"<i>Narrow the Road</i> is a mix of western adventure and Southern Gothic. The narrative follows a protagonist searching for his father.<br/><br/>The prose is solid and consistently elevates the story. The novel tackles heavier themes like loss and morality without coming off as preachy, while the humor lands well and provides much-needed comic relief.<br/><br/>This isn’t quite a can’t-put-it-down read, but that’s actually a strength. It unfolds at a steady pace and is never boring. Each encounter on the journey brings fully realized characters, each with a distinct, authentic voice. Wade has a remarkable knack for fleshing out characters so they feel real and memorable.<br/><br/>Overall, this is one of the best 2025 releases I’ve read so far. I’d recommend it to anyone who enjoys westerns or Southern Gothic, especially readers drawn to character-driven storytelling over plot-driven suspense.",,,1,0
219319489,The River Is Waiting,Wally Lamb,"Lamb, Wally",,"=""1668006391""","=""9781668006399""",0,Scribner,Hardcover,466,2025,2025,,2025/08/30,to-read,to-read (#2375),to-read,,,,0,0
218671843,Run for the Hills,Kevin    Wilson,"Wilson, Kevin",,"=""0063317516""","=""9780063317512""",4.0,Ecco,Hardcover,244,2025,2025,2025/08/30,2025/03/28,,,read,"A quirky, heartwarming road trip full of laughs and feels.<br/><br/>Kevin Wilson has a gift for mixing sharp humor with genuine heart. The premise is absurd, (siblings tracking down the trail of a dad who kept reinventing himself) but it becomes a surprisingly tender story about family, identity, and connection.<br/><br/>I laughed out loud at the zany situations and rooted for these characters as they figured out what it means to belong. It’s a true feel-good novel without being overly saccharine.<br/><br/>Recommended for fans of Fredrik Backman (A Man Called Ove, Beartown). If you like funny, big-hearted stories that leave you smiling, you’ll probably love this too!",,,1,0
6690798,"The Passage (The Passage, #1)",Justin Cronin,"Cronin, Justin",,"=""0345504968""","=""9780345504968""",0,Ballantine Books,Hardcover,766,2010,2010,,2025/08/30,to-read,to-read (#2374),to-read,,,,0,0
452244,Lost Souls,Poppy Z. Brite,"Brite, Poppy Z.",,"=""0440212812""","=""9780440212812""",0,Dell,Mass Market Paperback,356,1993,1992,,2025/08/30,to-read,to-read (#2373),to-read,,,,0,0
11266880,It Chooses You,Miranda July,"July, Miranda",Brigitte Sire,"=""1936365014""","=""9781936365012""",0,McSweeney's Publishing,Hardcover,218,2011,2011,,2025/08/30,to-read,to-read (#2372),to-read,,,,0,0
113429,No One Belongs Here More Than You,Miranda July,"July, Miranda",,"=""0743299396""","=""9780743299398""",0,Scribner,Hardcover,205,2007,2007,,2025/08/30,to-read,to-read (#2371),to-read,,,,0,0
403517,The Collected Tales and Poems of Edgar Allan Poe,Edgar Allan Poe,"Poe, Edgar Allan",,"=""0679600078""","=""9780679600077""",0,Modern Library,Hardcover,1026,1992,1849,,2025/08/30,to-read,to-read (#2370),to-read,,,,0,0
22904,The Complete Stories,Franz Kafka,"Kafka, Franz","John Updike, Nahum N. Glatzer, Willa Muir, Edwin Muir, Tania Stern, James Stern, Ernst Kaiser, Eithne Wilkins","=""""","=""""",0,Schocken,Paperback,486,1995,1915,,2025/08/30,to-read,to-read (#2369),to-read,,,,0,0
5439,Interpreter of Maladies,Jhumpa Lahiri,"Lahiri, Jhumpa",,"=""0618101365""","=""9780618101368""",0,Houghton Mifflin Harcourt,Hardcover,198,2000,1999,,2025/08/30,to-read,to-read (#2368),to-read,,,,0,0
1030370,The Collected Stories of Katherine Mansfield,Katherine Mansfield,"Mansfield, Katherine",Stephen Arkin,"=""""","=""""",0,Wordsworth Editions,Paperback,663,2006,1945,,2025/08/29,to-read,to-read (#2367),to-read,,,,0,0
10562168,Bliss,Katherine Mansfield,"Mansfield, Katherine",,"=""0141196130""","=""9780141196138""",0,Penguin Classic,Mass Market Paperback,70,2011,1918,,2025/08/29,to-read,to-read (#2366),to-read,,,,0,0
44776662,Florida,Lauren Groff,"Groff, Lauren",,"=""1594634521""","=""9781594634529""",0,Riverhead Books,Paperback,275,2019,2018,,2025/08/29,to-read,to-read (#2365),to-read,,,,0,0
52762,The Stories of Breece D'J Pancake,Breece D'J Pancake,"Pancake, Breece D'J","James Alan McPherson, John Casey, Andre Dubus III","=""0316715972""","=""9780316715973""",0,"Little, Brown Paperbacks",Paperback,192,2002,1983,,2025/08/29,to-read,to-read (#2364),to-read,,,,0,0
222399171,The Exorcist,William Peter Blatty,"Blatty, William Peter",,"=""006345596X""","=""9780063455962""",0,Harper,Hardcover,384,2025,1971,,2025/08/29,to-read,to-read (#2363),to-read,,,,0,0
216748860,Cautery,Lucía Lijtmaer,"Lijtmaer, Lucía",Maureen Shaughnessy,"=""1917260067""","=""9781917260060""",0,Charco Press,Paperback,236,2025,2022,,2025/08/28,to-read,to-read (#2362),to-read,,,,0,0
219517814,Visions and Temptations,Harald Voetmann,"Voetmann, Harald",Johanne Sorgenfri Ottosen,"=""0811229807""","=""9780811229807""",0,New Directions,Paperback,128,2025,,,2025/08/28,to-read,to-read (#2361),to-read,,,,0,0
7193452,Three Days Before the Shooting...,Ralph Ellison,"Ellison, Ralph","John Callahan, Adam Bradley","=""0375759530""","=""9780375759536""",0,Modern Library,Hardcover,1136,2010,2010,,2025/08/28,to-read,to-read (#2360),to-read,,,,0,0
217587183,The City Changes Its Face,Eimear McBride,"McBride, Eimear",,"=""0571384218""","=""9780571384211""",0,Faber & Faber,Hardcover,328,2025,2025,,2025/08/28,to-read,to-read (#2359),to-read,,,,0,0
58066144,Mosquito (Celebrating Black Women Writers),Gayl Jones,"Jones, Gayl",,"=""0807006629""","=""9780807006627""",0,Beacon Press,Paperback,624,2022,1998,,2025/08/28,to-read,to-read (#2358),to-read,,,,0,0
222659327,The Wilderness,Angela Flournoy,"Flournoy, Angela",,"=""0063318784""","=""9780063318786""",0,Mariner Books,Kindle Edition,301,2025,2025,,2025/08/28,to-read,to-read (#2357),to-read,,,,0,0
235404665,The Take,Kelly Yang,"Yang, Kelly",,"=""0593953371""","=""9780593953372""",0,Berkley,Hardcover,368,2026,2026,,2025/08/28,to-read,to-read (#2356),to-read,,,,0,0
99794,The Golem,Gustav Meyrink,"Meyrink, Gustav","Mike   Mitchell, Carlo Mainoldi","=""1873982917""","=""9781873982914""",0,Dedalus,Paperback,264,2000,1915,,2025/08/27,to-read,to-read (#2355),to-read,,,,0,0
59234975,A Fig for All the Devils,C.S. Fritz,"Fritz, C.S.",,"=""""","=""""",0,Albatross Book Co. ,Paperback,260,2021,2021,,2025/08/27,to-read,to-read (#2354),to-read,,,,0,0
220481312,Doll Parts,Penny Zang,"Zang, Penny",,"=""1464228140""","=""9781464228148""",0,Sourcebooks Landmark,Paperback,400,2025,2025,,2025/08/27,to-read,to-read (#2353),to-read,,,,0,0
375958,Company Man,Brent Wade,"Wade, Brent",,"=""0385425635""","=""9780385425636""",0,Anchor,Paperback,219,1993,1992,,2025/08/26,to-read,to-read (#2352),to-read,,,,0,0
220817728,Atmosphere,Taylor Jenkins Reid,"Reid, Taylor Jenkins",,"=""""","=""""",4.0,Ballantine Books,Hardcover,337,2025,2025,2025/08/25,2025/01/01,,,read,"3.75 ⭐<br/><br/>Let’s start with the title: <i>Atmosphere</i>. At first it struck me as vague, maybe even lazy. But the more I thought about it, the more it clicked. The title seems to work on two levels—the literal atmosphere an astronaut must break through, and the metaphorical atmosphere of fear, shame, and societal pressure the protagonist feels trapped in. Just as she must conquer her fear of space and risk her life, she must also risk everything to embrace love. That parallel gave the title more meaning for me.<br/><br/>Now, to the big question: Is this as good as <i>The Seven Husbands of Evelyn Hugo</i> or <i>Daisy Jones & The Six</i>? For me, not quite. While there are some tense space-set moments, don’t expect a nonstop thrill ride. The real heart of the novel is in Reid’s character work, which is mostly excellent. Most of the main cast feels layered and real, though one slipped into caricature, and a couple of side characters were forgettable.<br/><br/>The 1980s setting works perfectly for exploring a “forbidden” romance, though the circumstances behind that romance stretched believability at times. Still, the emotional stakes carried the story.<br/><br/>In the end, <i>Atmosphere</i> delivers an engaging, character-driven story with flashes of Reid’s brilliance, even if it doesn’t soar to the heights of her best work.",,,1,0
54123,The Neon Bible,John Kennedy Toole,"Toole, John Kennedy",,"=""0802132073""","=""9780802132079""",5.0,Grove Press,Paperback,162,1994,1989,2025/08/26,2025/08/08,,,read,"4.5 ⭐<br/><br/>John Kennedy Toole once dismissed <i>The Neon Bible</i> as a “bad book.” I have to strongly disagree. Yes, it's not perfect and he wrote it at sixteen, but what struck me is just how good it actually is—an engrossing, atmospheric, and surprisingly mature exploration of small-town life in the American South.<br/><br/>Through the voice of young David, Toole creates a vivid, realistic portrait of growing up under the weight of poverty, religion, and societal judgment. David’s narration feels raw, authentic, and deeply human. At times it is tender and at other times heartbreaking. <br/><br/>What’s most fascinating is how much promise this novel shows. You can see in these pages the early sparks of the literary genius who would later give us <i>A Confederacy of Dunces</i>.<br/><br/>This is an absolute must-read for fans of Toole or of Southern Gothic literature in general.",,,1,0
228029088,"We Are Always Tender With Our Dead (Burnt Sparrow, #1)",Eric LaRocca,"LaRocca, Eric",,"=""1803368675""","=""9781803368672""",3.0,Titan Books,Hardcover,304,2025,2025,2025/08/26,2025/08/03,,,read,"I knew going into <i>We Are Always Tender With Our Dead</i> that LaRocca has a reputation for pushing boundaries, and this book is no exception. This first entry in the Burnt Sparrow trilogy is unsettling, visceral, and deeply disturbing. Horror fans looking for a bleak and nightmarish read will find much to appreciate here.<br/><br/>LaRocca’s artistry shows in his vivid depictions of violence. The graphic descriptions are purposefully tied to themes like the brutality of humanity, the darkness of human nature, the corrosive power of shame, and the prejudice and bigotry that fester in small communities. The worldbuilding is strong, dropping readers straight into a grim, claustrophobic landscape that feels both immersive and relentless.<br/><br/>That said, there were a few aspects that didn’t entirely work for me. One choice that broke my trust as a reader was the inclusion of a story told by a character, which felt shoehorned in and came across as filler or a repurposed short story. It pulled me out of the narrative. At times, I also questioned the authenticity of character relationships, since their dynamics felt either flat or overly forced. Lastly, while I can forgive some ambiguity in the first book of a trilogy, I do wish LaRocca had rewarded me with a bit more insight into why events unfolded as they did.<br/><br/>Overall, the book delivered on bleak atmosphere, disturbing imagery, and striking ideas, but its uneven execution didn’t quite achieve a lingering chill or spark the desire for me to continue with the series.<br/><br/>Rating: ⭐⭐½  (Rounded up)",,,1,0
87262,The Posthumous Memoirs of Brás Cubas,Machado de Assis,"Assis, Machado de","Enylton de Sá Rego, Gilberto Pinheiro Passos, Gregory Rabassa","=""0195101707""","=""9780195101706""",4.0,Oxford University Press,Paperback,240,1998,1881,2025/08/25,2024/01/05,,,read,"A dead underachiever justifying his pathetic life? Right up my alley.<br/><br/>Machado de Assis was so ahead of his time that this 1881 novel, written in the age of literary realism, reads as if it were modern or even postmodern. His bold, groundbreaking style brims with playful irony and formal experimentation, gleefully breaking with tradition. The story isn’t linear; it jumps, digresses, mocks itself, and even interrupts the reader.<br/><br/>This should be required reading for anyone who loves the classics and wants to see the roots of later experimental fiction. I loved its themes: the liberation of death, the futility of ambition, the absurdity of life. At a time when most literature exalted heroes and great deeds, Assis dared to give us the anti-heroic memoir of a man who accomplished nothing.<br/><br/>And the cherry on top? After narrating his countless failings, Brás Cubas claims one great victory, but I won’t spoil it. You’ll have to read this strange, brilliant masterpiece to find out.",,,1,0
224004657,"All That We See or Seem (Julia Z, #1)",Ken Liu,"Liu, Ken",,"=""1668083175""","=""9781668083178""",0,S&S/Saga Press,Hardcover,404,2025,2025,,2025/08/25,to-read,to-read (#2351),to-read,,,,0,0
223363614,Orlanda,Jacqueline Harpman,"Harpman, Jacqueline",Ros Schwartz,"=""1644215160""","=""9781644215166""",0,Seven Stories Press,Paperback,240,2025,1996,,2025/08/25,to-read,to-read (#2350),to-read,,,,0,0
1704719,Knockemstiff,Donald Ray Pollock,"Pollock, Donald Ray",,"=""0385523823""","=""9780385523820""",0,Doubleday,Hardcover,206,2008,2008,,2025/08/23,to-read,to-read (#2349),to-read,,,,0,0
68682,And the Ass Saw the Angel,Nick Cave,"Cave, Nick",,"=""1880985721""","=""9781880985724""",0,2.13.61,Paperback,320,2003,1989,,2025/08/23,to-read,to-read (#2348),to-read,,,,0,0
27245902,The Heavenly Table,Donald Ray Pollock,"Pollock, Donald Ray",,"=""0385541295""","=""9780385541299""",0,Doubleday,Hardcover,365,2016,2016,,2025/08/23,to-read,to-read (#2347),to-read,,,,0,0
59091,Tobacco Road,Erskine Caldwell,"Caldwell, Erskine",Lewis Nordan,"=""082031661X""","=""9780820316611""",0,University of Georgia Press,Paperback,192,1995,1932,,2025/08/23,to-read,to-read (#2346),to-read,,,,0,0
571283,Cold Moon Over Babylon,Michael McDowell,"McDowell, Michael",,"=""0380486601""","=""9780380486601""",0,Avon,Paperback,292,1980,1980,,2025/08/23,to-read,to-read (#2345),to-read,,,,0,0
112525,Winter's Bone,Daniel Woodrell,"Woodrell, Daniel",,"=""""","=""""",0,"Little, Brown and Company",Hardcover,225,2006,2006,,2025/08/23,to-read,to-read (#2344),to-read,,,,0,0
972106,The Long Home,William Gay,"Gay, William",,"=""1878448919""","=""9781878448910""",0,MacMurray & Beck,Hardcover,257,1999,1999,,2025/08/23,to-read,to-read (#2343),to-read,,,,0,0
56212587,Revelator,Daryl Gregory,"Gregory, Daryl",,"=""052565738X""","=""9780525657385""",0,Knopf,Hardcover,337,2021,2021,,2025/08/23,to-read,to-read (#2342),to-read,,,,0,0
55425310,When the Reckoning Comes,LaTanya McQueen,"McQueen, LaTanya",,"=""0063035049""","=""9780063035041""",0,Harper Perennial,Paperback,237,2021,2021,,2025/08/23,to-read,to-read (#2341),to-read,,,,0,0
53290204,Summer Sons,Lee Mandelo,"Mandelo, Lee",,"=""125079028X""","=""9781250790286""",0,Tordotcom,Hardcover,372,2021,2021,,2025/08/23,to-read,to-read (#2340),to-read,,,,0,0
7948230,"Crooked Letter, Crooked Letter",Tom Franklin,"Franklin, Tom",,"=""0060594667""","=""9780060594664""",0,William Morrow,Hardcover,274,2010,2010,,2025/08/23,to-read,to-read (#2339),to-read,,,,0,0
25354,Bastard Out of Carolina,Dorothy Allison,"Allison, Dorothy",,"=""0452287057""","=""9780452287051""",0,Plume,Mass Market Paperback,320,2005,1992,,2025/08/23,to-read,to-read (#2338),to-read,,,,0,0
108315,Twilight,William Gay,"Gay, William",,"=""1596920580""","=""9781596920583""",0,MacAdam Cage,Hardcover,224,2006,2006,,2025/08/23,to-read,to-read (#2337),to-read,,,,0,0
48468,The Violent Bear It Away,Flannery O'Connor,"O'Connor, Flannery",,"=""0374505241""","=""9780374505240""",0,"Farrar, Straus and Giroux",Paperback,256,1960,1960,,2025/08/23,to-read,to-read (#2336),to-read,,,,0,0
386187,Midnight in the Garden of Good and Evil,John Berendt,"Berendt, John",,"=""0679751521""","=""9780679751526""",0,Vintage,Paperback,386,1999,1994,,2025/08/23,to-read,to-read (#2335),to-read,,,,0,0
61884835,King of the Armadillos,Wendy Chin-Tanner,"Chin-Tanner, Wendy",,"=""1250843006""","=""9781250843005""",0,Flatiron Books,Hardcover,336,2023,2023,,2025/08/23,to-read,to-read (#2334),to-read,,,,0,0
1398605,The Hunter,Julia Leigh,"Leigh, Julia",,"=""0571200192""","=""9780571200191""",0,Faber and Faber,Paperback,170,2001,1999,,2025/08/23,to-read,to-read (#2333),to-read,,,,0,0
1075283,Flowering Judas,Katherine Anne Porter,"Porter, Katherine Anne",,"=""0813519799""","=""9780813519791""",0,Rutgers University Press,Paperback,216,1993,2011,,2025/08/23,to-read,to-read (#2332),to-read,,,,0,0
24847,A Feast of Snakes,Harry Crews,"Crews, Harry",,"=""0684842483""","=""9780684842486""",0,Touchstone,Paperback,177,1998,1976,,2025/08/23,to-read,to-read (#2331),to-read,,,,0,0
24851,The Gospel Singer and Where Does One Go When There's No Place to Go?,Harry Crews,"Crews, Harry",,"=""189900601X""","=""9781899006014""",0,Gorse,Paperback,300,1995,1995,,2025/08/23,to-read,to-read (#2330),to-read,,,,0,0
12585,The Optimist's Daughter,Eudora Welty,"Welty, Eudora",,"=""037550835X""","=""9780375508356""",0,Random House,Hardcover,180,2002,1972,,2025/08/23,to-read,to-read (#2329),to-read,,,,0,0
2287,"Other Voices, Other Rooms",Truman Capote,"Capote, Truman",,"=""0679745645""","=""9780679745648""",0,Knopf Doubleday Publishing Group,Paperback,232,1994,1948,,2025/08/23,to-read,to-read (#2328),to-read,,,,0,0
2443,"The Innocents Abroad, Or, the New Pilgrims' Progress",Mark Twain,"Twain, Mark",Jane Jacobs,"=""0812967054""","=""9780812967050""",0,Random House Publishing Group,Paperback,560,2003,1869,,2025/08/22,to-read,to-read (#2327),to-read,,,,0,0
7093649,The Return,Roberto Bolaño,"Bolaño, Roberto",Chris    Andrews,"=""0811217159""","=""9780811217156""",0,New Directions,Hardcover,199,2010,2010,,2025/08/22,to-read,to-read (#2326),to-read,,,,0,0
60839741,Bad Cree,Jessica Johns,"Johns, Jessica",,"=""0385548699""","=""9780385548694""",0,Doubleday,Hardcover,259,2023,2023,,2025/08/22,to-read,to-read (#2325),to-read,,,,0,0
188909476,Last Date in El Zapotal,Mateo García Elizondo,"Elizondo, Mateo García",Robin Myers,"=""1913867854""","=""9781913867850""",0,Charco Press,Kindle Edition,152,2024,2019,,2025/08/22,to-read,to-read (#2324),to-read,,,,0,0
61910651,Fresh Dirt From the Grave,Giovanna Rivero,"Rivero, Giovanna",Isabel Adey,"=""1913867528""","=""9781913867522""",0,Charco Press,Kindle Edition,155,2023,2020,,2025/08/22,to-read,to-read (#2323),to-read,,,,0,0
56522347,The Rooftop,Fernanda Trías,"Trías, Fernanda",Annie McDermott,"=""1913867048""","=""9781913867041""",0,Charco Press,Paperback,112,2021,2000,,2025/08/22,to-read,to-read (#2322),to-read,,,,0,0
34381059,The Immaculate Void,Brian Hodge,"Hodge, Brian",,"=""1771484373""","=""9781771484374""",0,ChiZine Publications,Paperback,232,2018,2018,,2025/08/22,to-read,to-read (#2321),to-read,,,,0,0
1494220,"GOTH 夜の章 (Goth, #1)",Otsuichi,"Otsuichi, Otsuichi",,"=""4044253048""","=""9784044253042""",0,角川書店  (Kadokawa),Paperback,190,2005,2002,,2025/08/22,to-read,to-read (#2320),to-read,,,,0,0
42380121,"Tell Them of Battles, Kings, and Elephants",Mathias Énard,"Énard, Mathias",Charlotte Mandell,"=""191069570X""","=""9781910695708""",0,Fitzcarraldo Editions,Kindle Edition,151,2018,2010,,2025/08/22,to-read,to-read (#2319),to-read,,,,0,0
206741283,Mouth,Joshua Hull,"Hull, Joshua",,"=""1959790021""","=""9781959790020""",0,Tenebrous Press,Paperback,128,2024,,,2025/08/22,to-read,to-read (#2318),to-read,,,,0,0
16171259,The Sound of Things Falling,Juan Gabriel Vásquez,"Vásquez, Juan Gabriel",Anne McLean,"=""1594487480""","=""9781594487484""",0,Riverhead Books,Hardcover,302,2014,2011,,2025/08/22,to-read,to-read (#2317),to-read,,,,0,0
15995144,The Spinning Heart,Donal Ryan,"Ryan, Donal",,"=""1781620075""","=""9781781620076""",0,Transworld Ireland,Hardcover,160,2012,2012,,2025/08/22,to-read,to-read (#2316),to-read,,,,0,0
18525850,The Mad and the Bad,Jean-Patrick Manchette,"Manchette, Jean-Patrick","Donald Nicholson-Smith, James Sallis","=""1590177207""","=""9781590177204""",0,NYRB Classics,Paperback,163,2014,1972,,2025/08/22,to-read,to-read (#2315),to-read,,,,0,0
8701589,Some Do Not...,Ford Madox Ford,"Ford, Ford Madox",Max Saunders,"=""1847770126""","=""9781847770127""",0,Carcanet Press Ltd.,Paperback,426,2010,1924,,2025/08/22,to-read,to-read (#2314),to-read,,,,0,0
835203,Hombre,Elmore Leonard,"Leonard, Elmore",,"=""0380822245""","=""9780380822249""",0,Mariner Books,Mass Market Paperback,184,2002,1961,,2025/08/22,to-read,to-read (#2313),to-read,,,,0,0
2376087,The Post-Office Girl,Stefan Zweig,"Zweig, Stefan",Joel Rotenberg,"=""1590172620""","=""9781590172629""",0,NYRB Classics,Paperback,257,2008,1982,,2025/08/21,to-read,to-read (#2312),to-read,,,,0,0
27793819,Madonna in a Fur Coat,Sabahattin Ali,"Ali, Sabahattin","Maureen Freely, Alexander Dawe","=""014198127X""","=""9780141981277""",4.0,Penguin,Kindle Edition,168,2016,1943,2025/08/21,2025/03/31,,,read,"<i>Madonna in a Fur Coat</i> is one of those novels where the beauty lies as much in the prose as in the story it tells. The writing has a quiet elegance to it.<br/><br/>The relationship at the heart of the book is by turns strange, frustrating, and moving. As the worlds of two flawed people collide, the story reveals how the messiness of love often mirrors the messiness of life itself. It reads like a case study in how communication, silence, and mismatched expectations can shape intimacy.<br/><br/>I came away impressed by how alive the characters felt, and I understand why this novel has endured and earned its reputation as a modern classic. I’d recommend it to readers looking for a literary and contemplative take on romance. It's less about sweeping passion, and more about the small, complicated truths of being human.",,,1,0
224004327,You Weren't Meant to Be Human,Andrew Joseph White,"White, Andrew Joseph",,"=""1668038072""","=""9781668038079""",0,S&S/Saga Press,Hardcover,336,2025,2025,,2025/08/21,to-read,to-read (#2311),to-read,,,,0,0
59681625,Touch,Olaf Olafsson,"Olafsson, Olaf",,"=""0063226987""","=""9780063226982""",0,Ecco,Hardcover,272,2022,2020,,2025/08/20,to-read,to-read (#2310),to-read,,,,0,0
3301759,"The Murders in the Rue Morgue (C. Auguste Dupin, #1)",Edgar Allan Poe,"Poe, Edgar Allan","Delfino Cinelli, Carlos Olivera","=""149616640X""","=""9781496166401""",0,CreateSpace Independent Publishing Platform,Paperback,38,2014,1841,,2025/08/20,to-read,to-read (#2309),to-read,,,,0,0
220259184,Heartwood,Amity Gaige,"Gaige, Amity",,"=""1668063603""","=""9781668063606""",4.0,Simon & Schuster,Hardcover,309,2025,2025,2025/08/19,2025/04/06,,,read,"3.5 rounded up<br/><br/><i>Heartwood</i> was an above-average read for me. Gaige’s exploration of multiple POVs kept the story engaging and each voice felt distinct and added freshness and depth to the narrative. The characters are diverse and likable, with interesting backstories.<br/><br/>I appreciated that the novel is much more than just a straightforward missing-person mystery. Gaige uses the search for Sparrow as a thread to connect the side characters’ lives in an exploration of circumstance, relationships, and personal struggles.<br/><br/>That said, readers looking for a raw, gritty thriller might find this too gentle. It leans more toward light mystery blended with literary fiction. While it never reached a “mind-blowing” level for me, <i>Heartwood</i> was consistently pleasant and interesting enough to keep me turning the pages.<br/><br/>A thoughtful, character-driven story that’s more about connection than suspense.",,,1,0
58678702,Simple Passion,Annie Ernaux,"Ernaux, Annie",Tanya Leslie,"=""1644213575""","=""9781644213575""",0,Seven Stories Press,Paperback,67,2003,1991,,2025/08/19,to-read,to-read (#2308),to-read,,,,0,0
153426,The Passion According to G.H.,Clarice Lispector,"Lispector, Clarice",Ronald W. Sousa,"=""0816617120""","=""9780816617128""",4.0,University of Minnesota Press,Paperback,173,1988,1964,2025/08/19,2024/08/04,,,read,"3.5⭐️<br/><br/><i>The Passion According to G.H.</i> definitely feels like it is in the same vein as <i>Agua Viva</i>, but it hits quite differently. <i>The Passion</i> convinced me that Lispector really is on another level when it comes to seeing and understanding the world and existence.<br/><br/>While many of her philosophical musings went over my head, they were still fascinating to sit with. I didn’t like this as much as <i>Hour of the Star</i>, but it’s a close second. When reading <i>The Passion</i>, you get the sense that even if Lispector didn’t fully know what she was talking about, it’s clear she had at least convinced herself that she did.<br/><br/>Honestly, it’s pretty darn impressive how much philosophy she managed to eke out of an encounter with a cockroach.",,,1,0
61921644,What I'd Rather Not Think About,Jente Posthuma,"Posthuma, Jente",Sarah Timmer Harvey,"=""1914484711""","=""9781914484711""",0,Scribe UK,Paperback,224,2023,2020,,2025/08/19,to-read,to-read (#2307),to-read,,,,0,0
30375706,Things We Lost in the Fire,Mariana Enriquez,"Enriquez, Mariana",,"=""045149511X""","=""9780451495112""",0,Hogarth,Hardcover,192,2017,2016,,2025/08/19,to-read,to-read (#2306),to-read,,,,0,0
31501679,Swallowing Mercury,Wioletta Greg,"Greg, Wioletta","Wioletta Grzegorzewska, Eliza Marciniak","=""1846276071""","=""9781846276071""",0,Portobello Books,Hardcover,146,2017,2014,,2025/08/19,to-read,to-read (#2305),to-read,,,,0,0
25779654,The Core of the Sun,Johanna Sinisalo,"Sinisalo, Johanna",Lola Rogers,"=""080212464X""","=""9780802124647""",0,"Grove Press, Black Cat",Paperback,320,2016,2013,,2025/08/19,to-read,to-read (#2304),to-read,,,,0,0
151374,So Long a Letter,Mariama Bâ,"Bâ, Mariama",Modupé Bodé-Thomas,"=""0435905554""","=""9780435905552""",0,Heinemann Educational Books,Paperback,90,1989,1980,,2025/08/19,to-read,to-read (#2303),to-read,,,,0,0
40170500,Disoriental,Négar Djavadi,"Djavadi, Négar",Tina Kover,"=""1787700003""","=""9781787700000""",0,Europa Editions,Kindle Edition,346,2018,2016,,2025/08/19,to-read,to-read (#2302),to-read,,,,0,0
6405181,Death in Spring,Mercè Rodoreda,"Rodoreda, Mercè",Martha Tennent,"=""1934824119""","=""9781934824115""",0,Open Letter Books,Hardcover,150,2009,1986,,2025/08/19,to-read,to-read (#2301),to-read,,,,0,0
36885304,Flights,Olga Tokarczuk,"Tokarczuk, Olga",Jennifer  Croft,"=""0525534199""","=""9780525534198""",0,Riverhead Books,Hardcover,416,2018,2007,,2025/08/19,to-read,to-read (#2300),to-read,,,,0,0
32068085,Eve out of Her Ruins,Ananda Devi,"Devi, Ananda","J.M.G. Le Clézio, Jeffrey Zuckerman","=""1941920411""","=""9781941920411""",0,Deep Vellum Publishing,Kindle Edition,160,2016,2006,,2025/08/19,to-read,to-read (#2299),to-read,,,,0,0
35805855,Aetherial Worlds: Stories,Tatyana Tolstaya,"Tolstaya, Tatyana",,"=""152473277X""","=""9781524732776""",0,Knopf,Hardcover,256,2018,2014,,2025/08/19,to-read,to-read (#2298),to-read,,,,0,0
275,The Lover,Marguerite Duras,"Duras, Marguerite","Maxine Hong Kingston, Barbara Bray","=""""","=""""",0,Pantheon Books,Paperback,117,1998,1984,,2025/08/19,to-read,to-read (#2297),to-read,,,,0,0
6952,Like Water for Chocolate,Laura Esquivel,"Esquivel, Laura","Carol Christensen, Thomas  Christensen","=""""","=""""",0,Black Swan,Paperback,258,1993,1989,,2025/08/19,to-read,to-read (#2296),to-read,,,,0,0
23129715,Sphinx,Anne Garréta,"Garréta, Anne","Emma Ramadan, Daniel Levin Becker","=""1941920098""","=""9781941920091""",0,Deep Vellum Publishing,Paperback,152,2015,1986,,2025/08/19,to-read,to-read (#2295),to-read,,,,0,0
29363290,A Greater Music,Bae Suah,"Suah, Bae",Deborah     Smith,"=""1940953464""","=""9781940953465""",0,Open Letter,Paperback,132,2016,2003,,2025/08/19,to-read,to-read (#2294),to-read,,,,0,0
25067159,Umami,Laia Jufresa,"Jufresa, Laia",,"=""6073128177""","=""9786073128179""",0,RANDOM HOUSE,Kindle Edition,186,2015,2015,,2025/08/19,to-read,to-read (#2293),to-read,,,,0,0
328093,The Museum of Unconditional Surrender,Dubravka Ugrešić,"Ugrešić, Dubravka",Celia Hawkesworth,"=""0811214931""","=""9780811214933""",0,New Directions,Paperback,256,2002,1996,,2025/08/19,to-read,to-read (#2292),to-read,,,,0,0
218442,Wild Thorns,Sahar Khalifeh,"Khalifeh, Sahar","Trevor Le Gassick, Elizabeth Warnock Fernea","=""0863565379""","=""9780863565373""",0,Saqi Books,Paperback,208,2005,1976,,2025/08/19,to-read,to-read (#2291),to-read,,,,0,0
223296389,Midnight Timetable: A Novel in Ghost Stories,Bora Chung,"Chung, Bora",Anton Hur,"=""164375663X""","=""9781643756639""",0,Algonquin Books,Paperback,208,2025,2023,,2025/08/19,to-read,to-read (#2289),to-read,,,,0,0
222505324,The Macabre,Kosoko Jackson,"Jackson, Kosoko",,"=""0063394499""","=""9780063394490""",0,Harper Voyager,Kindle Edition,390,2025,2025,,2025/08/19,to-read,to-read (#2288),to-read,,,,0,0
230809549,Local Heavens,K.M. Fajardo,"Fajardo, K.M.",,"=""1964721547""","=""9781964721545""",0,Bindery Books,Kindle Edition,455,2025,2025,,2025/08/19,to-read,to-read (#2287),to-read,,,,0,0
217387959,The Once and Future Me,Melissa  Pace,"Pace, Melissa",,"=""1250358671""","=""9781250358677""",0,Henry Holt and Co.,Hardcover,384,2025,2025,,2025/08/19,to-read,to-read (#2286),to-read,,,,0,0
218460347,The Road to Tender Hearts,Annie  Hartnett,"Hartnett, Annie",,"=""0593873440""","=""9780593873441""",0,Ballantine Books,Hardcover,384,2025,2025,,2025/08/19,to-read,to-read (#2285),to-read,,,,0,0
53317468,The Twilight Zone,Nona Fernández,"Fernández, Nona",,"=""164445047X""","=""9781644450475""",2.0,Graywolf Press,Paperback,232,2021,2016,2025/08/15,2025/07/25,,,read,"This was a difficult book for me to connect with. Its repetitions and refrains created a kind of hypnotic rhythm, but over time they blurred together and left little that felt lasting. <br/><br/>I recognize the care and intent of recognizing violence and historical atrocity, yet I couldn’t anchor myself to the characters, and without that connection the story slipped quickly from memory.",,,1,0
79429,Letter to a Child Never Born,Oriana Fallaci,"Fallaci, Oriana",,"=""0671451626""","=""9780671451622""",0,Pocket,Hardcover,128,1982,1975,,2025/08/16,to-read,to-read (#2284),to-read,,,,0,0
310612,A Confederacy of Dunces,John Kennedy Toole,"Toole, John Kennedy",Walker Percy,"=""0802130208""","=""9780802130204""",5.0,Grove Press,Paperback,394,1994,1980,2025/08/15,2022/03/30,,,read,"This is easily one of the funniest books I’ve ever read. Toole’s New Orleans bursts with absurdity, and Ignatius J. Reilly might be one of the most unforgettable protagonists in literature. He’s infuriating, grotesque, ridiculous, yet strangely magnetic.<br/><br/>What I loved is that beyond the comedy, the novel has real weight. Its satire digs into society, work, art, and human foolishness in ways that make you think long after the laughter fades. At times the pacing drags and a few characters could have been more developed, but honestly, those flaws barely matter compared to the sheer enjoyment of reading it.<br/><br/>It’s the kind of book you can flip open to any page and instantly be entertained. A perfectly imperfect masterpiece that I love.",,,1,0
129263635,Happening,Annie Ernaux,"Ernaux, Annie",Tanya Leslie,"=""1609809483""","=""9781609809485""",3.0,Seven Stories Press,Paperback,96,2022,2000,2025/08/15,2025/08/12,,,read,,,,1,0
239391126,Catbirds,Ezra Palmer,"Palmer, Ezra",,"=""""","=""9798987788219""",0,Taag & Rohg,Kindle Edition,186,2025,,,2025/08/15,to-read,to-read (#2283),to-read,,,,0,0
659388,Nobody's Fool (Sully #1),Richard Russo,"Russo, Richard",,"=""0679753338""","=""9780679753339""",0,Vintage,Paperback,549,1994,1993,,2025/08/14,to-read,to-read (#2282),to-read,,,,0,0
36712363,Fluxo-Floema,Hilda Hilst,"Hilst, Hilda",Alexandra Joy Forman,"=""1937658848""","=""9781937658847""",0,Nightboat Books,Paperback,326,2018,1970,,2025/08/14,to-read,to-read (#2281),to-read,,,,0,0
208894906,"Water, Water: Poems",Billy Collins,"Collins, Billy",,"=""0593731026""","=""9780593731024""",0,Random House,Hardcover,124,2024,2024,,2025/08/14,to-read,to-read (#2280),to-read,,,,0,0
186872488,Instructions for Traveling West: Poems,Joy Sullivan,"Sullivan, Joy",,"=""0593597613""","=""9780593597613""",0,Dial Press Trade Paperback,Paperback,160,2024,,,2025/08/14,to-read,to-read (#2279),to-read,,,,0,0
20613826,Faithful and Virtuous Night,Louise Glück,"Glück, Louise",,"=""0374152012""","=""9780374152017""",0,"Farrar, Straus and Giroux",Hardcover,71,2014,2014,,2025/08/14,to-read,to-read (#2278),to-read,,,,0,0
13588404,A Thousand Mornings: Poems,Mary Oliver,"Oliver, Mary",,"=""1594204772""","=""9781594204777""",0,Penguin Press,Hardcover,82,2012,2012,,2025/08/14,to-read,to-read (#2277),to-read,,,,0,0
133380,Collected Poems,Edna St. Vincent Millay,"Millay, Edna St. Vincent",,"=""0060908890""","=""9780060908898""",0,HarpPeren,Paperback,768,1981,1956,,2025/08/14,to-read,to-read (#2276),to-read,,,,0,0
20943,How to Read and Why,Harold Bloom,"Bloom, Harold",,"=""0684859076""","=""9780684859071""",0,Scribner,Paperback,288,2001,2000,,2025/08/14,to-read,to-read (#2275),to-read,,,,0,0
20821239,Blue Horses,Mary Oliver,"Oliver, Mary",,"=""1594204799""","=""9781594204791""",0,Penguin Press,Hardcover,79,2014,2014,,2025/08/14,to-read,to-read (#2274),to-read,,,,0,0
24405,Questions About Angels,Billy Collins,"Collins, Billy",,"=""0822942119""","=""9780822942115""",5.0,University of Pittsburgh Press,Hardcover,88,2003,1991,2025/08/14,2025/07/26,,,read,"<i>Questions About Angels</i> by Billy Collins was such a pleasant surprise. This was my first time reading him, and I was instantly drawn in by how approachable his poetry feels. His work is relatable, funny, and clever in a way that makes you want to keep turning the pages. The simplicity of his style makes the poems easy to read, but there’s always a spark of wit or a moment of reflection that lingers. The variety of topics kept the collection fresh and engaging from start to finish. Overall, a delightful and rewarding read.",,,1,0
150255,Eros the Bittersweet,Anne Carson,"Carson, Anne",,"=""1564781887""","=""9781564781888""",0,Dalkey Archive Press,Paperback,189,1998,1986,,2025/08/14,to-read,to-read (#2273),to-read,,,,0,0
13082435,Água Viva,Clarice Lispector,"Lispector, Clarice","Stefan Tobler, Benjamin Moser","=""0811219909""","=""9780811219907""",3.0,New Directions,Paperback,88,2012,1973,2025/08/14,2024/09/13,,,read,"2.75⭐️<br/><br/><i>Água Viva</i> isn’t a novel in the traditional sense, and I think that’s important to know before picking it up. Lispector has created something much more experimental: a lyrical, stream-of-consciousness work that reads like a long prose poem or philosophical diary. Spoiler alert: there’s no plot, no characters to follow, just a narrator drifting through thoughts on time, sensation, art, and existence.<br/><br/>So, if you go in expecting a story, you’ll probably be disappointed. But if you enjoy untethered philosophical musings, you might find a lot to appreciate here!<br/><br/>For me, the musings felt a bit too meandering and broad in scope, without much focus to anchor me. Maybe I wasn’t in the right state of mind for it because I found myself craving something more structured. On the flip side, this same sweeping, unrestrained quality could be exactly what another reader is looking for, especially if they’re in the mood to let their mind wander along with the narrator.<br/><br/>The writing itself is beautiful, which is no surprise coming from Lispector. Her sentences often stop you in your tracks. Even though <i>Água Viva</i> didn’t resonate with me as much as <i>The Hour of the Star</i>, I still admire the talent and originality behind it.",,,1,0
18693852,Bleeding Edge,Thomas Pynchon,"Pynchon, Thomas",,"=""0143125753""","=""9780143125754""",0,Penguin Publishing Group,Paperback,477,2014,2013,,2025/08/14,to-read,to-read (#2272),to-read,,,,0,0
216247489,Sky Daddy,Kate  Folk,"Folk, Kate",,"=""059323149X""","=""9780593231494""",0,Random House,Hardcover,368,2025,2025,,2025/08/13,to-read,to-read (#2271),to-read,,,,0,0
18888313,The Emigrants,W.G. Sebald,"Sebald, W.G.",Michael Hulse,"=""0811221296""","=""9780811221290""",0,New Directions,Kindle Edition,260,2016,1992,,2025/08/13,to-read,to-read (#2270),to-read,,,,0,0
145625252,The Years,Annie Ernaux,"Ernaux, Annie",Alison L. Strayer,"=""1609807871""","=""9781609807870""",0,Seven Stories Press,Paperback,240,2023,2008,,2025/08/12,to-read,to-read (#2269),to-read,,,,0,0
781787,Out of Africa,Isak Dinesen,"Dinesen, Isak",Karen Blixen,"=""0679600213""","=""9780679600213""",0,The Modern Library,Hardcover,416,1992,1937,,2025/08/12,to-read,to-read (#2268),to-read,,,,0,0
26474,Out of Africa and Shadows on the Grass,Isak Dinesen,"Dinesen, Isak",Karen Blixen,"=""0679724753""","=""9780679724759""",0,Vintage,Paperback,462,1989,1937,,2025/08/12,to-read,to-read (#2267),to-read,,,,0,0
77554,The Stone Diaries,Carol Shields,"Shields, Carol",,"=""014023313X""","=""9780140233131""",0,Penguin Books,Paperback,361,1995,1993,,2025/08/12,to-read,to-read (#2266),to-read,,,,0,0
209266797,The One Hand and The Six Fingers,Ram V,"V, Ram","Dan Watters, Laurence Campbell, Sumit Kumar","=""1534369716""","=""9781534369719""",0,Image Comics,Paperback,304,2024,2024,,2025/08/12,to-read,to-read (#2265),to-read,,,,0,0
99713,A Coney Island of the Mind,Lawrence Ferlinghetti,"Ferlinghetti, Lawrence",,"=""0811200418""","=""9780811200417""",0,New Directions,Paperback,93,1958,1958,,2025/08/12,to-read,to-read (#2264),to-read,,,,0,0
58356116,Gothic Violence,Mike Ma,"Ma, Mike",,"=""""","=""9798511367767""",0,Independently published,Paperback,192,2021,2021,,2025/08/12,to-read,to-read (#2263),to-read,,,,0,0
45363333,Harassment Architecture,Mike Ma,"Ma, Mike",,"=""1795641495""","=""9781795641494""",0,Independently Published,Paperback,146,2019,2019,,2025/08/12,to-read,to-read (#2262),to-read,,,,0,0
222683896,The School of Night,Karl Ove Knausgård,"Knausgård, Karl Ove",Karl Ove Knausgaard,"=""0593832809""","=""9780593832806""",0,Penguin Press,Hardcover,512,2026,2023,,2025/08/12,to-read,to-read (#2261),to-read,,,,0,0
23129709,The Physics of Sorrow,Georgi Gospodinov,"Gospodinov, Georgi",Angela Rodel,"=""194095309X""","=""9781940953090""",0,Open Letter Books,Paperback,287,2015,2011,,2025/08/11,to-read,to-read (#2260),to-read,,,,0,0
218460339,Endling,Maria Reva,"Reva, Maria",,"=""0385545312""","=""9780385545310""",0,Doubleday,Hardcover,338,2025,2025,,2025/08/11,to-read,to-read (#2259),to-read,,,,0,0
63912088,So Distant From My Life,Monique Ilboudo,"Ilboudo, Monique",Yarri Kamara,"=""""","=""""",0,Tilted Axis Press,Paperback,127,2022,2020,,2025/08/11,to-read,to-read (#2258),to-read,,,,0,0
55850508,"In the Country of Others (In the country of others, #1)",Leïla Slimani,"Slimani, Leïla",Sam Taylor,"=""014313597X""","=""9780143135975""",0,Penguin Books,Hardcover,305,2021,2020,,2025/08/11,to-read,to-read (#2257),to-read,,,,0,0
34552743,The Iliac Crest,Cristina Rivera Garza,"Garza, Cristina Rivera",Sarah  Booker,"=""1936932067""","=""9781936932061""",0,The Feminist Press at CUNY,Kindle Edition,200,2017,2002,,2025/08/11,to-read,to-read (#2256),to-read,,,,0,0
42462068,The Blind Earthworm in the Labyrinth,Veeraporn Nitiprapha,"Nitiprapha, Veeraporn","วีรพร นิติประภา, Kong Rithdee","=""6164510139""","=""9786164510135""",0,River Books,Paperback,208,2018,2013,,2025/08/11,to-read,to-read (#2255),to-read,,,,0,0
15741474,Middle C,William H. Gass,"Gass, William H.",,"=""0307701638""","=""9780307701633""",0,Knopf,Hardcover,395,2013,2013,,2025/08/11,to-read,to-read (#2254),to-read,,,,0,0
219299653,Into the Sun,C. F. Ramuz,"Ramuz, C. F.","Olivia Baes, Emma Ramadan","=""0811238660""","=""9780811238663""",0,New Directions,Paperback,144,2025,,,2025/08/11,to-read,to-read (#2253),to-read,,,,0,0
237929141,Salt & Ashes: Poems From the Abyss,Thanh Dinh,"Dinh, Thanh",,"=""1069499838""","=""9781069499837""",0,Writerly Books,Kindle Edition,94,2025,,,2025/08/11,to-read,to-read (#2252),to-read,,,,0,0
21023409,The Wake,Paul Kingsnorth,"Kingsnorth, Paul",,"=""1908717866""","=""9781908717863""",0,Unbound,Hardcover,365,2014,2014,,2025/08/11,to-read,to-read (#2251),to-read,,,,0,0
220908902,Elsewhere,Gabrielle Zevin,"Zevin, Gabrielle",,"=""1250408490""","=""9781250408495""",0,"Farrar, Straus and Giroux (BYR)",Paperback,304,2025,2005,,2025/08/11,to-read,to-read (#2250),to-read,,,,0,0
205307204,I Do Know Some Things,Richard Siken,"Siken, Richard",,"=""1556596243""","=""9781556596247""",0,Copper Canyon Press,Hardcover,128,2025,2025,,2025/08/10,to-read,to-read (#2249),to-read,,,,0,0
15047,The Passion,Jeanette Winterson,"Winterson, Jeanette",,"=""0802135226""","=""9780802135223""",5.0,Grove Press,Paperback,160,1997,1987,2025/08/10,2024/06/27,,,read,"★★★★★<br/><br/>This book CONSUMED me.<br/><br/><i>The Passion</i> is romantic, tragic, addicting, weird, funny, and unexpectedly profound. I was swept away by the alternating perspectives of Henri and Villanelle, which were both unforgettable in their own way, and by the way their stories twist together against the backdrop of war, love, and fate.<br/><br/>Winterson’s prose is absolutely stunning: sometimes a single word hits like a dart, other times a long, winding sentence builds into something equally sharp and devastating. She blends humor, heartbreak, and surreal touches so seamlessly that I often had to pause just to take it in.<br/><br/>This novel came out of nowhere for me and has instantly joined my list of all-time favorites. I can’t recommend it enough, especially if you want a story that will pull you under and refuse to let go.",,,1,0
33534091,Katalin Street,Magda Szabó,"Szabó, Magda",Len Rix,"=""1681371529""","=""9781681371528""",0,NYRB Classics,Paperback,235,2017,1969,,2025/08/10,to-read,to-read (#2248),to-read,,,,0,0
497499,The Door,Magda Szabó,"Szabó, Magda",Len Rix,"=""1843431939""","=""9781843431930""",0,Harvill Press,Paperback,262,2005,1987,,2025/08/10,to-read,to-read (#2247),to-read,,,,0,0
43226692,A Natureza da Mordida,Carla Madeira,"Madeira, Carla",,"=""9788566256""","=""9788566256352""",0,Quixote+Do,Paperback,268,2018,2018,,2025/08/10,to-read,to-read (#2246),to-read,,,,0,0
214253029,"Todo mundo tem mãe, Catarina",Carla Guerson,"Guerson, Carla",,"=""8566887891""","=""9788566887891""",0,Editora Reformatório,Paperback,184,2024,,,2025/08/10,to-read,to-read (#2245),to-read,,,,0,0
54278521,O avesso da pele,Jeferson Tenório,"Tenório, Jeferson",,"=""8535933395""","=""9788535933390""",0,Companhia das Letras,Paperback,192,2020,2020,,2025/08/10,to-read,to-read (#2244),to-read,,,,0,0
44024444,Torto Arado,Itamar Vieira Junior,"Junior, Itamar Vieira",,"=""9896605777""","=""9789896605773""",0,Leya,Paperback,280,2019,2019,,2025/08/10,to-read,to-read (#2243),to-read,,,,0,0
3493168,O Cortiço,Aluísio Azevedo,"Azevedo, Aluísio",,"=""8574805793""","=""9788574805795""",0,Ateliê Editorial,Paperback,384,2012,1890,,2025/08/10,to-read,to-read (#2242),to-read,,,,0,0
25943917,Ainda Estou Aqui,Marcelo Rubens Paiva,"Paiva, Marcelo Rubens",,"=""8579624169""","=""9788579624162""",0,Alfaguara,Paperback,296,2015,2015,,2025/08/10,to-read,to-read (#2241),to-read,,,,0,0
187208,Auto da Compadecida,Ariano Suassuna,"Suassuna, Ariano",,"=""8522002657""","=""9788522002658""",0,Agir,Paperback,203,1973,1955,,2025/08/10,to-read,to-read (#2240),to-read,,,,0,0
2856197,As Meninas,Lygia Fagundes Telles,"Telles, Lygia Fagundes",,"=""8532508278""","=""9788532508270""",0,Rocco,Paperback,288,1998,1973,,2025/08/10,to-read,to-read (#2239),to-read,,,,0,0
26026378,Olhos d'água,Conceição Evaristo,"Evaristo, Conceição",,"=""8534705259""","=""9788534705257""",0,Pallas ,Paperback,116,2014,2014,,2025/08/10,to-read,to-read (#2238),to-read,,,,0,0
57718733,Pequena Coreografia do Adeus,Aline Bei,"Bei, Aline",,"=""6559210413""","=""9786559210411""",0,Companhia das Letras,Paperback,288,2021,2021,,2025/08/10,to-read,to-read (#2237),to-read,,,,0,0
41734693,Tudo é Rio,Carla Madeira,"Madeira, Carla",,"=""8566256085""","=""9788566256086""",0,,Paperback,216,2014,2014,,2025/08/10,to-read,to-read (#2236),to-read,,,,0,0
197801832,Oração para Desaparecer,Socorro Acioli,"Acioli, Socorro",,"=""8535934618""","=""9788535934618""",0,TAG/Companhia das Letras ,Hardcover,208,2023,2023,,2025/08/10,to-read,to-read (#2235),to-read,,,,0,0
87263,O Alienista,Machado de Assis,"Assis, Machado de",,"=""0850515068""","=""9780850515060""",0,Luso-Brazilian Books,Paperback,56,2006,1881,,2025/08/10,to-read,to-read (#2234),to-read,,,,0,0
723456,Capitães da areia,Jorge Amado,"Amado, Jorge",,"=""8510053065""","=""9788510053068""",0,Editora Record,Paperback,256,1988,1937,,2025/08/10,to-read,to-read (#2233),to-read,,,,0,0
20744034,A cabeça do santo,Socorro Acioli,"Acioli, Socorro",,"=""8535923691""","=""9788535923698""",0,Companhia das Letras,Paperback,168,2014,2014,,2025/08/10,to-read,to-read (#2232),to-read,,,,0,0
334227,Vidas Secas,Graciliano Ramos,"Ramos, Graciliano",,"=""9500513749""","=""9789500513746""",0,Record,Paperback,176,2003,1938,,2025/08/10,to-read,to-read (#2231),to-read,,,,0,0
762390,The Hour of the Star,Clarice Lispector,"Lispector, Clarice",Giovanni Pontiero,"=""0811211908""","=""9780811211901""",4.0,New Directions,Paperback,96,1992,1977,2025/08/10,2024/01/26,,,read,"Lispector’s <i>The Hour of the Star</i> is brief, strange, and brimming with philosophical bite. The fractured grammar and spiraling syntax feel jarring at first, but gradually reveal a deliberate rhythm. It’s less a story than an existential dissection, full of contrasts like poverty and detachment, innocence and cruelty, beauty and ugliness. <br/><br/>Not an instant favorite, but the kind of book that lingers and will likely reward rereading.<br/><br/>3.5⭐️",,,1,0
921569,Zeroville,Steve Erickson,"Erickson, Steve",,"=""1933372397""","=""9781933372396""",0,Europa Editions,Paperback,329,2007,2007,,2025/08/09,to-read,to-read (#2229),to-read,,,,0,0
7865,Days Between Stations,Steve Erickson,"Erickson, Steve",,"=""0743265696""","=""9780743265690""",0,Simon & Schuster,Paperback,256,2005,1985,,2025/08/09,to-read,to-read (#2230),to-read,,,,0,0
184925,Rubicon Beach,Steve Erickson,"Erickson, Steve",,"=""0704380552""","=""9780704380554""",0,Quartet Books (UK),Paperback,304,1998,1986,,2025/08/09,to-read,to-read (#2228),to-read,,,,0,0
43452825,Abigail,Magda Szabó,"Szabó, Magda",Len Rix,"=""168137403X""","=""9781681374031""",0,New York Review Books,Paperback,333,2020,1970,,2025/08/09,to-read,to-read (#2227),to-read,,,,0,0
1073750,The Vet's Daughter,Barbara Comyns,"Comyns, Barbara",Kathryn Davis,"=""1590170296""","=""9781590170298""",0,New York Review Books ,Paperback,152,2003,1959,,2025/08/09,to-read,to-read (#2226),to-read,,,,0,0
18844,Flush,Virginia Woolf,"Woolf, Virginia",,"=""0156319527""","=""9780156319522""",5.0,Mariner Books Classics,Paperback,204,1976,1933,2025/08/09,2025/07/17,,,read,"<i>Flush</i> is an unexpected delight! It’s witty, touching, and quietly profound. <br/><br/>Virginia Woolf takes the life of Elizabeth Barrett Browning’s cocker spaniel and turns it into a rich, layered narrative that’s part biography, part social commentary, and part canine memoir.<br/><br/>Flush isn’t just a charming literary dog; he’s a fully developed character whose emotions, instincts, and perceptions shift over time in ways that feel both true to animal nature and deeply human. Watching him grow from a small pup to an older dog was immensely satisfying.<br/><br/>Woolf’s prose is as luminous and precise as ever. Her ability to inhabit the mind of a dog while subtly observing class, culture, and gender makes this much more than a “dog book.” And yet, it is also an incredibly fun, tender story. You can read it purely for the joy of the narrative.<br/><br/>Highly recommended for Woolf fans, dog lovers, and anyone who enjoys seeing the world through unexpected eyes.",,,1,0
221289746,Indian Country,Shobha   Rao,"Rao, Shobha",,"=""0593798953""","=""9780593798959""",0,Crown,Hardcover,432,2025,2025,,2025/08/08,to-read,to-read (#2225),to-read,,,,0,0
227786718,Open Wide,Jessica Gross,"Gross, Jessica",,"=""1419778986""","=""9781419778988""",0,Harry N. Abrams,Hardcover,272,2025,2025,,2025/08/08,to-read,to-read (#2224),to-read,,,,0,0
223706936,All These Ghosts,Silas House,"House, Silas",,"=""1958888699""","=""9781958888698""",0,Blair,Hardcover,128,2025,,,2025/08/08,to-read,to-read (#2223),to-read,,,,0,0
211004893,When the Wolf Comes Home,Nat Cassidy,"Cassidy, Nat",,"=""125035434X""","=""9781250354341""",0,Tor Nightfire,Paperback,304,2025,2025,,2025/08/07,to-read,to-read (#2222),to-read,,,,0,0
216867498,The Lamb,Lucy   Rose,"Rose, Lucy",,"=""1399619713""","=""9781399619714""",0,W&N,Hardcover,336,2025,2025,,2025/08/07,to-read,to-read (#2221),to-read,,,,0,0
213395480,Victorian Psycho,Virginia Feito,"Feito, Virginia",,"=""1631498630""","=""9781631498633""",3.0,Liveright,Hardcover,208,2025,2025,2025/08/07,2025/07/05,,,read,"<br/><i>Victorian Psycho</i> is entertaining, weird and disturbingly humorous. The novel’s violence is simultaneously unsettling and fun.<br/><br/>The novelty wore off a bit around the 75% mark, but it’s still an easy, fast-paced read that horror fans or lovers of dark humor will likely enjoy.<br/><br/>Not a new favorite, but I’m glad I read it!",,,1,0
40833,Turtle Diary,Russell Hoban,"Hoban, Russell",,"=""0747548315""","=""9780747548317""",0,Bloomsbury Publishing PLC,Paperback,182,2000,1975,,2025/08/07,to-read,to-read (#2220),to-read,,,,0,0
774846,The Great God Pan,Arthur Machen,"Machen, Arthur",,"=""1871592119""","=""9781871592115""",0,Creation Pub Group,Paperback,82,1993,1890,,2025/08/07,to-read,to-read (#2219),to-read,,,,0,0
30091914,Human Acts,Han Kang,"Kang, Han",Deborah     Smith,"=""1101906723""","=""9781101906729""",2.0,Hogarth,Hardcover,218,2017,2014,2025/08/07,2023/07/23,,,read,"2.25 ⭐️ // Respectfully not for me<br/><br/><i>Human Acts</i> is one of those books that I respect more than I enjoyed. Han Kang’s political bravery in writing about the Gwangju Uprising is undeniable. The way she mixes fiction, nonfiction, philosophy, and even ghost story elements is bold, and most likely the reason this novel resonates deeply with many readers. But personally? I found it emotionally exhausting, repetitive, and bleak in a way that left little room to breathe.<br/><br/>The prose is restrained, probably intentionally so, to mirror themes of censorship and collective numbness. Covering grief, violence, and trauma from many different angles makes for a monotonous and draining reading experience. I never really connected with the characters, perhaps because the structure kept resetting before I could get invested.<br/><br/>I would likely only recommend <i>Human Acts</i> to someone with a strong interest in South Korean political history or in literary explorations of national trauma. Otherwise, I’d probably steer readers toward books that explore grief or violence with a bit more nuance, lyricism, or emotional variety.",,,1,0
217387909,Notes on Infinity,Austin   Taylor,"Taylor, Austin",,"=""1250376106""","=""9781250376107""",3.0,Celadon Books,Hardcover,400,2025,2025,2025/08/04,2025/01/25,,,read,"⭐️⭐️⭐️💫 (3.25 stars)<br/><br/><i>Notes on Infinity</i> follows Harvard students Zoe and Jack as they discover what may be a cure for aging and launch a secret biotech startup, Manna, that catapults them into fame, fortune, and eventually, scandal. It’s a compelling premise, one that instantly reminded me of <i>Tomorrow, and Tomorrow, and Tomorrow</i>: college-age protagonists, intellectual sparks, and a shared creative venture. But, where Gabrielle Zevin’s novel dug deep into themes of friendship, mortality, and meaning, this one felt more surface-level.<br/><br/>The writing is straightforward and accessible, with a steady, fast-paced flow that kept me engaged (I finished the audiobook in two days). There’s not much in the way of lush description or voice-y prose. It reads more like a clean, commercially-oriented narrative than something literary or stylized. Zoe’s voice didn’t stand out to me as particularly unique or vivid, and the characters overall felt more like archetypes than fully developed people. This lack of depth made the emotional stakes feel a bit muted.<br/><br/>Themes like immortality and ambition are present, but Taylor barely grazes the surface of infinity or the existential weight of curing aging, which seemed like a missed opportunity. The novel instead focuses on the business side of the startup. That angle will appeal to readers interested in tech drama and ambition, but I personally wanted more exploration of personal stakes, character interiority, and moral complexity.<br/><br/>What I’ll remember most is how much potential the book had in its premise. I kept waiting for it to dig deeper, to surprise me, to break out of its clean structure, but it stayed on a safe, familiar path. Still, it was entertaining and never dull, just not as emotionally or thematically rich as I hoped.<br/><br/>If you're looking for a quick, engaging read with a tech-savvy plot and light drama, <i>Notes on Infinity</i> delivers. If you're hoping for literary depth or memorable characters, this might feel more like a sketch than a masterpiece.",,,1,0
43980,A History of the World in 10½  Chapters,Julian Barnes,"Barnes, Julian",,"=""0679731377""","=""9780679731375""",0,Vintage,Paperback,320,1990,1989,,2025/08/05,to-read,to-read (#2218),to-read,,,,0,0
10746542,The Sense of an Ending,Julian Barnes,"Barnes, Julian",,"=""0224094157""","=""9780224094153""",0,Jonathan Cape,Hardcover,150,2011,2011,,2025/08/05,to-read,to-read (#2217),to-read,,,,0,0
6194,Waiting for the Barbarians,J.M. Coetzee,"Coetzee, J.M.",,"=""0140283358""","=""9780140283358""",0,Penguin Books,Paperback,152,1999,1980,,2025/08/05,to-read,to-read (#2216),to-read,,,,0,0
6192,Disgrace,J.M. Coetzee,"Coetzee, J.M.",,"=""0143036378""","=""9780143036371""",0,Penguin Books,Paperback,220,2005,1999,,2025/08/05,to-read,to-read (#2216),to-read,,,,0,0
216371549,The Pretender,Jo Harkin,"Harkin, Jo",,"=""0593803302""","=""9780593803301""",0,"Knopf, Pantheon, Vintage, and Anchor",Hardcover,496,2025,2025,,2025/08/05,to-read,to-read (#2215),to-read,,,,0,0
214537790,The Antidote,Karen Russell,"Russell, Karen",,"=""059380225X""","=""9780593802250""",0,Knopf,Hardcover,432,2025,2025,,2025/08/05,to-read,to-read (#2214),to-read,,,,0,0
231674235,The Take,Kelly Yang,"Yang, Kelly",,"=""1408721775""","=""9781408721773""",0,Constable,Kindle Edition,361,2026,2026,,2025/08/05,to-read,to-read (#2213),to-read,,,,0,0
236381987,Brawler,Lauren Groff,"Groff, Lauren",,"=""0593418425""","=""9780593418420""",0,Riverhead Books,Hardcover,288,2026,2026,,2025/08/05,to-read,to-read (#2212),to-read,,,,0,0
45306054,All Summer in a Day,Ray Bradbury,"Bradbury, Ray",,"=""""","=""""",0,,ebook,6,1954,1954,,2025/08/04,,,read,,,,1,0
937105,Lolly Willowes,Sylvia Townsend Warner,"Warner, Sylvia Townsend",Alison Lurie,"=""0940322161""","=""9780940322165""",0,New York Review Books Classics,Paperback,222,1999,1926,,2025/08/04,to-read,to-read (#2211),to-read,,,,0,0
219405157,Beast,Richard Van Camp,"Camp, Richard Van",,"=""1771624159""","=""9781771624152""",0,Douglas & McIntyre,Kindle Edition,304,2024,,,2025/08/04,to-read,to-read (#2210),to-read,,,,0,0
221269912,Tantrum,Rachel Eve Moulton,"Moulton, Rachel Eve",,"=""0593854616""","=""9780593854617""",0,G.P. Putnam's Sons,Kindle Edition,192,2025,2025,,2025/08/04,to-read,to-read (#2209),to-read,,,,0,0
221251788,Tantrum,Rachel Eve Moulton,"Moulton, Rachel Eve",,"=""0593854608""","=""9780593854600""",0,G.P. Putnam's Sons,Hardcover,192,2025,2025,,2025/08/04,to-read,to-read (#2208),to-read,,,,0,0
219268749,Sunbirth,An Yu,"Yu, An",,"=""0802164277""","=""9780802164278""",0,Grove Press,Hardcover,312,2025,2025,,2025/08/04,to-read,to-read (#2207),to-read,,,,0,0
217387664,The Island of Last Things,Emma Sloley,"Sloley, Emma",,"=""1250329248""","=""9781250329240""",0,Flatiron Books,Hardcover,272,2025,2025,,2025/08/04,to-read,to-read (#2206),to-read,,,,0,0
223523910,Some Recollections of St. Ives: A Novel,David Mamet,"Mamet, David",,"=""1648211402""","=""9781648211409""",0,Arcade,Hardcover,216,2025,,,2025/08/04,to-read,to-read (#2205),to-read,,,,0,0
221473239,Fonseca,Jessica Francis Kane,"Kane, Jessica Francis",,"=""0593298853""","=""9780593298855""",0,Penguin Press,Hardcover,272,2025,2025,,2025/08/04,to-read,to-read (#2204),to-read,,,,0,0
1593673,Inland,Gerald Murnane,"Murnane, Gerald",,"=""0855611499""","=""9780855611491""",0,William Heinemann Australia,Hardcover,169,1988,1988,,2025/08/04,to-read,to-read (#2203),to-read,,,,0,0
5857,The Enigma of Arrival,V.S. Naipaul,"Naipaul, V.S.",,"=""0330487159""","=""9780330487153""",0,Picador,Paperback,400,2002,1987,,2025/08/04,to-read,to-read (#2202),to-read,,,,0,0
30868,"The Bean Trees (Greer Family, #1)",Barbara Kingsolver,"Kingsolver, Barbara",,"=""0812474945""","=""9780812474947""",0,Perfection Learning,Paperback,232,1989,1988,,2025/08/04,to-read,to-read (#2201),to-read,,,,0,0
224003800,"Lost Souls Meet Under a Full Moon (Lost Souls, #1)",Mizuki Tsujimura,"Tsujimura, Mizuki",Yuki Tejima,"=""1668099837""","=""9781668099834""",0,Scribner,Paperback,256,2025,2010,,2025/08/04,to-read,to-read (#2200),to-read,,,,0,0
221254208,Dusk,Robbie Arnott,"Arnott, Robbie",,"=""1662603304""","=""9781662603303""",0,Astra House,Hardcover,272,2025,2024,,2025/08/04,to-read,to-read (#2199),to-read,,,,0,0
827327,Riders in the Chariot,Patrick White,"White, Patrick",David Malouf,"=""1590170024""","=""9781590170021""",0,NYRB Classics,Paperback,643,2002,1961,,2025/08/03,to-read,to-read (#2198),to-read,,,,0,0
7196132,The Woman of Andros,Thornton Wilder,"Wilder, Thornton",,"=""""","=""""",0,Avon Books,Paperback,112,1975,1930,,2025/08/03,to-read,to-read (#2197),to-read,,,,0,0
324326,Wife to Mr. Milton,Robert Graves,"Graves, Robert",,"=""0140010246""","=""9780140010244""",0,Penguin Books,Paperback,416,1984,1943,,2025/08/03,to-read,to-read (#2196),to-read,,,,0,0
53443339,"Troy (Stephen Fry's Great Mythology, #3)",Stephen Fry,"Fry, Stephen",,"=""0241424585""","=""9780241424582""",0,Michael Joseph,Hardcover,414,2020,2020,,2025/08/03,to-read,to-read (#2195),to-read,,,,0,0
8194864,Ransom,David Malouf,"Malouf, David",,"=""0307475247""","=""9780307475244""",0,Knopf Doubleday Publishing Group,Paperback,224,2011,2009,,2025/08/03,to-read,to-read (#2194),to-read,,,,0,0
15046,Weight: The Myth of Atlas and Heracles,Jeanette Winterson,"Winterson, Jeanette",,"=""1841957186""","=""9781841957180""",0,Canongate U.S.,Hardcover,151,2005,2005,,2025/08/03,to-read,to-read (#2193),to-read,,,,0,0
55119814,"Olympus, Texas",Stacey Swann,"Swann, Stacey",,"=""0385545215""","=""9780385545211""",0,Doubleday,Hardcover,318,2021,2021,,2025/08/03,to-read,to-read (#2192),to-read,,,,0,0
233054684,Wonder,Chris Emery,"Emery, Chris",,"=""1784633704""","=""9781784633707""",3.0,Salt,ebook,80,2025,,2025/08/02,2025/08/02,,,read,"In ""Wonder"", Chris Emery explores awe, beauty, history, and the marvels of everyday life.<br/><br/>He leans heavily into vivid imagery, obscure word choices, and surprising juxtapositions, aiming to offer fresh perspectives. While I appreciated the intent, the execution didn’t quite land for me. Much of the ""wonder"" I experienced was me wondering if I was missing something, or if the meaning just wasn’t there.<br/><br/>I kept waiting for a poem to truly stick with me, but instead of awe, I mostly felt mild puzzlement or indifference.<br/><br/>Though some pieces felt playful, Emery largely avoids rhyme, rhythm, or sound play like alliteration. Several free verse poems didn’t feel especially poetic, and the meter was sometimes clunky enough to trip over.<br/><br/>That said, I respect the effort to capture fleeting, intimate moments and to move between the mundane and fantastical. The collection has a distinct aesthetic, but it didn’t leave much of an impression on me. If you enjoy experimental imagery and don’t mind a lack of lyrical flow or emotional weight, this may work better for you. For me, it was an uneven read that never quite found its footing.<br/><br/>2.5/5 Rounded up.",,,1,0
10920,Cold Mountain,Charles Frazier,"Frazier, Charles",,"=""0802142842""","=""9780802142849""",0,Grove Press,Paperback,449,2006,1997,,2025/08/02,to-read,to-read (#2191),to-read,,,,0,0
39328584,Greenwood,Michael Christie,"Christie, Michael",,"=""1984822004""","=""9781984822000""",0,Hogarth,Hardcover,528,2020,2019,,2025/08/02,to-read,to-read (#2190),to-read,,,,0,0
25489025,The Vegetarian,Han Kang,"Kang, Han",Deborah Smith,"=""0553448188""","=""9780553448184""",3.0,Hogarth,Hardcover,158,2016,2007,2025/08/02,2024/07/21,,,read,"3.25 ⭐️<br/><br/>When I first heard the premise of The Vegetarian, I thought, “Okay, that sounds… a little gimmicky?” Like, how dramatic can someone going vegetarian really be? Turns out: VERY.<br/><br/>This book isn’t about tofu, folks. It’s about control, autonomy, and trying to escape the world’s cruelty.<br/><br/>The plot? Honestly unbelievable, but also kind of riveting. There were multiple times I sat there thinking “Wait… what??” but also couldn’t stop reading. The outrageousness of it all veers into darkly comic territory for me, even though the themes are anything but light.<br/><br/>Yeong-hye’s alienation hit home for me. I mean, haven’t we all wanted to tap out of this world’s nonsense at some point?<br/><br/>That said, some parts didn’t fully work for me. The “vegetarianism as radical rebellion” angle still feels a bit much at times.<br/><br/>If you like quietly unhinged books, character studies with heavy themes, and don’t mind a plot that’s a bit out there, then yes. Go in with an open mind, and maybe an empty stomach.",,,1,0
42921509,The Book of Disappearance,Ibtisam Azem,"Azem, Ibtisam",Sinan Antoon,"=""0815611110""","=""9780815611110""",0,Syracuse University Press,Paperback,242,2019,2014,,2025/08/02,to-read,to-read (#2189),to-read,,,,0,0
216730654,"Bees, and After (Volume 119) (Yale Series of Younger Poets)",John Liles,"Liles, John",,"=""0300279418""","=""9780300279412""",2.0,Yale University Press,Hardcover,96,2025,,2025/08/02,2025/08/02,,,read,"Is ""jargon poetry"" a thing? If not, ""Bees, and After"" might be the first entry of a new genre that could easily be called that, or even ""science-core"".<br/><br/>It’s not the easiest read, but certainly a unique one.<br/><br/>This collection occupies a curious space where science meets art. John Liles experiments with form, often presenting poems in creative typographic layouts that visually echo the complexity of the subject matter.<br/><br/>Liles explores scientific phenomena through fragmented, lyrical, and frequently enigmatic verse. At times, reading it feels like browsing through a series of poeticized science lecture notes. While the poems rarely rhyme, there’s a rhythmic quality to the language that carries the reader through, as long as they don't get bogged down by trying to decipher the abundant technical terminology.<br/><br/>Luckily, Liles had the foresight to helpfully include footnotes for many of these terms. But, eventually, I stopped trying to analyze every scientific detail and instead read continuously, letting the rhythm and imagery wash over me.<br/><br/>Some topics hit close to home, like the heart beginning and ceasing to beat, or the fact that it’s the first organ to form and function. Others are wonderfully obscure, like a meditation on the most abundant mineral in the earth’s mantle. <br/><br/>Ultimately, some of these poems work beautifully and others less so. ""Bees, and After"" is not a book to breeze through, but for those willing to engage with it fully, it offers a thoughtful experience.",,,1,0
847214,Generations of Winter (Vintage International),Vasily Aksyonov,"Aksyonov, Vasily","Василий Павлович Аксёнов, Christopher Morris","=""0679761829""","=""9780679761822""",0,Knopf Doubleday Publishing Group,Paperback,608,1995,1993,,2025/08/02,to-read,to-read (#2188),to-read,,,,0,0
184662,Lovers for a Day: New and Collected Stories on Love,Ivan Klíma,"Klíma, Ivan",Gerald Turner,"=""0802137474""","=""9780802137470""",0,Grove Press,Paperback,240,2000,1964,,2025/08/02,to-read,to-read (#2187),to-read,,,,0,0
336875,My Golden Trades,Ivan Klíma,"Klíma, Ivan",,"=""1862071039""","=""9781862071032""",0,Granta Books,Paperback,284,1998,1990,,2025/08/02,to-read,to-read (#2186),to-read,,,,0,0
170908,Love and Garbage (Vintage International),Ivan Klíma,"Klíma, Ivan","Ewald Osers, Oscar Osers","=""0679737553""","=""9780679737551""",0,Knopf Doubleday Publishing Group,Paperback,224,1993,1986,,2025/08/02,to-read,to-read (#2185),to-read,,,,0,0
202795132,"La riada (Blackwater, #1)",Michael McDowell,"McDowell, Michael",Carles Andreu,"=""8419654892""","=""9788419654892""",0,Blackie Books,Mass Market Paperback,250,2024,1983,,2025/08/02,to-read,to-read (#2184),to-read,,,,0,0
7285355,Inherent Vice,Thomas Pynchon,"Pynchon, Thomas",,"=""""","=""9780143117568""",0,Penguin Books,Paperback,369,2010,2009,,2025/08/02,to-read,to-read (#2183),to-read,,,,0,0
222838737,The Essential Akutagawa: Twenty-Two Short Stories by Japan's Master Storyteller,Ryūnosuke Akutagawa,"Akutagawa, Ryūnosuke",Richard Medhurst,"=""480531799X""","=""9784805317990""",0,Tuttle Publishing,Paperback,256,2025,2025,,2025/08/02,to-read,to-read (#2182),to-read,,,,0,0
319556,Grace Notes,Bernard MacLaverty,"MacLaverty, Bernard",,"=""0393318419""","=""9780393318418""",0,W. W. Norton  Company,Paperback,284,1998,1997,,2025/08/01,to-read,to-read (#2181),to-read,,,,0,0
1209088,Tomoe Gozen  (Tomoe Gozen #1),Jessica Amanda Salmonson,"Salmonson, Jessica Amanda",,"=""0441816533""","=""9780441816538""",0,Ace,Mass Market Paperback,274,1984,1981,,2025/08/01,to-read,to-read (#2180),to-read,,,,0,0
116246,The Conspiracy,John Hersey,"Hersey, John",,"=""0394479297""","=""9780394479293""",0,Alfred A. Knopf (NY),Hardcover,286,1972,1972,,2025/08/01,to-read,to-read (#2179),to-read,,,,0,0
2201464,The siren Celia,Stevan Eldred-Grigg,"Eldred-Grigg, Stevan",,"=""0140121943""","=""9780140121940""",0,Penguin Books,Paperback,328,1989,1989,,2025/08/01,to-read,to-read (#2178),to-read,,,,0,0
29848070,Their Brilliant Careers: The Fantastic Lives of Sixteen Extraordinary Australian Writers,Ryan  O'Neill,"O'Neill, Ryan",,"=""1863958630""","=""9781863958639""",0,Black Inc.,Paperback,274,2016,2016,,2025/08/01,to-read,to-read (#2177),to-read,,,,0,0
40600559,Mad Boy: An Account of Henry Phipps in the War of 1812,Nick Arvin,"Arvin, Nick",,"=""1609454588""","=""9781609454586""",0,Europa Editions,Paperback,256,2018,2018,,2025/08/01,to-read,to-read (#2176),to-read,,,,0,0
50308230,Piñen,Daniela Catrileo,"Catrileo, Daniela",,"=""9569147733""","=""9789569147739""",0,Libros del Pez Espiral,Paperback,70,2019,2019,,2025/08/01,to-read,to-read (#2175),to-read,,,,0,0
217387901,Chilco,Daniela Catrileo,"Catrileo, Daniela",Jacob Edelstein,"=""0374616507""","=""9780374616502""",0,FSG Originals,Paperback,272,2025,2023,,2025/08/01,to-read,to-read (#2174),to-read,,,,0,0
199282781,Chilco,Daniela Catrileo,"Catrileo, Daniela",,"=""9566291043""","=""9789566291046""",0,Seix Barral Chile,Kindle Edition,256,2023,2023,,2025/08/01,to-read,to-read (#2173),to-read,,,,0,0
11395597,Why Be Happy When You Could Be Normal?,Jeanette Winterson,"Winterson, Jeanette",,"=""0307401243""","=""9780307401243""",0,Knopf Canada,Hardcover,230,2012,2011,,2025/08/01,to-read,to-read (#2172),to-read,,,,0,0
220458601,A Rebellion of Care: Poems and Essays,David Gate,"Gate, David",,"=""059360217X""","=""9780593602171""",0,Convergent Books,Hardcover,224,2025,,,2025/08/01,to-read,to-read (#2171),to-read,,,,0,0
209363566,"The Art Thief: A True Story of Love, Crime, and a Dangerous Obsession",Michael Finkel,"Finkel, Michael",,"=""1984898450""","=""9781984898456""",0,Vintage,Paperback,224,2024,2023,,2025/08/01,to-read,to-read (#2170),to-read,,,,0,0
46041199,"Kim Jiyoung, Born 1982",Cho Nam-Joo,"Nam-Joo, Cho",Jamie Chang,"=""1631496700""","=""9781631496707""",0,Liveright,Hardcover,163,2020,2016,,2025/07/31,to-read,to-read (#2169),to-read,,,,0,0
222658339,The Wilderness,Angela Flournoy,"Flournoy, Angela",,"=""0063318776""","=""9780063318779""",0,Mariner Books,Hardcover,304,2025,2025,,2025/07/31,to-read,to-read (#2168),to-read,,,,0,0
6088007,"Neuromancer (Sprawl, #1)",William Gibson,"Gibson, William",Jack Womack,"=""""","=""""",0,Ace,Kindle Edition,268,2018,1984,,2025/07/31,to-read,to-read (#2167),to-read,,,,0,0
61121126,We Do Not Part,Han Kang,"Kang, Han","E. Yaewon, Paige Aniyah Morris","=""""","=""""",3.0,Hogarth,Hardcover,256,2025,2025,2025/07/31,2024/10/14,,,read,"Han Kang’s prose is stunning, immersive, and at times hypnotic. The imagery in <i>We Do Not Part</i> often stopped me in my tracks with its beauty.<br/><br/>That said, this book just wasn’t for me because its positive aspects were dragged down by the heaviness of the content, which is steeped in war violence, trauma, and the lingering psychological aftermath of conflict. <br/><br/>While Kang explores these themes in a deeply creative way, I often found myself feeling distanced rather than engaged. The violence was emotionally exhausting. <br/><br/>I admire this novel for its ambition and artistry, but the subject matter and emotional tone left me cold. A beautifully written book that I can’t say I enjoyed.",,,1,0
18423,The Left Hand of Darkness,Ursula K. Le Guin,"Guin, Ursula K. Le",,"=""""","=""""",3.0,Ace,Paperback,304,2000,1969,2025/07/31,2023/09/03,,,read,"I really wanted to love this classic since I know how bold and groundbreaking Le Guin’s exploration of gender and sexual identity was in 1969!<br/><br/>Not only that, but Le Guin prioritized character and cultural development at a time when science fiction was largely plot-driven.<br/><br/>That said… I found the book pretty boring.<br/><br/>Much of the political intrigue and worldbuilding went over my head. I got tangled in the dense terminology and the unfamiliar fictional nations/ethnicities. The plot didn’t feel particularly high-stakes, and the dynamic between two protagonists was supposed to carry emotional weight, but it just didn’t land for me.<br/><br/>I respect what Le Guin achieved here, but ultimately this book was more of an intellectual experience than an enjoyable one for me.",,,1,0
217453585,Awake in the Floating City,Susanna  Kwan,"Kwan, Susanna",,"=""0593701402""","=""9780593701409""",0,Pantheon,Hardcover,320,2025,2025,,2025/07/30,to-read,to-read (#2166),to-read,,,,0,0
251374,The Night in Question,Tobias Wolff,"Wolff, Tobias",,"=""0679402187""","=""9780679402183""",0,Knopf,Hardcover,206,1996,1995,,2025/07/30,to-read,to-read (#2165),to-read,,,,0,0
218697776,Foreclosure Gothic,Harris Lahti,"Lahti, Harris",,"=""1662602820""","=""9781662602825""",0,Astra House,Hardcover,240,2025,2025,,2025/07/28,to-read,to-read (#2164),to-read,,,,0,0
1188731,A Dog's Head (Phoenix Fiction),Jean Dutourd,"Dutourd, Jean","Robin Chancellor, Wendy Doniger","=""0226174921""","=""9780226174921""",0,University of Chicago Press,Paperback,149,1998,1951,,2025/07/27,to-read,to-read (#2163),to-read,,,,0,0
545951,Death Comes for the Archbishop,Willa Cather,"Cather, Willa",,"=""0679728899""","=""9780679728894""",4.0,Vintage,Paperback,297,1990,1927,2025/07/27,2024/08/24,,,read,"I went into <i>Death Comes for the Archbishop</i> not knowing what to expect—the title felt dramatic, but the story is anything but. It’s a slow-paced, reflective, and quietly emotional novel about a life of service and faith in the American Southwest.<br/><br/>Cather follows Father Jean Marie Latour as he arrives in New Mexico in 1851 to serve as Apostolic Vicar. Over nearly forty years, he navigates a vast, unforgiving landscape shaped by Mexican and Indigenous traditions, spreading his faith gently and persistently.<br/><br/>Rather than focusing on conflict, the novel offers a meditative portrait of a changing region and a man shaped by it. It reminded me of <i>Lonesome Dove</i> in its attention to the frontier, though this story centers more on spirituality than adventure. Thoughtful and beautifully written, it’s a classic worth reading.",,,1,0
6217,Kristin Lavransdatter,Sigrid Undset,"Undset, Sigrid","Brad Leithauser, Tiina Nunnally","=""0143039164""","=""9780143039167""",0,Penguin Books,Paperback,1144,2005,1920,,2025/07/27,to-read,to-read (#2162),to-read,,,,0,0
51157025,"Great Exodus, Great Wall, Great Party",Chessy Normile,"Normile, Chessy",Li-Young Lee,"=""0986093823""","=""9780986093821""",0,Copper Canyon Press,Paperback,96,2020,,,2025/07/27,to-read,to-read (#2161),to-read,,,,0,0
188458,A High Wind in Jamaica,Richard Hughes,"Hughes, Richard",,"=""0940322153""","=""9780940322158""",0,The New York Review of Books,Paperback,279,1999,1929,,2025/07/26,to-read,to-read (#2160),to-read,,,,0,0
786699,Omeros,Derek Walcott,"Walcott, Derek",,"=""0374523509""","=""9780374523503""",0,"Farrar, Straus and Giroux",Paperback,325,1992,1990,,2025/07/26,to-read,to-read (#2159),to-read,,,,0,0
158446,Captain Blood,Rafael Sabatini,"Sabatini, Rafael",,"=""1406800163""","=""9781406800166""",0,Echo Library,Paperback,236,2006,1922,,2025/07/26,to-read,to-read (#2158),to-read,,,,0,0
611084,Far Tortuga,Peter Matthiessen,"Matthiessen, Peter",,"=""3434530088""","=""9783434530084""",0,Europäische Verlagsanstalt (eva),Hardcover,449,2000,1975,,2025/07/26,to-read,to-read (#2157),to-read,,,,0,0
137110,"Picnic, Lightning",Billy Collins,"Collins, Billy",,"=""0822956705""","=""9780822956709""",0,University of Pittsburgh Press,Paperback,104,1998,1998,,2025/07/26,to-read,to-read (#2155),to-read,,,,0,0
9315496,Horoscopes for the Dead,Billy Collins,"Collins, Billy",,"=""1400064929""","=""9781400064922""",0,Random House,Hardcover,103,2011,2011,,2025/07/26,to-read,to-read (#2156),to-read,,,,0,0
24403,Nine Horses,Billy Collins,"Collins, Billy",,"=""0375755209""","=""9780375755200""",0,Random House Publishing Group,Paperback,144,2003,2002,,2025/07/26,to-read,to-read (#2154),to-read,,,,0,0
15798111,Aimless Love: New and Selected Poems,Billy Collins,"Collins, Billy",,"=""0679644059""","=""9780679644057""",0,Random House,Hardcover,261,2013,2013,,2025/07/26,to-read,to-read (#2153),to-read,,,,0,0
676,Sailing Alone Around the Room: New and Selected Poems,Billy Collins,"Collins, Billy",,"=""0375755195""","=""9780375755194""",0,Random House Trade Paperbacks,Paperback,172,2002,2001,,2025/07/26,to-read,to-read (#2152),to-read,,,,0,0
24400,The Trouble With Poetry: And Other Poems,Billy Collins,"Collins, Billy",,"=""0375755217""","=""9780375755217""",0,Random House Trade Paperbacks,Paperback,88,2007,2005,,2025/07/26,to-read,to-read (#2152),to-read,,,,0,0
211809097,Forest of Noise: Poems,Mosab Abu Toha,"Toha, Mosab Abu",,"=""0593803973""","=""9780593803974""",0,Knopf,Hardcover,96,2024,2024,,2025/07/26,to-read,to-read (#2151),to-read,,,,0,0
227967141,Wreck,Catherine Newman,"Newman, Catherine",,"=""0063453916""","=""9780063453913""",0,Harper,Hardcover,224,2025,2025,,2025/07/26,to-read,to-read (#2150),to-read,,,,0,0
5936,The Poetry of Pablo Neruda,Pablo Neruda,"Neruda, Pablo",Ilan Stavans,"=""0374529604""","=""9780374529604""",0,Farrar Straus Giroux,Paperback,1040,2005,1951,,2025/07/25,to-read,to-read (#2149),to-read,,,,0,0
5932,Twenty Love Poems and a Song of Despair,Pablo Neruda,"Neruda, Pablo","W.S. Merwin, Cristina García","=""0143039962""","=""9780143039969""",0,Penguin Classics,Paperback,60,2006,1924,,2025/07/25,to-read,to-read (#2148),to-read,,,,0,0
67998,Selected Poems,Gabriela Mistral,"Mistral, Gabriela",Ursula K. Le Guin,"=""0826328180""","=""9780826328182""",0,University of New Mexico Press,Hardcover,431,2003,1941,,2025/07/25,to-read,to-read (#2147),to-read,,,,0,0
2213236,Madwomen: Poems of Gabriela Mistral,Gabriela Mistral,"Mistral, Gabriela",Randall Couch,"=""0226531902""","=""9780226531908""",0,University of Chicago Press,Hardcover,168,2008,2008,,2025/07/25,to-read,to-read (#2146),to-read,,,,0,0
48842680,Voyager,Nona Fernández,"Fernández, Nona",,"=""8439736304""","=""9788439736301""",0,Literatura Random House,Paperback,184,2020,2020,,2025/07/25,to-read,to-read (#2145),to-read,,,,0,0
18770438,Space Invaders,Nona Fernández,"Fernández, Nona",Jaime Pinos,"=""956913108X""","=""9789569131080""",0,Alquimia Ediciones,Paperback,88,2013,2013,,2025/07/25,to-read,to-read (#2144),to-read,,,,0,0
71544794,A Last Supper of Queer Apostles: Selected Essays,Pedro Lemebel,"Lemebel, Pedro","Idra Novey, Gwendolyn  Harper","=""0143137085""","=""9780143137085""",0,Penguin Classics,Paperback,272,2024,,,2025/07/25,to-read,to-read (#2143),to-read,,,,0,0
15793552,Ways of Going Home,Alejandro Zambra,"Zambra, Alejandro",Megan McDowell,"=""0374286647""","=""9780374286644""",0,"Farrar, Straus and Giroux",Hardcover,160,2013,2011,,2025/07/25,to-read,to-read (#2142),to-read,,,,0,0
5742868,House of Mist,María Luisa Bombal,"Bombal, María Luisa",,"=""0374531366""","=""9780374531362""",0,"Farrar, Straus and Giroux",Paperback,256,2008,,,2025/07/25,to-read,to-read (#2141),to-read,,,,0,0
48564330,Betty,Tiffany   McDaniel,"McDaniel, Tiffany",,"=""052565707X""","=""9780525657071""",0,Knopf,Hardcover,480,2020,2020,,2025/07/25,to-read,to-read (#2140),to-read,,,,0,0
56212878,Hollow,Brian Catling,"Catling, Brian",,"=""0593081153""","=""9780593081150""",0,Vintage,Paperback,254,2021,2021,,2025/07/25,to-read,to-read (#2139),to-read,,,,0,0
3388,Corelli’s Mandolin,Louis de Bernières,"Bernières, Louis de",,"=""067976397X""","=""9780679763970""",0,Vintage,Paperback,437,1995,1994,,2025/07/25,to-read,to-read (#2138),to-read,,,,0,0
223443662,Startlement: New and Selected Poems,Ada Limon,"Limon, Ada",,"=""1639550518""","=""9781639550517""",0,Milkweed Editions,Hardcover,232,2025,,,2025/07/25,to-read,to-read (#2137),to-read,,,,0,0
56077,"Sweet Thursday (Cannery Row, #2)",John Steinbeck,"Steinbeck, John",Robert DeMott,"=""0143039474""","=""9780143039471""",0,Penguin Classics,Paperback,249,2008,1954,,2025/07/24,to-read,to-read (#2136),to-read,,,,0,0
10799,A Farewell to Arms,Ernest Hemingway,"Hemingway, Ernest",,"=""0099910101""","=""9780099910107""",3.0,Arrow Books,Paperback,304,2004,1929,2025/07/24,2023/06/03,,,read,"Dang, Hemingway rewrote the ending of <i>A Farewell to Arms</i> 39 times to get the words right?!<br/><br/>3.25⭐️",,,1,0
199798201,The Safekeep,Yael van der Wouden,"Wouden, Yael van der",,"=""""","=""""",2.0,Avid Reader Press / Simon & Schuster,Hardcover,272,2024,2024,2025/07/24,2024/10/31,,,read,"Having now read <i>The Safekeep</i>, I now wish it had been safely kept away from my TBR.<br/><br/>When characters start doing things that are unexpected, it signals to the reader to be patient, it will all make sense. In my opinion, that doesn’t happen in <i>The Safekeep</i>. While the plot may make sense in theory, I feel that the characters motivations didn’t.",,,1,0
205124,The Horned Man,James Lasdun,"Lasdun, James",,"=""0393324389""","=""9780393324389""",0,Norton,Paperback,196,2003,2002,,2025/07/23,to-read,to-read (#2135),to-read,,,,0,0
109713,City of Night,John Rechy,"Rechy, John",,"=""0802130836""","=""9780802130839""",0,"Grove Press/Grove Atlantic, Inc.",Paperback,400,1994,1963,,2025/07/23,to-read,to-read (#2134),to-read,,,,0,0
17675246,House of Purple Cedar,Tim Tingle,"Tingle, Tim",,"=""1935955241""","=""9781935955245""",0,Lee & Low Books,Paperback,336,2014,2013,,2025/07/23,to-read,to-read (#2133),to-read,,,,0,0
433952,The Hotel Eden: Stories,Ron Carlson,"Carlson, Ron",,"=""0140273891""","=""9780140273892""",0,Penguin Group USA,Paperback,224,1998,1997,,2025/07/23,to-read,to-read (#2132),to-read,,,,0,0
218671850,So Far Gone,Jess Walter,"Walter, Jess",,"=""0062868144""","=""9780062868145""",0,Harper,Hardcover,257,2025,2025,,2025/07/23,to-read,to-read (#2131),to-read,,,,0,0
219299650,Killing Stella,Marlen Haushofer,"Haushofer, Marlen",Shaun Whiteside,"=""""","=""""",0,New Directions,Paperback,80,2025,1958,,2025/07/22,to-read,to-read (#2130),to-read,,,,0,0
229279734,Darker Days,Thomas Olde Heuvelt,"Heuvelt, Thomas Olde",,"=""0063472511""","=""9780063472518""",0,Harper,Hardcover,416,2025,2022,,2025/07/21,to-read,to-read (#2129),to-read,,,,0,0
199797823,Pink Slime,Fernanda Trías,"Trías, Fernanda",Heather Cleary,"=""1668049775""","=""9781668049778""",0,Scribner,Hardcover,240,2024,2020,,2025/07/21,to-read,to-read (#2128),to-read,,,,0,0
219301718,Fox,Joyce Carol Oates,"Oates, Joyce Carol",,"=""0593978080""","=""9780593978085""",4.0,Hogarth,Hardcover,672,2025,2025,2025/07/20,2025/04/14,,,read,"4.25<br/><br/>The most horrific non-horror novel I’ve ever read. It’s impossible to discuss <i>Fox </i> without mentioning <i>Lolita</i> or <i>My Dark Vanessa</i>. Oates seems determined to go even further, and she does. She plunges disturbingly deep into the minds of predator and victim alike. Even the bystanders get psychological depth, which sometimes makes the book feel overlong, but the writing is so sharp it’s hard to complain.<br/><br/><i>Fox</i> is unsettling, intimate, and painfully human. You finish it feeling complicit, like you’ve witnessed something you were never meant to see. It would be hard to deny that <i>Fox</i> is as brilliant as it is haunting.",,,1,0
54804,"Dead Man's Walk (Lonesome Dove, #3)",Larry McMurtry,"McMurtry, Larry",,"=""0684857545""","=""9780684857541""",0,Simon & Schuster,Paperback,511,1995,1995,,2025/07/20,to-read,to-read (#2127),to-read,,,,0,0
54807,"Comanche Moon (Lonesome Dove, #4)",Larry McMurtry,"McMurtry, Larry",,"=""""","=""""",0,Simon  Schuster,Paperback,716,2000,1997,,2025/07/20,to-read,to-read (#2127),to-read,,,,0,0
56978048,Fight Night,Miriam Toews,"Toews, Miriam",,"=""1635578175""","=""9781635578171""",0,Bloomsbury Publishing,Hardcover,255,2021,2021,,2025/07/20,to-read,to-read (#2126),to-read,,,,0,0
226381619,"Days at the Torunka Café (Days at the Torunka Café, #1)",Satoshi Yagisawa,"Yagisawa, Satoshi",Eric Ozawa,"=""0063445859""","=""9780063445857""",0,Harper Perennial,Paperback,240,2025,2013,,2025/07/20,to-read,to-read (#2125),to-read,,,,0,0
9809,Invisible Cities,Italo Calvino,"Calvino, Italo",William Weaver,"=""0156453800""","=""9780156453806""",3.0,Harcourt,Paperback,165,1974,1972,2025/07/13,2023/09/23,,,read,"Calvino’s prose is undeniably beautiful! And the premise is brilliant: Marco Polo describes fantastical cities to Kublai Khan.<br/>Unfortunately, the unconventional narrative structure here was something more to appreciate than to enjoy. <br/><br/>I found it hard to stay engaged, as it eventually felt like reliving the same dream over and over, with only small details shifting. The “is it real or imagined?” angle wore thin for me. Overall, it was still a fascinating book I might revisit someday, but not soon.",,,1,0
219848315,The Emperor of Gladness,Ocean Vuong,"Vuong, Ocean",,"=""059383187X""","=""9780593831878""",3.0,Penguin Press,Hardcover,402,2025,2025,2025/07/17,2024/12/17,,,read,"Ocean Vuong’s prose is as sharp and lyrical as ever, and the humor unexpectedly shines. Some characters are deeply memorable. But the emotional depth felt forced, and certain themes came across more like boxes to check than truths to uncover. A well-written book that didn’t fully land for me. 3.25 ⭐️ ",,,1,0
75275,Of Love and Hunger,Julian Maclaren-Ross,"Maclaren-Ross, Julian",,"=""0141187115""","=""9780141187112""",0,Penguin Books Limited (UK),Paperback,204,2002,1947,,2025/07/17,to-read,to-read (#2124),to-read,,,,0,0
581953,The Lowlife,Alexander Baron,"Baron, Alexander",,"=""1860468292""","=""9781860468292""",5.0,Vintage Books,Paperback,208,2005,1963,2025/07/17,2025/04/28,,,read,"I’m genuinely surprised <i>The Lowlife</i> isn’t more widely read!<br/><br/>This unexpectedly delightful novel tells a seemingly simple story that holds a lot of depth beneath the surface. Harryboy Boas, a gambler and self-described lowlife drifts through London, and his interactions with a neighboring family reveal a quiet, aching portrait of adulthood, loneliness, and the ways people seek connection.<br/><br/>Baron portrays characters living lives of quiet desperation with empathy and clarity, weaving a good amount of humor into the story, even as it deals with heavier themes.<br/><br/>Baron’s writing is sharp, the dialogue rings true, and the emotional undercurrents feel lived-in rather than forced. It’s a thoughtful, funny, and ultimately very human novel. I’d recommend it to anyone interested in under-the-radar literary fiction that balances grit with grace.",,,1,0
218569925,The Original,Nell Stevens,"Stevens, Nell",,"=""1324110694""","=""9781324110699""",0,W. W. Norton & Company,Hardcover,336,2025,2025,,2025/07/17,to-read,to-read (#2123),to-read,,,,0,0
66094388,The Free People's Village,Sim Kern,"Kern, Sim",,"=""1646142667""","=""9781646142668""",0,Levine Querido,Hardcover,400,2023,2023,,2025/07/17,to-read,to-read (#2122),to-read,,,,0,0
59149,Beware of Pity,Stefan Zweig,"Zweig, Stefan","Phyllis Blewitt, Trevor Blewitt","=""""","=""""",0,NYRB Classics,Paperback,353,2006,1939,,2025/07/16,to-read,to-read (#2121),to-read,,,,0,0
53780642,The Employees,Olga Ravn,"Ravn, Olga",Martin Aitken,"=""""","=""""",0,Lolli Editions,Paperback,136,2020,2018,,2025/07/16,to-read,to-read (#2120),to-read,,,,0,0
217098932,Absence,Issa Quincy,"Quincy, Issa",,"=""180351227X""","=""9781803512273""",0,Granta Books,Kindle Edition,158,2025,,,2025/07/16,to-read,to-read (#2119),to-read,,,,0,0
221452836,These Memories Do Not Belong to Us,Yiming Ma,"Ma, Yiming",,"=""0063413485""","=""9780063413481""",0,Mariner Books,Hardcover,214,2025,2025,,2025/07/16,to-read,to-read (#2118),to-read,,,,0,0
56988057,The Listeners,Maggie Stiefvater,"Stiefvater, Maggie",,"=""0593655508""","=""9780593655504""",0,Viking,Hardcover,382,2025,2025,,2025/07/16,to-read,to-read (#2117),to-read,,,,0,0
625094,The Leopard,Giuseppe Tomasi di Lampedusa,"Lampedusa, Giuseppe Tomasi di",Archibald Colquhoun,"=""0679731210""","=""9780679731214""",0,Pantheon,Paperback,319,1991,1958,,2025/07/13,to-read,to-read (#2116),to-read,,,,0,0
63031,By Night in Chile,Roberto Bolaño,"Bolaño, Roberto",Chris    Andrews,"=""""","=""""",0,New Directions,Paperback,118,2011,2000,,2025/07/13,to-read,to-read (#2115),to-read,,,,0,0
5787,The Aleph and Other Stories,Jorge Luis Borges,"Borges, Jorge Luis",Andrew Hurley,"=""0142437883""","=""9780142437889""",0,Penguin Classics,Paperback,210,2004,1945,,2025/07/13,to-read,to-read (#2114),to-read,,,,0,0
294731,Provinces of Night,William Gay,"Gay, William",,"=""057121214X""","=""9780571212149""",0,Faber and Faber,Paperback,292,2001,2000,,2025/07/13,to-read,to-read (#2113),to-read,,,,0,0
294733,I Hate to See That Evening Sun Go Down: Collected Stories,William Gay,"Gay, William",,"=""0743242920""","=""9780743242929""",0,Free Press,Paperback,320,2003,2002,,2025/07/13,to-read,to-read (#2112),to-read,,,,0,0
220160134,One Yellow Eye,Leigh  Radford,"Radford, Leigh",,"=""1668081210""","=""9781668081211""",0,Gallery Books,Hardcover,352,2025,2025,,2025/07/13,to-read,to-read (#2111),to-read,,,,0,0
36348525,Severance,Ling  Ma,"Ma, Ling",,"=""0374261598""","=""9780374261597""",5.0,"Farrar, Straus and Giroux",Hardcover,291,2018,2018,2024/09/28,2021/10/28,favorites,favorites (#16),read,Severance is a slow-burning novel— Ling Ma keeps the reader on the edge of their seat as she methodically presents each puzzle piece at her own pace.  Ma’s bleak and beautiful fragments come together to form a poignant mosaic in a way that is utterly mesmerizing.,,,1,0
256008,"Lonesome Dove (Lonesome Dove, #1)",Larry McMurtry,"McMurtry, Larry",,"=""067168390X""","=""9780671683900""",5.0,Pocket Books,Mass Market Paperback,960,1999,1985,2023/12/03,2021/09/13,favorites,favorites (#15),read,,,,1,0
36053646,Kitchen,Banana Yoshimoto,"Yoshimoto, Banana",Megan Backus,"=""""","=""""",5.0,Faber & Faber,Paperback,160,2018,1988,2024/06/25,2023/11/06,favorites,favorites (#14),read,,,,1,0
57568483,Rebecca,Daphne du Maurier,"Maurier, Daphne du",,"=""""","=""""",5.0,"Little, Brown and Company",Kindle Edition,449,2013,1938,2025/02/23,2021/10/29,favorites,favorites (#12),read,,,,1,0
216520763,Schattenfroh,Michael Lentz,"Lentz, Michael","Max Lawton, Matthias Friedrich","=""1646053826""","=""9781646053827""",0,Deep Vellum Publishing,Paperback,1001,2025,2018,,2025/07/12,to-read,to-read (#2110),to-read,,,,0,0
176443690,Clear,Carys Davies,"Davies, Carys",,"=""1668030667""","=""9781668030660""",3.0,Scribner,Hardcover,196,2024,2024,2025/07/12,2025/01/19,,,read,"3.25<br/><br/>While <i>Clear</i> boasts a fascinating premise and polished prose, its character and plot development feel somewhat underdeveloped. The story remains enjoyable throughout, but it doesn’t quite leave a lasting impression. As a result, I’m unlikely to find myself reflecting on it deeply or enthusiastically recommending it to others.",,,1,0
127488823,My Friends,Hisham Matar,"Matar, Hisham",,"=""081299485X""","=""9780812994858""",5.0,Random House,Kindle Edition,399,2024,2024,2025/04/17,2024/09/29,"read-again, favorites","read-again (#2), favorites (#11)",read,"In <i>My Friends</i>, Matar spins the story of three Libyans exiled in the U.K. into an exemplary case study of the human condition that is strikingly relatable.  His beautiful prose makes for a deeply enjoyable and memorable reading experience that will likely have you adding this novel to your ""read again"" pile.",,,1,0
9806,Our Ancestors,Italo Calvino,"Calvino, Italo",,"=""""","=""""",0,Picador,Paperback,393,1980,1960,,2025/07/11,to-read,to-read (#2109),to-read,,,,0,0
59780,Cosmicomics,Italo Calvino,"Calvino, Italo",William Weaver,"=""0156226006""","=""9780156226004""",0,Mariner Books,Paperback,153,1976,1965,,2025/07/11,to-read,to-read (#2108),to-read,,,,0,0
9804,The Baron in the Trees,Italo Calvino,"Calvino, Italo","Archibald Colquhoun, Ana Goldstein","=""""","=""""",0,Mariner Books,Paperback,217,1977,1957,,2025/07/11,to-read,to-read (#2107),to-read,,,,0,0
712820,Dark Spring,Unica Zürn,"Zürn, Unica",Caroline Rupprecht,"=""1878972308""","=""9781878972309""",0,Exact Change,Paperback,128,2000,1969,,2025/07/10,to-read,to-read (#2106),to-read,,,,0,0
2728838,Zama,Antonio di Benedetto,"Benedetto, Antonio di",,"=""9879396472""","=""9789879396476""",0,Adriana Hidalgo Editora S.A.,Paperback,262,2000,1956,,2025/07/10,to-read,to-read (#2105),to-read,,,,0,0
817790,The Unknown Masterpiece,Honoré de Balzac,"Balzac, Honoré de","Richard Howard, Arthur C. Danto","=""0940322749""","=""9780940322745""",0,NYRB Classics,Paperback,135,2001,1831,,2025/07/10,to-read,to-read (#2104),to-read,,,,0,0
11093614,The Colors of Infamy,Albert Cossery,"Cossery, Albert",Alyson Waters,"=""0811217957""","=""9780811217958""",0,New Directions,Paperback,96,2011,1999,,2025/07/10,to-read,to-read (#2103),to-read,,,,0,0
97381,The Queen of Spades and Other Stories,Alexander Pushkin,"Pushkin, Alexander","Andrew Kahn, Alan Myers","=""0192839543""","=""9780192839541""",0,Oxford University Press,Paperback,336,1999,1841,,2025/07/10,to-read,to-read (#2102),to-read,,,,0,0
2899,The Pigeon,Patrick Süskind,"Süskind, Patrick",,"=""0140105832""","=""9780140105834""",0,Penguin,Paperback,77,1989,1987,,2025/07/10,to-read,to-read (#2101),to-read,,,,0,0
5499,Midaq Alley,Naguib Mahfouz,"Mahfouz, Naguib",Trevor Le Gassick,"=""0385264763""","=""9780385264761""",0,Anchor Books,Paperback,286,1992,1947,,2025/07/10,to-read,to-read (#2100),to-read,,,,0,0
4652,In Our Time,Ernest Hemingway,"Hemingway, Ernest",,"=""""","=""""",0,Scribner,Paperback,156,2003,1924,,2025/07/10,to-read,to-read (#2099),to-read,,,,0,0
211760,Ward No. 6,Anton Chekhov,"Chekhov, Anton",,"=""""","=""""",0,afshine no,Kindle Edition,77,1976,1892,,2025/07/10,to-read,to-read (#2098),to-read,,,,0,0
135060,Hadji Murád,Leo Tolstoy,"Tolstoy, Leo","Aylmer Maude, Sasha Newborn, Raúl Bracho","=""1602060134""","=""9781602060135""",0,Cosimo Classics,Paperback,100,2006,1912,,2025/07/10,to-read,to-read (#2097),to-read,,,,0,0
89724,We Have Always Lived in the Castle,Shirley Jackson,"Jackson, Shirley",Jonathan Lethem,"=""0143039970""","=""9780143039976""",5.0,Penguin Books,Paperback,152,2006,1962,2025/07/10,2023/11/06,,,read,"An engrossing tragicomedy, <i>We Have Always Lived in the Castle</i> showcases Jackson’s masterful use of subtext and an unreliable narrator to craft a story that is both eerie and darkly intimate. ",,,1,0
34014636,Malagash,Joey Comeau,"Comeau, Joey",,"=""177041407X""","=""9781770414075""",4.0,ECW Press,Paperback,175,2017,2017,2025/07/09,2025/07/08,,,read,"Underread but not underrated, <i>Malagash</i> is a quietly powerful novella that weaves just the right amount of quirkiness and comic relief into a story about grief and how a girl tries to turn her dying father’s voice into a computer virus so he can live forever.",,,1,0
57188486,The Ghost Sequences,A.C. Wise,"Wise, A.C.",,"=""1988964334""","=""9781988964331""",0,Undertow Books ,Paperback,355,2021,2021,,2025/07/10,to-read,to-read (#2096),to-read,,,,0,0
34146688,Calling a Wolf a Wolf,Kaveh Akbar,"Akbar, Kaveh",,"=""1938584678""","=""9781938584671""",0,Alice James Books,Paperback,100,2017,2017,,2025/07/10,to-read,to-read (#2095),to-read,,,,0,0
231189587,The History of Sound,Ben Shattuck,"Shattuck, Ben",,"=""0593490401""","=""9780593490402""",0,Penguin Books,Paperback,320,2025,2024,,2025/07/10,to-read,to-read (#2094),to-read,,,,0,0
22320989,Rashoumon,Ryūnosuke Akutagawa,"Akutagawa, Ryūnosuke",René Malenfant,"=""""","=""""",0,Feedbooks,Kindle Edition,,,1915,,2025/05/02,to-read,to-read (#1989),to-read,,,,0,0
228347660,Amity,Nathan  Harris,"Harris, Nathan",,"=""0316456241""","=""9780316456241""",0,"Little, Brown and Company",Hardcover,320,2025,2025,,2025/07/09,to-read,to-read (#2093),to-read,,,,0,0
59654174,The Apology,Christian TeBordo,"TeBordo, Christian",,"=""099801995X""","=""9780998019956""",0,Astrophil Press,Paperback,178,2021,,,2025/07/08,to-read,to-read (#2092),to-read,,,,0,0
229097128,Game 4,Jim Meirose,"Meirose, Jim",,"=""1300692308""","=""9781300692300""",0,Lulu.com,Paperback,198,2025,,,2025/07/08,to-read,to-read (#2091),to-read,,,,0,0
220053088,A Thousand Natural Shocks,Omar Hussain,"Hussain, Omar",,"=""""","=""9798212979139""",0,"Blackstone Publishing, Inc.",Hardcover,324,2025,2025,,2025/07/08,to-read,to-read (#2090),to-read,,,,0,0
233513149,Undead Hungry Grandmother Birthday Party,Joey Comeau,"Comeau, Joey",,"=""""","=""""",0,,Kindle Edition,154,2025,,,2025/07/08,to-read,to-read (#2089),to-read,,,,0,0
34377087,Mrs. Caliban,Rachel Ingalls,"Ingalls, Rachel",Rivka Galchen,"=""0811226697""","=""9780811226691""",4.0,New Directions,Paperback,128,2017,1982,2025/07/08,2022/01/14,,,read,3.5<br/><br/>My secret vice is avocados.,,,1,0
227880786,Amity,Nathan  Harris,"Harris, Nathan",,"=""1035404702""","=""9781035404704""",0,Tinder Press,Kindle Edition,321,2025,2025,,2025/04/28,to-read,to-read (#1968),to-read,,,,0,0
33952848,The Adversary: A True Story of Monstrous Deception,Emmanuel Carrère,"Carrère, Emmanuel",,"=""1784705802""","=""9781784705800""",0,Vintage,Paperback,191,2017,2000,,2025/07/06,to-read,to-read (#2088),to-read,,,,0,0
18470083,Conversations,César Aira,"Aira, César",Katherine Silver,"=""0811221105""","=""9780811221108""",0,New Directions,Paperback,88,2014,2007,,2025/07/06,to-read,to-read (#2087),to-read,,,,0,0
4703581,The City & the City,China Miéville,"Miéville, China",,"=""0345497511""","=""9780345497512""",0,Del Rey/Ballantine Books,Hardcover,336,2009,2009,,2025/07/06,to-read,to-read (#2086),to-read,,,,0,0
460006,Paradiso,José Lezama Lima,"Lima, José Lezama",Gregory Rabassa,"=""156478228X""","=""9781564782281""",0,Dalkey Archive Press,Paperback,466,2000,1966,,2025/07/06,to-read,to-read (#2085),to-read,,,,0,0
672499,The Seven Madmen (Extraordinary Classics),Roberto Arlt,"Arlt, Roberto",,"=""185242592X""","=""9781852425920""",0,Serpent's Tail,Paperback,256,1998,1929,,2025/07/06,to-read,to-read (#2084),to-read,,,,0,0
57522883,Five Decembers,James Kestrel,"Kestrel, James",Jonathan   Moore,"=""1789096111""","=""9781789096118""",0,Hard Case Crime,Hardcover,429,2021,2021,,2025/07/06,to-read,to-read (#2083),to-read,,,,0,0
63910381,Flags on the Bayou,James Lee Burke,"Burke, James Lee",,"=""0802161693""","=""9780802161703""",0,Atlantic Monthly Press,Kindle Edition,310,2023,2023,,2025/07/06,to-read,to-read (#2082),to-read,,,,0,0
214151202,Broken Country,Clare Leslie Hall,"Hall, Clare Leslie",,"=""166807818X""","=""9781668078181""",3.0,Simon & Schuster,Hardcover,319,2025,2025,2025/07/06,2025/06/29,,,read,2.5,,,1,0
52513609,If on a Winter's Night a Traveller,Italo Calvino,"Calvino, Italo",William Weaver,"=""""","=""""",5.0,Vintage Classics,Paperback,260,1998,1979,2025/07/06,2022/07/11,,,read,"If it isn’t clear from its sentence fragment title, <i>If on a winter’s night a traveller</i> is metafiction. In fact, from the very beginning Calvino breaks the fourth wall, using a title that seems to speak directly to the reader: “You’ve never heard of a novel called something like this… isn’t it intriguing? Go ahead, pick up this book and read it.” And few readers will be disappointed by the promise of a story as strange as its title, because this one truly is delightfully weird, in all the best ways.<br/><br/>From the moment the novel opens in the second person, the reader should know that this will be anything but a conventional story. The narrative alternates between your quest to read a novel and the first chapters of ten different books. At times, it feels a little disorienting, like being dropped into a literary funhouse, but mostly curiosity consistently pulls you forward along a surprisingly joyful journey. <br/><br/>Much of the novel’s charm lies in Calvino’s openness about what he’s doing, how he’s doing it, and why. You might expect that kind of self-awareness to cheapen the literary effect, but instead, he sidesteps gimmickry altogether by breaking the rules (or more accurately, rewriting them) as he goes.<br/><br/>The result is a story so unpredictable, so alive with invention, that it’s impossible to look away. You keep reading because you don’t want to miss whatever breathtaking, playful, or profound turn it will take next.<br/><br/>This one is definitely for those who love books about books, or stories that invite you to be part of the game.",,,1,0
214203940,The Colony,Annika Norlin,"Norlin, Annika",Alice E. Olsson,"=""""","=""9798889660828""",0,Europa Editions,Paperback,464,2025,2023,,2025/07/05,to-read,to-read (#2081),to-read,,,,0,0
9911,Already Dead: A California Gothic,Denis Johnson,"Johnson, Denis",,"=""006092909X""","=""9780060929091""",0,Harper Perennial,Paperback,448,1998,1997,,2025/07/05,to-read,to-read (#2080),to-read,,,,0,0
199635125,Rejection,Tony Tulathimutte,"Tulathimutte, Tony",,"=""0063337878""","=""9780063337879""",3.0,William Morrow,Hardcover,272,2024,2024,2025/07/04,2024/12/26,,,read,,,,1,0
10805,All the Little Live Things,Wallace Stegner,"Stegner, Wallace",,"=""0140154418""","=""9780140154412""",0,Penguin Publishing Group,Paperback,345,1991,1967,,2025/07/03,to-read,to-read (#2079),to-read,,,,0,0
67048822,The Green Millenium,Fritz Leiber,"Leiber, Fritz",,"=""072780233X""","=""9780727802330""",0,SEVERN HOUSE. LONDON 1977,Hardcover,220,1977,1953,,2025/07/03,to-read,to-read (#2077),to-read,,,,0,0
224050174,"All That We See or Seem (Julia Z, #1)",Ken Liu,"Liu, Ken",,"=""1668083191""","=""9781668083192""",0,S&S/Saga Press,Kindle Edition,416,2025,2025,,2025/07/03,to-read,to-read (#2076),to-read,,,,0,0
230118837,The Eleventh Hour: A Quintet of Stories,Salman Rushdie,"Rushdie, Salman",,"=""""","=""9798217154197""",0,Random House,Hardcover,254,2025,2025,,2025/07/03,to-read,to-read (#2075),to-read,,,,0,0
3885738,Roadside Picnic / Tale of the Troika,Arkady Strugatsky,"Strugatsky, Arkady","Boris Strugatsky, Antonina W. Bouis, Theodore Sturgeon, Richard M. Powers","=""0026151707""","=""9780026151702""",0,Macmillan Publishing Co.,Hardcover,245,1977,1972,,2025/07/02,to-read,to-read (#2074),to-read,,,,0,0
61992,The Dream Master,Roger Zelazny,"Zelazny, Roger",,"=""0743413016""","=""9780743413015""",0,ibooks Inc.,Paperback,252,2001,1966,,2025/07/02,to-read,to-read (#2073),to-read,,,,0,0
61340205,The Flowers of Buffoonery,Osamu Dazai,"Dazai, Osamu",Sam Bett,"=""0811234541""","=""9780811234542""",3.0,New Directions,Paperback,96,2023,1935,2025/07/02,2025/01/25,,,read,,,,1,0
220908892,Tuck Everlasting,Natalie Babbitt,"Babbitt, Natalie","Gabrielle Zevin, Bagram Ibatoulline","=""037439198X""","=""9780374391980""",0,"Farrar, Straus and Giroux (BYR)",Hardcover,176,2025,1975,,2025/07/02,to-read,to-read (#2072),to-read,,,,0,0
13133069,"Hollow Faces, Merciless Moons ",William Scott Home,"Home, William Scott",,"=""""","=""""",0,W. Paul Ganley,Hardcover,96,1977,1977,,2025/07/01,to-read,to-read (#2071),to-read,,,,0,0
224003539,After Midnight: Thirteen Tales for the Dark Hours,Daphne du Maurier,"Maurier, Daphne du",,"=""1668204266""","=""9781668204269""",0,Scribner,Hardcover,528,2025,2025,,2025/07/01,to-read,to-read (#2070),to-read,,,,0,0
13536236,Blue Nights: A Memoir,Joan Didion,"Didion, Joan",,"=""0307387380""","=""9780307387387""",0,Vintage,Paperback,188,2012,2011,,2025/07/01,to-read,to-read (#2069),to-read,,,,0,0
1553374,Amalgamemnon,Christine Brooke-Rose,"Brooke-Rose, Christine",,"=""1564780503""","=""9781564780508""",0,Dalkey Archive Press,Paperback,152,1994,1984,,2025/07/01,to-read,to-read (#2068),to-read,,,,0,0
217388259,Loneliness & Company,Charlee Dyroff,"Dyroff, Charlee",,"=""163973645X""","=""9781639736454""",0,Bloomsbury Publishing,Paperback,288,2025,2024,,2025/06/30,to-read,to-read (#2067),to-read,,,,0,0
56802275,Elena Knows,Claudia Piñeiro,"Piñeiro, Claudia",Frances Riddle,"=""""","=""""",4.0,Charco Press,Paperback,143,2021,2007,2025/06/29,2024/04/14,,,read,,,,1,0
214628216,Reduce! Reuse! Recycle!,T.J. Klune,"Klune, T.J.",,"=""""","=""""",0,Tor Books,ebook,32,2024,2024,,2025/06/28,to-read,to-read (#2066),to-read,,,,0,0
1508685,The Divinity Student,Michael Cisco,"Cisco, Michael",Harry O. Morris,"=""096522001X""","=""9780965220019""",0,Buzzcity Pr,Paperback,149,1999,1999,,2025/06/28,to-read,to-read (#2065),to-read,,,,0,0
216075974,Black Brane,Michael Cisco,"Cisco, Michael",,"=""1960988611""","=""9781960988614""",0,CLASH Books,Paperback,170,2025,2025,,2025/06/28,to-read,to-read (#2064),to-read,,,,0,0
211923150,The Two Musics,Michael Cisco,"Cisco, Michael",,"=""1250355087""","=""9781250355089""",3.0,Tor Books,Kindle Edition,35,2024,2024,2025/06/28,2025/06/28,,,read,,,,1,0
223744961,All That is Left of Life,Roberta Recchia,"Recchia, Roberta",Antonella Lettieri,"=""0349704554""","=""9780349704555""",0,Dialogue Books,Kindle Edition,473,2025,2024,,2025/06/27,to-read,to-read (#2063),to-read,,,,0,0
62039259,Open Throat,Henry Hoke,"Hoke, Henry",,"=""037460987X""","=""9780374609870""",3.0,MCD,Hardcover,160,2023,2023,2025/06/27,2024/03/15,,,read,,,,1,0
13543121,Between Two Fires,Christopher Buehlman,"Buehlman, Christopher",,"=""1937007863""","=""9781937007867""",2.0,Ace,Hardcover,432,2012,2012,2025/06/25,2024/07/26,,,read,"<i>Between Two Fires</i> is a book I wanted to like more than I did. A disgraced knight and a mysterious orphan girl journeying together during the Black Death was a premise that sounded compelling and full of potential, but it never quite landed for me.<br/><br/>While marketed as horror, I found the atmosphere and violence more repetitive than frightening. The brutality felt flat and like it lacked stakes, making it hard to stay emotionally invested. I found my attention drifting and it was hard to stay engaged which caused scenes to blur together, and I struggled to understand the purpose behind much of the journey, or the bond between the main characters. I never found the deep character development or emotional tension I was waiting for. <br/><br/>Overall, this book simply wasn’t for me. I went in hoping for a haunting, character-driven story during a terrifying period in history, and came away feeling mostly unmoved. But, if you’re a fan of dark historical fantasy with apocalyptic religious themes, it might strike differently.",,,1,0
4813905,One Afternoon,Siân James,"James, Siân",,"=""0432075305""","=""9780432075302""",0,Peter Davies Ltd,Hardcover,152,1975,1975,,2025/06/24,to-read,to-read (#2062),to-read,,,,0,0
730376,Vertigo,W.G. Sebald,"Sebald, W.G.",Michael Hulse,"=""0811214850""","=""9780811214858""",0,New Directions Publishing,Paperback,263,2001,1990,,2025/06/24,to-read,to-read (#2061),to-read,,,,0,0
220971149,The Horse,Willy Vlautin,"Vlautin, Willy",,"=""0063346591""","=""9780063346598""",0,Harper Perennial,Paperback,208,2025,,,2025/06/24,to-read,to-read (#2060),to-read,,,,0,0
21686,Shutter Island,Dennis Lehane,"Lehane, Dennis",,"=""038073186X""","=""9780380731862""",0,HarperTorch,Mass Market Paperback,369,2004,2003,,2025/06/23,to-read,to-read (#2059),to-read,,,,0,0
21671,Mystic River,Dennis Lehane,"Lehane, Dennis",,"=""0060584750""","=""9780060584757""",0,William Morrow Paperbacks,Paperback,416,2001,2001,,2025/06/23,to-read,to-read (#2058),to-read,,,,0,0
58913358,A Story of Yesterday,Sergio Cobo,"Cobo, Sergio",,"=""""","=""""",0,,Kindle Edition,70,2021,2014,,2025/06/23,to-read,to-read (#2057),to-read,,,,0,0
29908754,The Zombie Room,R.D. Ronald,"Ronald, R.D.",,"=""""","=""""",0,Garden Heights Books,Kindle Edition,218,2016,2012,,2025/06/23,to-read,to-read (#2056),to-read,,,,0,0
153300,The Suitcase,Sergei Dovlatov,"Dovlatov, Sergei",Antonina W. Bouis,"=""0802112463""","=""9780802112460""",0,Grove Press,Hardcover,128,1990,1986,,2025/06/23,to-read,to-read (#2055),to-read,,,,0,0
222376503,Bog Queen,Anna North,"North, Anna",,"=""163557966X""","=""9781635579666""",0,Bloomsbury Publishing,Hardcover,268,2025,2025,,2025/06/23,to-read,to-read (#2054),to-read,,,,0,0
54576,Envy,Yury Olesha,"Olesha, Yury","Natan Altman, Marian Schwartz, Ken Kalfus","=""1590170865""","=""9781590170861""",0,NYRB Classics,Paperback,152,2004,1927,,2025/06/22,to-read,to-read (#2053),to-read,,,,0,0
376561,Invitation to a Beheading (Vintage International),Vladimir Nabokov,"Nabokov, Vladimir",Dmitri Nabokov,"=""0679725318""","=""9780679725312""",0,Vintage,Paperback,223,1989,1935,,2025/06/22,to-read,to-read (#2052),to-read,,,,0,0
37514017,Jonny Appleseed,Joshua Whitehead,"Whitehead, Joshua",,"=""""","=""""",0,Arsenal Pulp Press,Paperback,224,2018,2018,,2025/06/22,to-read,to-read (#2051),to-read,,,,0,0
219743621,Flashlight,Susan Choi,"Choi, Susan",,"=""037461637X""","=""9780374616373""",2.0,"Farrar, Straus and Giroux",Hardcover,464,2025,2025,2025/06/05,2025/04/28,,,read,"Where it concerns immigration, nationality, and politics, <i>Flashlight</i> is well researched, but Choi covers these topics in a sterile manner that leaves the reader craving the more raw and interesting aspects of the narrative, which are sparse and feel like they are buried beneath many layers of passages from academic papers or textbooks.",,,1,0
149267,The Stand,Stephen  King,"King, Stephen",Bernie Wrightson,"=""""","=""""",4.0,Doubleday Books,Hardcover,1152,1990,1978,2025/06/22,2021/09/02,,,read,,,,1,0
218374077,Burning Down the House: Talking Heads and the New York Scene That Transformed Rock – The Definitive Band Biography of the 1970s Avant-Garde,Jonathan Gould,"Gould, Jonathan",,"=""0063023008""","=""9780063023000""",0,Mariner Books,Kindle Edition,512,2025,2025,,2025/06/19,to-read,to-read (#2050),to-read,,,,0,0
59651372,Less Than Zero,Bret Easton Ellis,"Ellis, Bret Easton",,"=""0679781498""","=""9780679781493""",0,Vintage Books,Paperback,208,1998,1985,,2025/06/19,to-read,to-read (#2049),to-read,,,,0,0
406373,Faust,Johann Wolfgang von Goethe,"Goethe, Johann Wolfgang von",Walter Kaufmann,"=""0385031149""","=""9780385031141""",0,Vintage,Paperback,503,1962,1808,,2022/07/22,to-read,to-read (#473),to-read,,,,0,0
207724101,A Sea of Unspoken Things,Adrienne Young,"Young, Adrienne",,"=""0593598717""","=""9780593598719""",1.0,Dell,Kindle Edition,281,2025,2025,2025/06/17,2024/08/10,,,read,"Not for me. But, if you like snail-paced, cliché melodrama it might be for you...",,,1,0
220160956,Ponyo: Film Comic All-in-One Edition,Hayao Miyazaki,"Miyazaki, Hayao",,"=""1974754618""","=""9781974754618""",0,VIZ Media LLC,Hardcover,592,2025,,,2025/06/16,to-read,to-read (#2048),to-read,,,,0,0
232187864,Cleave the Sparrow,Jonathan      Katz,"Katz, Jonathan",,"=""""","=""""",3.0,Holofernes,Kindle Edition,357,2025,2025,2025/06/13,2025/05/25,,,read,"<i>Cleave The Sparrow</i> is a unique but unbalanced mix of political satire, philosophy, and science fiction— politics overshadows the other two elements to the point that the reader undoubtedly questions whether Katz has gotten lost in the political sauce. But the narrative is confidently chaotic, scattered with unhinged tangents that may leave you wishing the literary landscape were slightly more homogenous. Or not. But, either way, you have to admire Katz for writing such a brash debut novel— one that has quite a mind blowing beginning and end but suffers from a little bit of a slump in the middle. ",,,1,0
1571607,My Friends,Emmanuel Bove,"Bove, Emmanuel","Janet Louth, Garnette Cadogan","=""0810160587""","=""9780810160583""",0,Marlboro Press,Paperback,150,2000,1924,,2025/06/12,to-read,to-read (#2047),to-read,,,,0,0
217163697,My Friends,Fredrik Backman,"Backman, Fredrik",Neil   Smith,"=""1982112824""","=""9781982112820""",3.0,Atria Books,Hardcover,436,2025,2025,2025/06/12,2024/11/17,,,read,,,,1,0
217432697,Enlightenment,Sarah Perry,"Perry, Sarah",,"=""0063352621""","=""9780063352629""",0,Mariner Books,Paperback,384,2025,2024,,2025/06/11,to-read,to-read (#2046),to-read,,,,0,0
214269394,Deep Cuts,Holly Brickley,"Brickley, Holly",,"=""0593799089""","=""9780593799086""",0,Crown,Hardcover,277,2025,2025,,2025/06/09,to-read,to-read (#2045),to-read,,,,0,0
222376600,Saltcrop,Yume Kitasei,"Kitasei, Yume",,"=""1250380960""","=""9781250380968""",0,Flatiron Books,Hardcover,384,2025,2025,,2025/06/09,to-read,to-read (#2044),to-read,,,,0,0
231299867,An Academy for Liars,Alexis  Henderson,"Henderson, Alexis",,"=""0593638328""","=""9780593638323""",0,Ace,Paperback,464,2025,2024,,2025/06/08,to-read,to-read (#2043),to-read,,,,0,0
223854881,What We Can Know,Ian McEwan,"McEwan, Ian",,"=""0593804724""","=""9780593804728""",0,Knopf,Hardcover,303,2025,2025,,2025/06/07,to-read,to-read (#2042),to-read,,,,0,0
761156,Mumbo Jumbo,Ishmael Reed,"Reed, Ishmael",,"=""""","=""""",0,Scribner,Paperback,224,1996,1972,,2025/06/06,to-read,to-read (#2041),to-read,,,,0,0
50024187,Apeirogon,Colum McCann,"McCann, Colum",,"=""067960460X""","=""9780679604600""",0,Random House,Kindle Edition,480,2020,2019,,2025/06/06,to-read,to-read (#2040),to-read,,,,0,0
2033025,The Opposing Shore,Julien Gracq,"Gracq, Julien",Richard Howard,"=""0002712245""","=""9780002712248""",0,Harvill Pr,Paperback,292,1993,1951,,2025/06/05,to-read,to-read (#2039),to-read,,,,0,0
92573,Correction,Thomas Bernhard,"Bernhard, Thomas",Sophie Wilkins,"=""""","=""""",0,Vintage,Paperback,253,2003,1975,,2025/06/05,to-read,to-read (#2038),to-read,,,,0,0
162612,Extinction,Thomas Bernhard,"Bernhard, Thomas",David McLintock,"=""0704370859""","=""9780704370852""",0,Quartet,Paperback,335,1995,1986,,2025/06/05,to-read,to-read (#2037),to-read,,,,0,0
6260741,Scorch Atlas,Blake Butler,"Butler, Blake",,"=""0977199282""","=""9780977199280""",0,Featherproof Books,Paperback,152,2009,2009,,2025/06/04,to-read,to-read (#2036),to-read,,,,0,0
202190512,None of You Shall Be Spared,Brian Evenson,"Evenson, Brian",,"=""1957121653""","=""9781957121659""",0,Weird House Press,Paperback,232,2023,,,2025/06/04,to-read,to-read (#2035),to-read,,,,0,0
25979991,Alectryomancer and Other Weird Tales,Christopher Slatsky,"Slatsky, Christopher",Jordan Krall,"=""""","=""""",0,Dunhams Manor Press,Kindle Edition,193,2015,2015,,2025/06/04,to-read,to-read (#2034),to-read,,,,0,0
206012915,Hey You Assholes,Kyle Seibel,"Seibel, Kyle",,"=""1960988395""","=""9781960988393""",0,CLASH Books,Paperback,272,2025,,,2025/06/02,to-read,to-read (#2033),to-read,,,,0,0
36072,The 7 Habits of Highly Effective People: Powerful Lessons in Personal Change,Stephen R. Covey,"Covey, Stephen R.",Jim Collins,"=""0743269519""","=""9780743269513""",0,Free Press,Paperback,372,2004,1989,,2025/06/02,to-read,to-read (#2032),to-read,,,,0,0
18652896,"Tools for Teaching: Discipline, Instruction, Motivation.  Primary Prevention of Classroom Discipline Problems",Fredric H. Jones,"Jones, Fredric H.",,"=""""","=""""",0,"Fredric H Jones & Associates, Inc",Kindle Edition,569,2013,2000,,2025/06/02,to-read,to-read (#2031),to-read,,,,0,0
139836,Teaching with Love and Logic: Taking Control of the Classroom,Jim Fay,"Fay, Jim",David Funk,"=""0944634486""","=""9780944634486""",0,Love & Logic Press,Paperback,399,2010,1995,,2025/06/02,to-read,to-read (#2030),to-read,,,,0,0
30659573,What Great Teachers Do Differently: 17 Things That Matter Most,Todd Whitaker,"Whitaker, Todd",,"=""1138127035""","=""9781138127036""",0,Routledge,Hardcover,144,2015,2011,,2025/06/02,to-read,to-read (#2029),to-read,,,,0,0
10315685,Focus: Elevating the Essentials to Radically Improve Student Learning,Mike Schmoker,"Schmoker, Mike",,"=""1416611304""","=""9781416611301""",0,Association for Supervision & Curriculum Development,Paperback,237,2014,2011,,2025/06/02,to-read,to-read (#2028),to-read,,,,0,0
12787,Falling Angel,William Hjortsberg,"Hjortsberg, William","Ridley Scott, James Crumley","=""1933618086""","=""9781933618081""",0,Millipede Pr,Hardcover,302,2006,1978,,2025/06/02,to-read,to-read (#2027),to-read,,,,0,0
20575413,The Big Green Tent,Lyudmila Ulitskaya,"Ulitskaya, Lyudmila",Bela Shayevich,"=""0374166676""","=""9780374166670""",0,"Farrar, Straus and Giroux",Hardcover,587,2015,2010,,2025/06/02,to-read,to-read (#2026),to-read,,,,0,0
228691230,Mina's Matchbox,Yōko Ogawa,"Ogawa, Yōko",Stephen B. Snyder,"=""0593313410""","=""9780593313411""",0,Vintage,Paperback,288,2025,2006,,2025/06/02,to-read,to-read (#2025),to-read,,,,0,0
222376891,"To Clutch a Razor (Curse Bearer, #2)",Veronica Roth,"Roth, Veronica",,"=""1250855500""","=""9781250855503""",0,Tor Books,Hardcover,229,2025,2025,,2025/06/02,to-read,to-read (#2024),to-read,,,,0,0
214704029,The Outer Darkness,Dominic Peloso,"Peloso, Dominic",Junnie Chup,"=""""","=""""",3.0,Dark Mountain Books,Kindle Edition,133,2024,,2025/06/01,2024/08/21,,,read,"<i>The Outer Darkness</i> feels like an homage to Camus, with the aimless journeys of its protagonist resonating with intellectual wanderers and philosophical dabblers alike. Peloso masterfully captures a detached mood through sparse prose and excels when focusing on the novel’s action. However, the narrative tends to bog down during the protagonist’s spiraling thoughts. Yes, some of these philosophical musings are both necessary and insightful, but they sometimes come across as if Peloso is merely a recently converted absurdist who has compiled his reflections on absurdism into a narrative form. That may very well be the case, and that approach isn’t in and of itself a problem, it’s just that, though there is little here to hate, the novel occasionally feels a bit too literal in its execution.",,,1,0
215361994,The True Happiness Company: How a Girl Like Me Falls for a Cult Like That,Veena Dinavahi,"Dinavahi, Veena",,"=""0593447654""","=""9780593447659""",0,Random House,Hardcover,320,2025,2025,,2025/06/01,to-read,to-read (#2023),to-read,,,,0,0
223362266,There Is No Antimemetics Division,qntm,"qntm, qntm",,"=""0593983750""","=""9780593983751""",0,Ballantine Books,Hardcover,288,2025,2020,,2025/06/01,to-read,to-read (#2022),to-read,,,,0,0
218129473,Burning Down the House: Talking Heads and the New York Scene That Transformed Rock – The Definitive Band Biography of the 1970s Avant-Garde,Jonathan Gould,"Gould, Jonathan",,"=""0063022982""","=""9780063022980""",0,Mariner Books,Hardcover,512,2025,2025,,2025/05/30,to-read,to-read (#2021),to-read,,,,0,0
216601229,The Unmapping,Denise S. Robbins,"Robbins, Denise S.",,"=""1964721067""","=""9781964721064""",0,Bindery Books,Paperback,408,2025,2025,,2025/05/30,to-read,to-read (#2020),to-read,,,,0,0
60214567,Mad Honey,Jodi Picoult,"Picoult, Jodi",Jennifer Finney Boylan,"=""1984818392""","=""9781984818393""",2.0,Ballantine Books,Kindle Edition,464,2022,2022,2025/05/27,2024/09/26,,,read,,,,1,0
219521090,Dream Count,Chimamanda Ngozi Adichie,"Adichie, Chimamanda Ngozi",,"=""059380273X""","=""9780593802731""",3.0,Vintage,Kindle Edition,474,2025,2025,2025/05/26,2025/01/12,,,read,,,,1,0
10644930,11/22/63,Stephen  King,"King, Stephen",,"=""1451627289""","=""9781451627282""",5.0,Scribner,Hardcover,849,2011,2011,2025/05/23,2021/09/06,,,read,,,,1,0
40526,"Time and Again (Time, #1)",Jack Finney,"Finney, Jack",,"=""0575073608""","=""9780575073609""",0,Orion Publishing Group,Paperback,400,2001,1970,,2025/05/23,to-read,to-read (#2019),to-read,,,,0,0
223363548,The Captive,Kit Burgoyne,"Burgoyne, Kit",,"=""164129728X""","=""9781641297288""",0,Hell's Hundred,Hardcover,384,2025,2025,,2025/05/23,to-read,to-read (#2018),to-read,,,,0,0
215805777,Ecstasy: Poems,Alex Dimitrov,"Dimitrov, Alex",,"=""0593802926""","=""9780593802922""",0,Knopf,Hardcover,112,2025,,,2025/05/22,to-read,to-read (#2017),to-read,,,,0,0
208511273,Liontaming in America,Elizabeth Willis,"Willis, Elizabeth",,"=""0811238636""","=""9780811238632""",0,New Directions,Paperback,272,2024,,,2025/05/21,to-read,to-read (#2016),to-read,,,,0,0
217872624,Notes on Infinity,Austin   Taylor,"Taylor, Austin",,"=""1250376114""","=""9781250376114""",0,Celadon Books,Kindle Edition,384,2025,2025,,2025/05/19,to-read,to-read (#2015),to-read,,,,0,0
140963,O Pioneers!,Willa Cather,"Cather, Willa",,"=""0679743626""","=""9780679743620""",0,Vintage,Paperback,159,1992,1913,,2025/05/17,to-read,to-read (#2014),to-read,,,,0,0
233506209,Camarade,Theo Dorgan,"Dorgan, Theo",,"=""1917453507""","=""9781917453509""",0,Mercier Press,Kindle Edition,384,2025,,,2025/05/17,to-read,to-read (#2013),to-read,,,,0,0
207595731,Creation Lake,Rachel Kushner,"Kushner, Rachel",,"=""1982116544""","=""9781982116545""",3.0,Scribner,Kindle Edition,416,2024,2024,2025/05/15,2025/03/01,,,read,,,,1,0
7988467,"We, the Drowned",Carsten Jensen,"Jensen, Carsten","Charlotte Barslund, Emma Ryder","=""0151013772""","=""9780151013777""",0,Houghton Mifflin Harcourt,Hardcover,678,2011,2006,,2025/05/14,to-read,to-read (#2012),to-read,,,,0,0
62031,"The City of Dreaming Books (Zamonia, #4)",Walter Moers,"Moers, Walter",,"=""0099490579""","=""9780099490579""",0,Vintage Books,Paperback,461,2007,2004,,2025/05/14,to-read,to-read (#2011),to-read,,,,0,0
14376,Einstein’s Dreams,Alan Lightman,"Lightman, Alan",,"=""140007780X""","=""9781400077809""",0,Vintage,Paperback,140,2004,1993,,2025/05/14,to-read,to-read (#2010),to-read,,,,0,0
30236962,The Historian,Elizabeth Kostova,"Kostova, Elizabeth",,"=""""","=""""",0," Little, Brown and Company",Kindle Edition,704,2016,2005,,2025/05/14,to-read,to-read (#2009),to-read,,,,0,0
29082615,The Rings of Saturn,W.G. Sebald,"Sebald, W.G.",Michael Hulse,"=""0811226158""","=""9780811226158""",0,New Directions,Paperback,296,2016,1995,,2025/05/13,to-read,to-read (#2008),to-read,,,,0,0
220377457,The End of the World As We Know It: New Tales of Stephen King's The Stand,Christopher Golden,"Golden, Christopher","Brian Keene, Stephen  King, Caroline Kepnes, Wrath James White, Meg Gardiner, Bryan Smith, Bev Vincent, Joe R. Lansdale, Jonathan Janz, Gabino Iglesias, C. Robert Cargill, Hailey Piper, Tim Lebbon, Richard Chizmar, Alex Segura, Catriona Ward, Poppy Z. Brite, Michael Koryta, Alma Katsu, Josh Malerman, Cynthia Pelayo, S.A. Cosby, Rio Youers, V. Castro, Tananarive Due, Steven Barnes, Paul Tremblay, Usman T. Malik, Wayne Brady, Maurice Broaddus, Ronald Malfi, Somer Canon, Chuck Wendig, Premee Mohamed, Catherynne M. Valente, Sarah Langan, David J. Schow, Nat Cassidy","=""1668057557""","=""9781668057551""",0,Gallery Books,Hardcover,800,2025,2025,,2025/05/12,to-read,to-read (#2007),to-read,,,,0,0
217387953,Lucky Day,Chuck Tingle,"Tingle, Chuck",,"=""1250398657""","=""9781250398659""",0,Tor Nightfire,Hardcover,229,2025,2025,,2025/05/12,to-read,to-read (#2006),to-read,,,,0,0
220458605,UnWorld,Jayson Greene,"Greene, Jayson",,"=""0593802187""","=""9780593802182""",0,Knopf,Hardcover,224,2025,2025,,2025/05/12,to-read,to-read (#2005),to-read,,,,0,0
221452815,The Society of Unknowable Objects,Gareth  Brown,"Brown, Gareth",,"=""0063324032""","=""9780063324039""",0,William Morrow,Hardcover,352,2025,2025,,2025/05/12,to-read,to-read (#2004),to-read,,,,0,0
217387785,The Anthropologists,Aysegül Savas,"Savas, Aysegül",,"=""1639736689""","=""9781639736683""",0,Bloomsbury Publishing,Paperback,192,2025,2024,,2025/05/12,to-read,to-read (#2003),to-read,,,,0,0
24885533,The Paper Menagerie and Other Stories,Ken Liu,"Liu, Ken",,"=""1481442546""","=""9781481442541""",3.0,Gallery / Saga Press,Hardcover,450,2016,2016,2025/05/09,2021/12/08,,,read,,,,1,0
216680405,The Village Beyond the Mist,Sachiko Kashiwaba,"Kashiwaba, Sachiko","Miho Satake, Avery Fischer Udagawa","=""1632063921""","=""9781632063922""",0,Yonder,Hardcover,160,2025,1975,,2025/05/08,to-read,to-read (#2002),to-read,,,,0,0
5103426,The Summer of the Ubume,Natsuhiko Kyogoku,"Kyogoku, Natsuhiko",Alexander O. Smith,"=""1934287253""","=""9781934287255""",0,Vertical,Paperback,320,2009,1994,,2025/05/08,to-read,to-read (#2001),to-read,,,,0,0
45990558,Tyll,Daniel Kehlmann,"Kehlmann, Daniel",Ross Benjamin,"=""1524747467""","=""9781524747466""",0,Pantheon,Hardcover,352,2020,2017,,2025/05/07,to-read,to-read (#2000),to-read,,,,0,0
38461,Tell Me How Long the Train's Been Gone,James Baldwin,"Baldwin, James",,"=""0375701893""","=""9780375701894""",0,Vintage,Paperback,496,1998,1968,,2025/05/07,to-read,to-read (#1999),to-read,,,,0,0
50403480,At Night All Blood is Black,David Diop,"Diop, David",Anna Moschovakis,"=""0374266972""","=""9780374266974""",0,"Farrar, Straus and Giroux",Hardcover,145,2020,2018,,2025/05/06,to-read,to-read (#1998),to-read,,,,0,0
220165542,Mapping the Interior,Stephen Graham Jones,"Jones, Stephen Graham",,"=""1250406021""","=""9781250406026""",0,Tor Nightfire,Paperback,112,2025,2017,,2025/05/05,to-read,to-read (#1997),to-read,,,,0,0
227955911,Brat,Gabriel Smith,"Smith, Gabriel",,"=""059365689X""","=""9780593656891""",0,Penguin Books,Paperback,320,2025,2024,,2025/05/05,to-read,to-read (#1996),to-read,,,,0,0
220687903,Pan,Michael W. Clune,"Clune, Michael W.",,"=""0593834429""","=""9780593834428""",0,Penguin Press,Hardcover,324,2025,2025,,2025/05/04,to-read,to-read (#1995),to-read,,,,0,0
377993,Joe,Larry Brown,"Brown, Larry",,"=""1565124138""","=""9781565124134""",0,Algonquin Books,Paperback,368,2003,1991,,2025/05/04,to-read,to-read (#1994),to-read,,,,0,0
539933,Big Bad Love,Larry Brown,"Brown, Larry",,"=""0679734910""","=""9780679734918""",0,Vintage,Paperback,228,1991,1990,,2025/05/04,to-read,to-read (#1993),to-read,,,,0,0
220652184,The Phoenix Pencil Company,Allison  King,"King, Allison",,"=""0063446235""","=""9780063446236""",3.0,William Morrow,Hardcover,362,2025,2025,2025/05/04,2025/04/06,,,read,"Thank you to NetGalley, William Morrow, and Allison King for the opportunity to read and review this ARC.<br/><br/><i>The Phoenix Pencil Company</i> is an ambitious blend of the genres of fantasy, historical fiction, and contemporary adult fiction. Not only does King do a commendable job of bridging these genres, but she also weaves together an array of themes, including memory, storytelling, data sharing, and familial legacy.<br/><br/>The magical concept of ""reforging"" may be a hurdle for some readers-- regular fantasy consumers are likely to be more receptive to this inherited ability that is central to the narrative, while others might find it gimmicky. Despite the lack of a detailed origin story, King uses reforging effectively as a device to explore communication during war and across generations.<br/><br/>In contrast to the unfamiliarity of reforging, the EMBRs software platform, which aggregates user data into comprehensive personal narratives, will feel all too familiar. Most readers are already engaged in the ongoing fight for data privacy, making this subplot feel somewhat predictable, if not a little boring.<br/><br/>At its heart, <i>The Phoenix Pencil Company</i> is about relationships, and King writes them in a tender and relatable way-- whether it’s the unfolding of first love or the dynamic between grandparents and grandchild.<br/><br/>The novel’s journal entry/epistolary format makes sense within the context of the story, but its execution sometimes falls short, leading to moments of awkwardness. Fortunately, these issues aren't significant enough to detract from the novel’s strengths.",,,1,0
30285063,"The Return: Fathers, Sons and the Land in Between",Hisham Matar,"Matar, Hisham",,"=""0812994833""","=""9780812994834""",4.0,Random House,Kindle Edition,238,2016,2016,2025/05/03,2025/04/13,,,read,,,,1,0
60496776,The Sun Also Rises,Ernest Hemingway,"Hemingway, Ernest",,"=""0743297334""","=""9780743297332""",2.0,Scribner,Paperback,251,2022,1926,2025/05/03,2022/08/14,,,read,,,,1,0
571039,The Spider's Thread,Ryūnosuke Akutagawa,"Akutagawa, Ryūnosuke",,"=""4880128759""","=""9784880128757""",0,Miocene Ken,Hardcover,28,2003,1918,,2025/05/02,to-read,to-read (#1992),to-read,,,,0,0
59999915,The Caterpillar,Edogawa Rampo,"Rampo, Edogawa",,"=""""","=""""",0,,Unknown Binding,,,,,2025/05/02,to-read,to-read (#1991),to-read,,,,0,0
8132998,In a Grove,Ryūnosuke Akutagawa,"Akutagawa, Ryūnosuke",Michael Brase,"=""""","=""""",0,,Kindle Edition,14,,1922,,2025/05/02,to-read,to-read (#1990),to-read,,,,0,0
36155169,The Human Chair,Edogawa Rampo,"Rampo, Edogawa",,"=""5787309898""","=""9785787309898""",4.0,"Vostochnaya kniga (Vostok-Zapad, Muravey)",Paperback,20,2016,1925,2025/05/02,2025/04/23,,,read,,,,1,0
125144450,W0rldtr33 #1,James Tynion IV,"IV, James Tynion","Fernando Blanco, Jordie Bellaire","=""""","=""""",0,Image,Kindle Edition,36,2023,,,2025/05/02,to-read,to-read (#1988),to-read,,,,0,0
202334888,The Deviant #1,James Tynion IV,"IV, James Tynion",Joshua Hixson,"=""""","=""""",0,Image Comics,Kindle Edition,,2023,,,2025/05/02,to-read,to-read (#1987),to-read,,,,0,0
53184381,Friday #1,Ed Brubaker,"Brubaker, Ed","Marcos Martín, Muntsa Vicente","=""""","=""""",0,Panel Syndicate,ebook,30,2020,2020,,2025/05/02,to-read,to-read (#1986),to-read,,,,0,0
218431649,The Winner,Teddy Wayne,"Wayne, Teddy",,"=""006335361X""","=""9780063353619""",0,Harper Perennial,Paperback,320,2025,2024,,2025/05/02,to-read,to-read (#1985),to-read,,,,0,0
223120442,"If You're Seeing This, It's Meant for You",Leigh Stein,"Stein, Leigh",,"=""0593983645""","=""9780593983645""",0,Ballantine Books,Paperback,320,2025,2025,,2025/05/01,to-read,to-read (#1984),to-read,,,,0,0
220160270,Creation Lake,Rachel Kushner,"Kushner, Rachel",,"=""1982116536""","=""9781982116538""",0,Scribner,Paperback,416,2025,2024,,2025/05/01,to-read,to-read (#1983),to-read,,,,0,0
222764630,Blue Ruin,Hari Kunzru,"Kunzru, Hari",,"=""0593686985""","=""9780593686980""",0,Vintage,Paperback,272,2025,2024,,2025/05/01,to-read,to-read (#1982),to-read,,,,0,0
207003910,The Heartbeat Library,Laura Imai Messina,"Messina, Laura Imai",,"=""141977249X""","=""9781419772498""",0,Harry N. Abrams,Hardcover,400,2024,2022,,2025/04/30,to-read,to-read (#1981),to-read,,,,0,0
817019,Green Mansions,William Henry Hudson,"Hudson, William Henry",,"=""0192832883""","=""9780192832887""",0,Oxford University Press,Paperback,238,1998,1904,,2025/04/29,to-read,to-read (#1980),to-read,,,,0,0
1564835,The Purple Land,William Henry Hudson,"Hudson, William Henry",,"=""1426421540""","=""9781426421549""",0,BiblioBazaar,Paperback,256,2006,1885,,2025/04/29,to-read,to-read (#1980),to-read,,,,0,0
228356528,Window and Mirror,Ted Virts,"Virts, Ted",,"=""""","=""""",3.0,,Kindle Edition,,2025,,2025/04/28,2025/04/28,,,read,"The first positive point Virts’ short collection of poetry scores is that it is accessible in its approach and theming-- the variety of topics and themes explored, centering around everyday life, make it an engaging read.  More than anything, <i>Window and Mirror</i> is relatable and heartfelt, and while it may not be anything to write home about, it shows enough of a glimpse of a budding poet to merit following Virts and his future works.",,,1,0
215362651,Dream State,Eric Puchner,"Puchner, Eric",,"=""0385550669""","=""9780385550666""",3.0,Doubleday,Hardcover,448,2025,2025,2025/04/29,2025/04/20,,,read,,,,1,0
232324057,The Palace on the Higher Hill,Karim Kattan,"Kattan, Karim",Jeffrey Zuckerman,"=""1068693401""","=""9781068693403""",0,Foundry Editions,Paperback,259,2025,2021,,2025/04/29,to-read,to-read (#1979),to-read,,,,0,0
40801462,"Moon of the Crusted Snow (Moon, #1)",Waubgeshig Rice,"Rice, Waubgeshig",,"=""1773052462""","=""9781773052465""",0,ECW Press,Kindle Edition,220,2018,2018,,2025/04/29,to-read,to-read (#1978),to-read,,,,0,0
220160165,Metallic Realms,Lincoln Michel,"Michel, Lincoln",,"=""1668058677""","=""9781668058671""",0,Atria Books,Hardcover,320,2025,2025,,2025/04/28,to-read,to-read (#1977),to-read,,,,0,0
221228057,The Lack of Light,Nino Haratischwili,"Haratischwili, Nino","Charlotte Collins, Ruth Martin","=""0063253615""","=""9780063253612""",0,HarperVia,Paperback,736,2025,2022,,2025/04/28,to-read,to-read (#1976),to-read,,,,0,0
220332211,The Captive,Kit Burgoyne,"Burgoyne, Kit",,"=""1835412025""","=""9781835412022""",0,Titan Books,Kindle Edition,384,2025,2025,,2025/04/28,to-read,to-read (#1975),to-read,,,,0,0
18406193,Split,Cathy Linh Che,"Che, Cathy Linh",,"=""1938584058""","=""9781938584053""",0,Alice James Books,Paperback,100,2014,2014,,2025/04/28,to-read,to-read (#1974),to-read,,,,0,0
220161487,Becoming Ghost: Poetry,Cathy Linh Che,"Che, Cathy Linh",,"=""1668088924""","=""9781668088920""",0,Washington Square Press,Paperback,128,2025,2025,,2025/04/28,to-read,to-read (#1973),to-read,,,,0,0
220999021,Beautiful Nights,Nina George,"George, Nina",,"=""0593157850""","=""9780593157855""",0,Ballantine Books,Hardcover,288,2025,2025,,2025/04/28,to-read,to-read (#1972),to-read,,,,0,0
222376616,Honeyeater,Kathleen Jennings,"Jennings, Kathleen",,"=""1250845882""","=""9781250845887""",0,Tor Books,Hardcover,272,2025,2025,,2025/04/28,to-read,to-read (#1971),to-read,,,,0,0
231174917,An Old Soul,M. Kevin  Hayden,"Hayden, M. Kevin",,"=""""","=""""",0,Muse of the Moon Books,Kindle Edition,252,2025,,,2025/04/28,to-read,to-read (#1970),to-read,,,,0,0
227871604,Tom's Crossing,Mark Z. Danielewski,"Danielewski, Mark Z.",,"=""1524747718""","=""9781524747718""",0,Pantheon,Hardcover,1232,2025,2025,,2025/04/28,to-read,to-read (#1969),to-read,,,,0,0
4917804,Find Him!,Elaine Kraf,"Kraf, Elaine",,"=""0914590383""","=""9780914590385""",0,Fiction Collective 2,Paperback,237,1977,1977,,2025/04/28,to-read,to-read (#1967),to-read,,,,0,0
42148,"Kissing the Beehive (Crane's View, #1)",Jonathan Carroll,"Carroll, Jonathan",,"=""0575402911""","=""9780575402911""",0,Orion,Paperback,256,2000,1998,,2025/04/28,to-read,to-read (#1966),to-read,,,,0,0
216875430,Not a Speck of Light: Stories,Laird Barron,"Barron, Laird",,"=""""","=""9798218036065""",0,"Bad Hand Books, LLC",Paperback,372,2024,2024,,2025/04/27,to-read,to-read (#1965),to-read,,,,0,0
2059753,Dark Debts,Karen  Hall,"Hall, Karen",,"=""0679451463""","=""9780679451464""",0,Random House,Hardcover,405,1996,1996,,2025/04/27,to-read,to-read (#1964),to-read,,,,0,0
34390245,The Kites,Romain Gary,"Gary, Romain",Miranda Richmond Mouillot,"=""0811226549""","=""9780811226547""",0,New Directions,Hardcover,384,2017,1980,,2025/04/26,to-read,to-read (#1963),to-read,,,,0,0
211004176,The River Has Roots,Amal El-Mohtar,"El-Mohtar, Amal",,"=""1250341086""","=""9781250341082""",2.0,Tordotcom,Hardcover,133,2025,2025,2025/04/26,2024/12/03,,,read,,,,1,0
4671,The Great Gatsby,F. Scott Fitzgerald,"Fitzgerald, F. Scott",,"=""0743273567""","=""9780743273565""",3.0,Scribner,Paperback,180,2025,1925,2025/04/25,2022/08/14,,,read,"<i>The Great Gatsby</i> was not a hit when it was published in 1925.  Wait, what?! The beloved classic that everyone and their mother's dog has read hasn't always been considered the peak of American literature?<br/><br/>Well, first impressions aren't always right, but, in the case of a novel like <i>The Great Gatsby</i>, you can't help but ask why it wasn't immediately hailed as a masterpiece.<br/><br/>Here are my takes:<br/><br/>First off, you rarely (if ever) hear anyone talk about its protagonist, Nick Carraway-- and why would they?  He's bland, boring, passive.  The best he can do is sit back and make vaguely “deep” observations that come off like little more than an attempt to sound wise.<br/><br/>Next, at under 200 pages, the book is too short.  Fitzgerald attempted to tackle the themes of wealth, the American Dream, class divisions, consumerism, and more, but he just barely scratched the surface because he needed more pages to fully flesh out the points he was trying to make. So, this novel comes of as half (or less) baked. <br/><br/>These issues aside, Fitzgerald's prose is solid. And it's hard not to respect a story that can garner so many fans when its plot is so unapologetically tragic.  <i>The Great Gatsby</i>'s characters may not be the most likeable, but their flaws make them human in a way that it seems like the vast majority of readers and relate to. <br/><br/>Overall, the mixed reviews <i>The Great Gatsby</i> originally received feel more like an honest representation of how good the novel is than all the 5-star reviews posted online nowadays. <br/><br/>3.25⭐️",,,1,0
210827823,Midnight in Soap Lake,Matthew J. Sullivan,"Sullivan, Matthew J.",,"=""1335041796""","=""9781335041791""",0,Hanover Square Press,Hardcover,416,2025,2025,,2025/04/25,to-read,to-read (#1962),to-read,,,,0,0
763508,Under Milk Wood,Dylan Thomas,"Thomas, Dylan",,"=""0811202097""","=""9780811202091""",0,New Directions,Paperback,107,1954,1954,,2025/04/24,to-read,to-read (#1961),to-read,,,,0,0
55428,Goodbye to All That,Robert Graves,"Graves, Robert",Raleigh Trevelyan,"=""""","=""""",0,Penguin Modern Classics,Paperback,281,2000,1929,,2025/04/24,to-read,to-read (#1960),to-read,,,,0,0
25664465,The Argonauts,Maggie Nelson,"Nelson, Maggie",,"=""1555977359""","=""9781555977351""",0,Graywolf Press,Paperback,143,2016,2015,,2025/04/24,to-read,to-read (#1959),to-read,,,,0,0
213034913,Source Code: My Beginnings,Bill  Gates,"Gates, Bill",,"=""059380158X""","=""9780593801581""",2.0,Knopf,Hardcover,336,2025,2025,2025/04/23,2025/02/04,,,read,"2.25⭐️ As a huge Bill Gates fan I had high hopes that <i>Source Code: My Beginnings</i> would be a great book that I could recommend to others.  Unfortunately, I was a bit let down— it’s not a bad book, but it turned out to be one that I might reply “meh” to when asked how it is. While it is enjoyable to read about Gates childhood, coming of age, and how he found his footing in the nascent PC industry, by the 3/4 mark the story gets bogged down by extraneous details that make it hard to stay engaged.  Not only that, but this book also suffers from its limited scope— it would be a more well-rounded read if it did a better job of tying the story back to modern day and offered more insight on how Gates’ source code continues to be a foundational part of how he operates.",,,1,0
97333,At Swim-Two-Birds,Flann O'Brien,"O'Brien, Flann",William H. Gass,"=""""","=""""",0,Dalkey Archive Press,Paperback,239,1998,1939,,2025/04/23,to-read,to-read (#1958),to-read,,,,0,0
259238,The Chairs,Eugène Ionesco,"Ionesco, Eugène",Martin Crimp,"=""0571194516""","=""9780571194513""",0,Faber & Faber,Paperback,60,1998,1951,,2025/04/23,to-read,to-read (#1957),to-read,,,,0,0
21031,When Nietzsche Wept,Irvin D. Yalom,"Yalom, Irvin D.",,"=""0060748125""","=""9780060748128""",0,Harper Perennial,Paperback,310,2003,1992,,2025/04/23,to-read,to-read (#1956),to-read,,,,0,0
213854079,Dusk,Robbie Arnott,"Arnott, Robbie",,"=""176156353X""","=""9781761563539""",0,Picador Australia,Kindle Edition,272,2024,2024,,2025/04/23,to-read,to-read (#1955),to-read,,,,0,0
672376,Rashomon and Other Stories,Ryūnosuke Akutagawa,"Akutagawa, Ryūnosuke",Takashi Kojima,"=""0871401738""","=""9780871401731""",0,Liveright,Paperback,110,1999,1915,,2025/04/23,to-read,to-read (#1954),to-read,,,,0,0
355862,Erasure,Percival Everett,"Everett, Percival",,"=""0786888156""","=""9780786888153""",0,Hyperion,Paperback,280,2002,2001,,2025/04/23,to-read,to-read (#1953),to-read,,,,0,0
15622,Native Son,Richard Wright,"Wright, Richard",,"=""""","=""""",0,Harper Perennial Modern Classics,Paperback,504,2005,1940,,2025/04/23,to-read,to-read (#1952),to-read,,,,0,0
256072,The Hawk in the Rain,Ted Hughes,"Hughes, Ted",,"=""""","=""""",0,Faber & Faber,Paperback,62,2003,1957,,2025/04/22,to-read,to-read (#1951),to-read,,,,0,0
119502,The Iron Man,Ted Hughes,"Hughes, Ted",,"=""0571226124""","=""9780571226122""",0,Faber & Faber,Paperback,63,2005,1968,,2025/04/22,to-read,to-read (#1950),to-read,,,,0,0
313277,Birthday Letters,Ted Hughes,"Hughes, Ted",,"=""0374525811""","=""9780374525811""",0,"Farrar, Straus and Giroux",Paperback,198,1999,1998,,2025/04/22,to-read,to-read (#1950),to-read,,,,0,0
214387890,The Place of Shells,Mai Ishizawa,"Ishizawa, Mai",Polly Barton,"=""0811237788""","=""9780811237789""",0,New Directions,Paperback,160,2025,2021,,2025/04/22,to-read,to-read (#1949),to-read,,,,0,0
315266,Black Comedy,Peter Shaffer,"Shaffer, Peter",,"=""0573023034""","=""9780573023033""",0,Samuel French Ltd,Paperback,90,1997,1965,,2025/04/22,to-read,to-read (#1948),to-read,,,,0,0
220160960,The Art of the Boy and the Heron,Hayao Miyazaki,"Miyazaki, Hayao",,"=""1974754596""","=""9781974754595""",0,VIZ Media LLC,Hardcover,328,2025,,,2025/04/22,to-read,to-read (#1947),to-read,,,,0,0
197109720,The Way of the Hermit: My Incredible 40 Years Living in the Wilderness – An Inspiring Scottish Adventure Memoir of Solitude and Resilience,Ken          Smith,"Smith, Ken",Will Millard,"=""1335454969""","=""9781335454966""",0,Hanover Square Press,Paperback,272,2024,,,2024/07/18,to-read,to-read (#1459),to-read,,,,0,0
16981,Invisible Man,Ralph Ellison,"Ellison, Ralph",,"=""""","=""""",4.0,Vintage,Paperback,581,1995,1952,2025/04/20,2022/07/06,,,read,"Readers who go in blind will likely not be prepared for <i>Invisible Man</i>.<br/><br/>Heck, even those acquainted with novels in the same vein may not be ready for Ellison's strain of experimental literary jazz.<br/><br/><i>Invisible Man</i>’s stream of consciousness is a powerful wave that crashes over the reader—an opportunity to bask in the rawness of Ellison’s message and the feeling it creates.<br/><br/>The unique and passionate voices of Ellison’s characters are always front and center. They magnify—and are magnified by—his masterful command of prose, imagery, and characterization.<br/><br/>Like a niche subgenre of jazz, <i>Invisible Man</i>’s quirks, dissonances, and surrealism may put off some readers—but those who make it to the last page will likely return to it again, noticing a bassline here, a new harmony there, that they didn’t hear before.",,,1,0
220161576,Julie Chan Is Dead,Liann Zhang,"Zhang, Liann",,"=""1668067897""","=""9781668067895""",4.0,Atria Books,Hardcover,311,2025,2025,2025/04/19,2025/01/24,,,read,"Thank you to Liann Zhang, Atria Books, and NetGalley for the e-book ARC.<br/><br/>3.5 ⭐️<br/><br/><i>Julie Chan Is Dead</i> is a thriller meets weird-girl novel in which Zhang clearly had a lot of fun pushing the girl-takes-twin's-place narrative to its limits.<br/><br/>Humorous social media satire hooks you from the beginning of this story and continues throughout.  And, although the story's setup in middle section lulls a bit, things start to get <i>really</i> weird (in a great way) making the novel is absolutely unputdownable from the 3/4 mark to an ending with a payoff that is totally worth it.",,,1,0
52290,Masters of Atlantis,Charles Portis,"Portis, Charles",,"=""1585670219""","=""9781585670215""",0,The Overlook Press,Paperback,248,2000,1985,,2025/04/18,to-read,to-read (#1946),to-read,,,,0,0
48287,Norwood,Charles Portis,"Portis, Charles",,"=""0879517034""","=""9780879517038""",0,Peter Mayer Publishing ,Paperback,190,1999,1966,,2025/04/18,to-read,to-read (#1945),to-read,,,,0,0
52289,Gringos,Charles Portis,"Portis, Charles",,"=""1585670936""","=""9781585670932""",0,The Overlook Press,Paperback,320,2000,1991,,2025/04/18,to-read,to-read (#1944),to-read,,,,0,0
63028219,Norwood / True Grit / The Dog of the South / Masters of Atlantis / Gringos / Stories & Other Writings,Charles Portis,"Portis, Charles",Jay Jennings,"=""1598537466""","=""9781598537468""",0,Library of America,Hardcover,1096,2023,,,2025/04/18,to-read,to-read (#1943),to-read,,,,0,0
216605244,Mad Woman,Chelsea Bieker,"Bieker, Chelsea",,"=""0861549104""","=""9780861549108""",0,Oneworld Publications Ltd,Paperback,336,2024,2024,,2025/04/17,to-read,to-read (#1942),to-read,,,,0,0
203579088,Cabin: Off the Grid Adventures with a Clueless Craftsman,Patrick Hutchison,"Hutchison, Patrick",,"=""1250285704""","=""9781250285706""",0,St. Martin's Press,Hardcover,294,2024,2024,,2025/04/17,to-read,to-read (#1941),to-read,,,,0,0
2728527,The Guernsey Literary and Potato Peel Pie Society,Mary Ann Shaffer,"Shaffer, Mary Ann",Annie Barrows,"=""0385340990""","=""9780385340991""",0,The Dial Press,Hardcover,277,2008,2008,,2025/04/17,to-read,to-read (#1940),to-read,,,,0,0
36840397,A Place for Us,Fatima Farheen Mirza,"Mirza, Fatima Farheen",,"=""1524763551""","=""9781524763558""",0,SJP for Hogarth,Hardcover,385,2018,2018,,2025/04/17,to-read,to-read (#1939),to-read,,,,0,0
8913370,Fingersmith,Sarah Waters,"Waters, Sarah",,"=""1101057025""","=""9781101057025""",0,Riverhead Books,ebook,592,2002,2002,,2025/04/17,to-read,to-read (#1938),to-read,,,,0,0
77773,"To Say Nothing of the Dog (Oxford Time Travel, #2)",Connie Willis,"Willis, Connie",,"=""0553575384""","=""9780553575385""",0,Bantam Books,Mass Market Paperback,493,1998,1997,,2025/04/17,to-read,to-read (#1937),to-read,,,,0,0
59808037,How Not to Drown in a Glass of Water,Angie Cruz,"Cruz, Angie",,"=""1250208459""","=""9781250208453""",0,Flatiron Books,Hardcover,191,2022,2022,,2025/04/17,to-read,to-read (#1936),to-read,,,,0,0
213816137,Hellions: Stories,Julia   Elliott,"Elliott, Julia",,"=""196310806X""","=""9781963108064""",0,Tin House,Paperback,272,2025,2025,,2025/04/17,to-read,to-read (#1935),to-read,,,,0,0
25642854,Adventure Calls,Katharine Woolley,"Woolley, Katharine",,"=""""","=""""",0.0,John Murray,Hardcover,294,1929,1929,,2024/12/30,to-read,to-read (#1725),to-read,"Available to view/download via <a href=""https://www.loc.gov/item/29009006/"">Library of Congress</a>",,,0,0
868712,A Woman of the People,Benjamin Capps,"Capps, Benjamin",James Ward Lee,"=""087565195X""","=""9780875651958""",0,TCU Press,Paperback,248,1999,1966,,2025/04/15,to-read,to-read (#1934),to-read,,,,0,0
1902924,The Young Visitors: Or Mr. Salteena's Plan,Daisy Ashford,"Ashford, Daisy",,"=""0548286086""","=""9780548286081""",0,Kessinger Publishing,Paperback,108,2007,1919,,2025/04/15,to-read,to-read (#1933),to-read,,,,0,0
11302021,The Shootist,Glendon Swarthout,"Swarthout, Glendon",Miles Swarthout,"=""0803238231""","=""9780803238237""",0,Bison Books,Paperback,215,2011,1975,,2025/04/15,to-read,to-read (#1932),to-read,,,,0,0
58045504,Brideshead Revisited: The Sacred and Profane Memories of Captain Charles Ryder,Evelyn Waugh,"Waugh, Evelyn",,"=""0141182482""","=""9780141182483""",0,Penguin Classics,Paperback,480,2000,1945,,2025/04/15,to-read,to-read (#1931),to-read,,,,0,0
80410,Four Quartets,T.S. Eliot,"Eliot, T.S.",,"=""0571068944""","=""9780571068944""",0,Faber & Faber,Paperback,56,2001,1943,,2025/04/15,to-read,to-read (#1930),to-read,,,,0,0
48947485,Charis in the World of Wonders,Marly Youmans,"Youmans, Marly",,"=""1621643042""","=""9781621643043""",0,Ignatius Press,Paperback,331,2020,2020,,2025/04/15,to-read,to-read (#1929),to-read,,,,0,0
257845,True Grit,Charles Portis,"Portis, Charles",,"=""1585673692""","=""9781585673698""",5.0,Overlook Press,Paperback,224,2002,1968,2025/04/15,2023/12/03,,,read,,,,1,0
5849,A House for Mr Biswas,V.S. Naipaul,"Naipaul, V.S.",,"=""0330487191""","=""9780330487191""",0,Picador,Paperback,623,2003,1961,,2025/04/13,to-read,to-read (#1928),to-read,,,,0,0
211479192,Water Moon,Samantha Sotto Yambao,"Yambao, Samantha Sotto",,"=""0593724992""","=""9780593724996""",2.0,Del Rey,Hardcover,374,2025,2025,2025/04/13,2024/12/17,,,read,Like Murakami or Ghibli without the charm.,,,1,0
228644472,"House of Day, House of Night",Olga Tokarczuk,"Tokarczuk, Olga",Antonia Lloyd-Jones,"=""0593716388""","=""9780593716380""",0,Riverhead Books,Hardcover,336,2025,1998,,2025/04/13,to-read,to-read (#1927),to-read,,,,0,0
214986266,Hot Air,Marcy Dermansky,"Dermansky, Marcy",,"=""0593320905""","=""9780593320907""",0,Knopf,Hardcover,208,2025,2025,,2025/04/13,to-read,to-read (#1926),to-read,,,,0,0
93933,"Collected Poems, 1948-1984",Derek Walcott,"Walcott, Derek",,"=""0374520259""","=""9780374520250""",0,"Farrar, Straus and Giroux",Paperback,516,1987,1985,,2025/04/12,to-read,to-read (#1925),to-read,,,,0,0
139783,Praise,Robert Hass,"Hass, Robert",,"=""0880012420""","=""9780880012423""",0,Ecco,Paperback,80,1999,1979,,2025/04/12,to-read,to-read (#1924),to-read,,,,0,0
863234,The House of Hunger,Dambudzo Marechera,"Marechera, Dambudzo",,"=""043590986X""","=""9780435909864""",0,Heinemann,Paperback,160,1993,1978,,2025/04/10,to-read,to-read (#1923),to-read,,,,0,0
25622780,Wide Sargasso Sea,Jean Rhys,"Rhys, Jean",Edwidge Danticat,"=""0393352560""","=""9780393352566""",0,W. W. Norton & Company,Paperback,176,2016,1966,,2025/04/10,to-read,to-read (#1922),to-read,,,,0,0
1231621,Beer in the Snooker Club (Twentieth Century Lives),Waguih Ghali,"Ghali, Waguih",,"=""0941533816""","=""9780941533812""",0,UNKNO,Paperback,222,1999,1964,,2025/04/10,to-read,to-read (#1921),to-read,,,,0,0
72355,Poor Things,Alasdair Gray,"Gray, Alasdair",,"=""0747562288""","=""9780747562283""",0,Bloomsbury Publishing,Paperback,317,2002,1992,,2025/04/10,to-read,to-read (#1920),to-read,,,,0,0
3077,The Enchanted April,Elizabeth von Arnim,"Arnim, Elizabeth von",,"=""""","=""""",0,Waking Lion Press,Paperback,232,2008,1922,,2025/04/10,to-read,to-read (#1919),to-read,,,,0,0
216247518,Audition,Katie Kitamura,"Kitamura, Katie",,"=""059385232X""","=""9780593852323""",2.0,Riverhead Books,Hardcover,197,2025,2025,2025/04/09,2025/03/19,,,read,"In <i>Audition</i>, Kitamura takes a bold risk by exploring a series of ""what ifs"" and deliberately subverting traditional narrative structure. For some readers, this cerebral approach might resonate, but for me, it felt more like an intellectual exercise than an engaging story. The narrator’s clinical, detached tone only added to the sense of sterility, creating a novel that often seems more interested in being clever than emotionally compelling.",,,1,0
208580636,Blue Light Hours,Bruna Dantas Lobato,"Lobato, Bruna Dantas",,"=""0802163777""","=""9780802163776""",0,"Grove Press, Black Cat",Paperback,192,2024,2024,,2025/04/10,to-read,to-read (#1918),to-read,,,,0,0
30753704,Britt-Marie Was Here,Fredrik Backman,"Backman, Fredrik",,"=""1501142542""","=""9781501142543""",0,Atria Books,Paperback,324,2017,2014,,2025/04/10,to-read,to-read (#1917),to-read,,,,0,0
216599364,I See You've Called in Dead,John Kenney,"Kenney, John",,"=""""","=""9798989923038""",0,Zibby Publishing,Kindle Edition,309,2025,2025,,2025/04/09,to-read,to-read (#1916),to-read,,,,0,0
214387891,rock flight,Hasib Hourani,"Hourani, Hasib",,"=""0811238857""","=""9780811238854""",0,New Directions,Paperback,90,2025,,,2025/04/09,to-read,to-read (#1915),to-read,,,,0,0
217387622,Cheesecake,Mark Kurlansky,"Kurlansky, Mark",,"=""1639735720""","=""9781639735723""",0,Bloomsbury Publishing,Hardcover,240,2025,2025,,2025/04/09,to-read,to-read (#1914),to-read,,,,0,0
13872,Geek Love,Katherine Dunn,"Dunn, Katherine",,"=""0375713344""","=""9780375713347""",3.0,Random House Vintage,Paperback,348,2002,1989,2025/04/08,2021/11/22,,,read,"2.5– No matter how messed up you find it to be, Geek Love is undeniably one of the most creative, unrestrained, and memorable pieces of art of all time.  It is mind boggling to think about how such a deranged story could have developed in Dunn’s mind— and yes, its contents are horrific, but by no means “horror”, as the genre tags might suggest. What the book actually is is dark, shocking, and sickeningly off-the-wall. ",,,1,0
90160,"Riders of the Purple Sage (Riders of the Purple Sage, #1)",Zane Grey,"Grey, Zane",,"=""0812966120""","=""9780812966121""",0,Random House Publishing Group,Paperback,320,2002,1912,,2025/04/06,to-read,to-read (#1913),to-read,,,,0,0
669780,Season of Migration to the North,Tayeb Salih,"Salih, Tayeb",Denys Johnson-Davies,"=""0435900668""","=""9780435900663""",0,Heinemann,Paperback,176,1970,1966,,2025/04/06,to-read,to-read (#1912),to-read,,,,0,0
215361877,Twist,Colum McCann,"McCann, Colum",,"=""0593241738""","=""9780593241738""",0,Random House,Hardcover,239,2025,2025,,2025/04/06,to-read,to-read (#1911),to-read,,,,0,0
61884783,Boys in the Valley,Philip Fracassi,"Fracassi, Philip",,"=""1250879035""","=""9781250879035""",2.0,Tor Nightfire,Hardcover,335,2023,2023,2025/04/05,2024/06/15,,,read,,,,1,0
438323,The Forty Days of Musa Dagh,Franz Werfel,"Werfel, Franz",Peter Sourian,"=""0786711388""","=""9780786711383""",0,Da Capo Press,Paperback,824,2002,1933,,2025/04/03,to-read,to-read (#1910),to-read,,,,0,0
668180,FAR BETTER REST-C,Susanne Alleyn,"Alleyn, Susanne",Charles Dickens,"=""1569471975""","=""9781569471975""",0,Soho Press,Hardcover,353,2000,2000,,2025/04/03,to-read,to-read (#1909),to-read,,,,0,0
438452,The Long Ships,Frans G. Bengtsson,"Bengtsson, Frans G.",Michael   Meyer,"=""000612609X""","=""9780006126096""",0,HarperCollins,Paperback,478,1994,1941,,2025/04/03,to-read,to-read (#1908),to-read,,,,0,0
83017,The Tartar Steppe,Dino Buzzati,"Buzzati, Dino",Stuart Hood,"=""1567923046""","=""9781567923049""",0,Verba Mundi,Paperback,198,2005,1940,,2025/04/03,to-read,to-read (#1907),to-read,,,,0,0
78257,Quicksand,Nella Larsen,"Larsen, Nella",Thadious M. Davis,"=""0141181273""","=""9780141181271""",0,Penguin Classics,Paperback,192,2002,1928,,2025/04/03,to-read,to-read (#1906),to-read,,,,0,0
321552,The Agony and the Ecstasy,Irving Stone,"Stone, Irving",,"=""0451171357""","=""9780451171351""",0,Berkley,Mass Market Paperback,776,1961,1961,,2025/04/01,to-read,to-read (#1905),to-read,,,,0,0
68024,Steering the Craft: Exercises and Discussions on Story Writing for the Lone Navigator or the Mutinous Crew,Ursula K. Le Guin,"Guin, Ursula K. Le",,"=""0933377460""","=""9780933377462""",0,The Eighth Mountain Press,Paperback,173,1998,1998,,2025/04/01,to-read,to-read (#1904),to-read,,,,0,0
34497,"The Color of Magic (Discworld, #1; Rincewind, #1)",Terry Pratchett,"Pratchett, Terry",,"=""0060855924""","=""9780060855925""",0,Harper,Paperback,228,2005,1983,,2025/04/01,to-read,to-read (#1903),to-read,,,,0,0
54785501,Last Summer in the City,Gianfranco Calligarich,"Calligarich, Gianfranco","André Aciman, Howard Curtis","=""0374600155""","=""9780374600150""",0,"Farrar, Straus and Giroux",Hardcover,192,2021,1970,,2025/03/31,to-read,to-read (#1902),to-read,,,,0,0
49236083,Boulder,Eva Baltasar,"Baltasar, Eva",Nicole d'Amonville Alegría,"=""8439736967""","=""9788439736967""",0,Literatura Random House,Paperback,128,2020,2020,,2025/03/31,to-read,to-read (#1901),to-read,,,,0,0
134115463,Perspective(s) ,Laurent Binet,"Binet, Laurent",,"=""2246829356""","=""9782246829355""",4.0,Grasset,Paperback,304,2023,2023,2025/03/30,2025/02/25,,,read,"Thank you to Farrar, Straus and Giroux and NetGalley for the e-book.<br/><br/>In Perspective(s), Binet blends a wide cast of characters bursting with personality and a propulsive, epistolary format into a fresh and humorous take on the murder mystery.  Readers who are into history, Italy, and/or art will most likely enjoy this read!",,,1,0
211934923,Perspective(s),Laurent Binet,"Binet, Laurent",Sam Taylor,"=""0374614601""","=""9780374614607""",0,"Farrar, Straus and Giroux",Hardcover,272,2025,2023,,2025/03/30,to-read,to-read (#1900),to-read,,,,0,0
17245,Dracula,Bram Stoker,"Stoker, Bram","Rubén Toledo, Nina Auerbach, David J. Skal","=""0393970124""","=""9780393970128""",2.0,Norton,Paperback,488,1986,1897,2025/03/30,2022/03/31,,,read,"Dracula's reputation precedes it, and that's a big problem.  Luckily, the novel at least manages to deliver on spooky atmosphere-- it's no surprise that this was a groundbreaking and shocking novel when it was published over a century ago, with it's violent and paranormal content.  Unfortunately, these details don't hit that hard when you take the novel as a whole because they are overshadowed by many drawn-out passages that leave the reader yawning and wondering when they will reach the next exciting scene.  I may not read Dracula again anytime soon, but the next time I do I will likely reach for an abridged version.",,,1,0
207851815,The Proof of My Innocence,Jonathan Coe,"Coe, Jonathan",,"=""1405962429""","=""9781405962421""",0,Penguin,Kindle Edition,326,2024,2024,,2025/03/30,to-read,to-read (#1899),to-read,,,,0,0
586852,The Wall,Marlen Haushofer,"Haushofer, Marlen",Shaun Whiteside,"=""1573440949""","=""9781573440943""",4.0,Cleis Press,Paperback,240,1999,1963,2025/03/25,2021/11/07,,,read,"<i>The Wall</i> is a solid exploration of human vs. nature/self, and a well-written case study on what any human might think, feel, and do in isolation. While there's a lot to admire about our protagonist's resilience and introspection, the fact that she has mostly just animals and her own thoughts to interact with may leave readers consciously aware of the limits of the novel's narrative scope.",,,1,0
213395554,Terrestrial History,Joe Mungo Reed,"Reed, Joe Mungo",,"=""1324079371""","=""9781324079378""",0,W. W. Norton & Company,Hardcover,256,2025,2025,,2025/03/27,to-read,to-read (#1898),to-read,,,,0,0
80176,"Winesburg, Ohio",Sherwood Anderson,"Anderson, Sherwood",Ted Olson,"=""0192839772""","=""9780192839770""",0,Oxford University Press,Paperback,240,1999,1919,,2025/03/26,to-read,to-read (#1897),to-read,,,,0,0
76778,The Martian Chronicles,Ray Bradbury,"Bradbury, Ray",Michael Whelan,"=""0553278223""","=""9780553278224""",4.0,Bantam/Spectra,Mass Market Paperback,182,1984,1950,2025/03/26,2022/01/05,,,read,"The 2015 Big Finish Productions dramatized audiobook, with its music, sound effects, and varied cast, is a fun, immersive listen.",,,1,0
29579,"Foundation (Foundation, #1)",Isaac Asimov,"Asimov, Isaac",,"=""0553803719""","=""9780553803716""",0,Bantam,Hardcover,244,2004,1951,,2025/03/26,to-read,to-read (#1896),to-read,,,,0,0
41804,"I, Robot (Robot, #0.1)",Isaac Asimov,"Asimov, Isaac",,"=""0553803700""","=""9780553803709""",0,Bantam Books,Hardcover,224,2004,1950,,2025/03/26,to-read,to-read (#1895),to-read,,,,0,0
60149545,Papyrus: The Invention of Books in the Ancient World,Irene Vallejo,"Vallejo, Irene",Charlotte Whittle,"=""0593318897""","=""9780593318898""",0,Knopf,Hardcover,464,2022,2019,,2025/03/23,to-read,to-read (#1894),to-read,,,,0,0
48987,By Grand Central Station I Sat Down and Wept,Elizabeth  Smart,"Smart, Elizabeth",,"=""0679738045""","=""9780679738046""",0,Vintage,Paperback,240,1992,1945,,2025/03/23,to-read,to-read (#1893),to-read,,,,0,0
55019161,"The Da Vinci Code (Robert Langdon, #2)",Dan    Brown,"Brown, Dan",,"=""""","=""""",3.0,Anchor,Paperback,480,2020,2003,2025/03/23,2025/01/07,,,read,,,,1,0
36620274,All for Nothing,Walter Kempowski,"Kempowski, Walter","Jenny Erpenbeck, Anthea Bell","=""1681372053""","=""9781681372051""",0,NYRB Classics,Paperback,343,2018,2006,,2025/03/23,to-read,to-read (#1892),to-read,,,,0,0
46024004,The Other Name: Septology I-II,Jon Fosse,"Fosse, Jon",Damion Searls,"=""""","=""""",2.0,Fitzcarraldo Editions,Paperback,351,2019,2019,2025/03/23,2023/12/18,,,read,,,,1,0
54860229,"The Mirror & the Light (Thomas Cromwell, #3)",Hilary Mantel,"Mantel, Hilary",,"=""1250182492""","=""9781250182494""",0,Holt Paperbacks,Paperback,759,2021,2020,,2025/03/23,to-read,to-read (#1891),to-read,,,,0,0
35133922,Educated,Tara Westover,"Westover, Tara",,"=""0399590501""","=""9780399590504""",0,Random House,Hardcover,352,2018,2018,,2025/03/22,to-read,to-read (#1890),to-read,,,,0,0
54814676,Crying in H Mart,Michelle Zauner,"Zauner, Michelle",,"=""0525657746""","=""9780525657743""",3.0,Knopf,Hardcover,256,2021,2021,2025/03/22,2022/04/17,,,read,,,,1,0
127278133,Glorious Exploits,Ferdia  Lennon,"Lennon, Ferdia",,"=""1250893690""","=""9781250893697""",4.0,Henry Holt and Co.,Hardcover,304,2024,2024,2025/03/20,2024/01/17,,,read,"Major props go to Ferdia Lennon for taking on such an ambitious and creative premise for his debut novel-- <i>Glorious Exploits</i> is a lot of fun, with the voice of the characters being an especially enjoyable highlight.  The story's ingenious setup makes for a literary playground that Lennon takes full advantage of, and the narrative ends up being a worthy tribute to the arts of poetry and the theatre, as well as a solid exploration of the themes of love, friendship, and war.",,,1,0
214269353,I Leave It Up to You,Jinwoo Chong,"Chong, Jinwoo",,"=""0593727053""","=""9780593727058""",0,Ballantine Books,Hardcover,311,2025,2025,,2025/03/19,to-read,to-read (#1889),to-read,,,,0,0
60478042,Little Mushroom: Judgment Day (Little Mushroom #1),Yi Shi Si Zhou,"Zhou, Yi Shi Si",,"=""""","=""""",0,Peach Flower House LLC,Kindle Edition,402,2022,2022,,2025/03/19,to-read,to-read (#1888),to-read,,,,0,0
18452,The Painted Bird,Jerzy Kosiński,"Kosiński, Jerzy",,"=""080213422X""","=""9780802134226""",0,Grove Press,Paperback,256,1995,1965,,2025/03/19,to-read,to-read (#1887),to-read,,,,0,0
50798,Jude the Obscure,Thomas Hardy,"Hardy, Thomas","Patricia Ingham, Dennis Taylor, Jenny Sterlin, Mark Oxford, James Oliver Smith Jr.","=""0486452433""","=""9780486452432""",0,Dover Publications,Paperback,310,2006,1895,,2025/03/19,to-read,to-read (#1886),to-read,,,,0,0
59468833,The English Understand Wool,Helen DeWitt,"DeWitt, Helen",,"=""0811230074""","=""9780811230070""",0,New Directions,Hardcover,69,2022,2022,,2025/03/19,to-read,to-read (#1885),to-read,,,,0,0
1725958,The Mustache,Emmanuel Carrère,"Carrère, Emmanuel",,"=""0020188706""","=""9780020188704""",0,Collier Books,Paperback,146,1988,1986,,2025/03/17,to-read,to-read (#1884),to-read,,,,0,0
223524394,"We Love You, Bunny (Bunny, #2)",Mona Awad,"Awad, Mona",,"=""1668098482""","=""9781668098486""",0,Scribner Canada,Hardcover,496,2025,2025,,2025/03/17,to-read,to-read (#1883),to-read,,,,0,0
200189179,A Little Trickerie,Rosanna Pike,"Pike, Rosanna",,"=""0241646065""","=""9780241646069""",0,Fig Tree,Hardcover,384,2024,2024,,2025/03/16,to-read,to-read (#1882),to-read,,,,0,0
157591205,The List of Suspicious Things,Jennie Godfrey,"Godfrey, Jennie",,"=""1529153298""","=""9781529153293""",0,Hutchinson Heinemann,Hardcover,464,2024,2024,,2025/03/16,to-read,to-read (#1881),to-read,,,,0,0
469571,"All the Pretty Horses (The Border Trilogy, #1)",Cormac McCarthy,"McCarthy, Cormac",,"=""0679744398""","=""9780679744399""",4.0,Vintage,Paperback,302,1993,1992,2025/03/16,2023/09/09,,,read,"4.25<br/><br/>In <i>All The Pretty Horses</i>, McCarthy proves he can do it all— hilarious dialogue, gorgeous biblical prose, and build thematic mountains veined with valuable ores of wisdom for the reader to extract. This novel lives up to its status as a bestseller and National Book Award winner, even though some readers may find it’s plot a bit simplistic, and/or that they may not be convinced that they need to continue on to the subsequent book in the trilogy. ",,,1,0
215149232,Welcome to the Hyunam-dong Bookshop,Hwang Bo-Reum,"Bo-Reum, Hwang",Shanna Tan,"=""1639736379""","=""9781639736379""",0,Bloomsbury Publishing,Paperback,309,2025,2022,,2025/03/15,to-read,to-read (#1880),to-read,,,,0,0
203164415,Gliff,Ali Smith,"Smith, Ali",,"=""0593701569""","=""9780593701560""",4.0,Pantheon,Hardcover,288,2025,2024,2025/03/14,2024/09/02,,,read,"In <i>Gliff</i>, Ali Smith is in no rush to reveal all the cards in her narrative hand. She takes her time unfolding an increasingly fascinating and complex story, injecting quirky humor and insights all along the way. A fresh, enjoyable read.",,,1,0
74186,Man in the Holocene,Max Frisch,"Frisch, Max",Geoffrey Skelton,"=""0156569523""","=""9780156569521""",0,Mariner Books,Paperback,128,1994,1979,,2025/03/14,to-read,to-read (#1878),to-read,,,,0,0
110076,The Pale Blue Eye,Louis Bayard,"Bayard, Louis",,"=""0060733977""","=""9780060733971""",0,Harper,Hardcover,432,2006,2006,,2025/03/14,to-read,to-read (#1877),to-read,,,,0,0
57190576,The City of Mist,Carlos Ruiz Zafón,"Zafón, Carlos Ruiz",,"=""0063118092""","=""9780063118096""",0,Harper Perennial,Paperback,162,2021,2020,,2025/03/14,to-read,to-read (#1876),to-read,,,,0,0
40180100,The Ugly American,William J. Lederer,"Lederer, William J.",Eugene Burdick,"=""0393356728""","=""9780393356724""",0,W. W. Norton & Company,Paperback,288,2019,1958,,2025/03/14,to-read,to-read (#1875),to-read,,,,0,0
3698,The Quiet American,Graham Greene,"Greene, Graham",Robert  Stone,"=""0143039024""","=""9780143039020""",0,Penguin Classics Deluxe Editions,Paperback,180,2004,1955,,2025/03/14,to-read,to-read (#1874),to-read,,,,0,0
815491,Big Two-Hearted River,Ernest Hemingway,"Hemingway, Ernest",,"=""1565113640""","=""9781565113640""",2.0,Highbridge Audio,Audio CD,90,2000,1925,2025/03/14,2025/03/14,,,read,,,,1,0
53487237,A Swim in a Pond in the Rain,George Saunders,"Saunders, George",,"=""1984856049""","=""9781984856043""",0,Random House,Kindle Edition,403,2021,2021,,2025/03/13,to-read,to-read (#1873),to-read,,,,0,0
13641208,Tenth of December,George Saunders,"Saunders, George",,"=""0812993802""","=""9780812993806""",2.0,Random House,Hardcover,251,2013,2013,2025/03/13,2022/07/23,,,read,,,,1,0
194740,The Setting Sun,Osamu Dazai,"Dazai, Osamu",Donald Keene,"=""0811200329""","=""9780811200325""",5.0,New Directions,Paperback,175,2020,1947,2023/07/20,2022/05/05,favorites,favorites (#9),read,"<i>The Setting Sun</i> is Dazai's magnum opus-- <i>No Longer Human</i>'s more mature, older sibling.",,,2,0
211003856,Glorious Exploits,Ferdia  Lennon,"Lennon, Ferdia",,"=""1250893682""","=""9781250893680""",0,Holt Paperbacks,Paperback,304,2025,2024,,2025/03/12,to-read,to-read (#1872),to-read,,,,0,0
55835660,Long Bright River,Liz    Moore,"Moore, Liz",,"=""0525540687""","=""9780525540687""",0,Riverhead Books,Paperback,496,2020,2020,,2025/03/10,to-read,to-read (#1871),to-read,,,,0,0
198971097,The Goodbye Cat,Hiro Arikawa,"Arikawa, Hiro",,"=""059381570X""","=""9780593815700""",0,Berkley,Hardcover,278,2023,2021,,2025/03/10,to-read,to-read (#1870),to-read,,,,0,0
222175384,Victim,Andrew Boryga,"Boryga, Andrew",,"=""0593471261""","=""9780593471265""",0,Vintage,Paperback,288,2025,2024,,2025/03/10,to-read,to-read (#1869),to-read,,,,0,0
213019983,Herscht 07769,László Krasznahorkai,"Krasznahorkai, László",Ottilie Mulzet,"=""1800815050""","=""9781800815056""",0,Tuskar Rock Press,Hardcover,448,2024,2021,,2025/03/10,to-read,to-read (#1868),to-read,,,,0,0
203756158,Private Rites,Julia Armfield,"Armfield, Julia",,"=""""","=""""",3.0,Flatiron Books,Kindle Edition,284,2024,2024,2025/03/09,2024/10/10,,,read,,,,1,0
62929342,Real Americans,Rachel Khong,"Khong, Rachel",,"=""0593537254""","=""9780593537251""",1.0,Knopf,Hardcover,416,2024,2024,2025/03/09,2024/09/01,,,read,"Read on a whim, I was shocked to find out that this wasn't a debut novel, but I guess there's a good reason they named failed 2nd efforts ""sophomore slumps"".<br/><br/>While it is a big surprise that this novel was nominated for a couple of awards, it's hardly shocking that it didn't actually win any.  <i>Real Americans</i> sounds good on the surface, but if the blurb were to give away it's gimmicky plot and theme I suspect that no one would read it.  The promised ""immersive, moving prose"" is blatantly absent and the only thing ""profound"" about it was my profound urge to DNF the novel from the start of part 2 all the way until the end. (I persisted out of spite)<br/><br/>I wish someone had told me how bad this was and not to read it, so I am doing everyone a courtesy and letting them know that this is a waste of your time.",,,1,0
214151304,The Paris Express,Emma Donoghue,"Donoghue, Emma",,"=""1668082799""","=""9781668082799""",0,S&S/Summit Books,Hardcover,274,2025,2025,,2025/03/09,to-read,to-read (#1867),to-read,,,,0,0
228676790,"We Did Ok, Kid: A Memoir",Anthony Hopkins,"Hopkins, Anthony",,"=""1761634828""","=""9781761634826""",0,Simon & Schuster Australia,Kindle Edition,370,2025,2025,,2025/03/07,to-read,to-read (#1866),to-read,,,,0,0
220160186,The Frequency of Living Things,Nick Fuller Googins,"Googins, Nick Fuller",,"=""1668056062""","=""9781668056066""",0,Atria Books,Hardcover,336,2025,2025,,2025/03/07,to-read,to-read (#1865),to-read,,,,0,0
13505670,Krampus: The Yule Lord,Brom,"Brom, Brom",,"=""006209565X""","=""9780062095657""",0,Harper Voyager,Hardcover,357,2012,2012,,2025/03/06,to-read,to-read (#1864),to-read,,,,0,0
56179372,Slewfoot: A Tale of Bewitchery,Brom,"Brom, Brom",,"=""125062200X""","=""9781250622006""",0,Tor Nightfire,Hardcover,305,2021,2021,,2025/03/06,to-read,to-read (#1863),to-read,,,,0,0
54968296,"Wolf Hall (Thomas Cromwell, #1)",Hilary Mantel,"Mantel, Hilary",,"=""1250806712""","=""9781250806710""",0,Picador Paper,Paperback,604,2021,2009,,2025/03/02,to-read,to-read (#1862),to-read,,,,0,0
42072585,Tales from the Gas Station: Volume One (Tales from the Gas Station #1),Jack  Townsend,"Townsend, Jack",,"=""""","=""""",0,,Kindle Edition,285,2018,2018,,2025/03/01,to-read,to-read (#1861),to-read,,,,0,0
222376635,"Fallen City (Fallen City Duology, #1)",Adrienne Young,"Young, Adrienne",,"=""1250794196""","=""9781250794192""",0,Saturday Books,Hardcover,416,2025,2025,,2025/03/01,to-read,to-read (#1860),to-read,,,,0,0
214151727,Food for Thought: Essays and Ruminations,Alton Brown,"Brown, Alton",,"=""1668064219""","=""9781668064214""",0,Gallery Books,Hardcover,304,2025,2025,,2025/02/28,to-read,to-read (#1859),to-read,,,,0,0
214152231,"Elegy, Southwest",Madeleine Watts,"Watts, Madeleine",,"=""1668051621""","=""9781668051627""",0,Simon & Schuster,Hardcover,288,2025,2025,,2025/02/28,to-read,to-read (#1858),to-read,,,,0,0
27071490,Homegoing,Yaa Gyasi,"Gyasi, Yaa",,"=""""","=""""",2.0,Alfred A. Knopf,Hardcover,305,2016,2016,2025/02/27,2022/06/26,,,read,"Let's balance out all those 5 star reviews a little bit-- <i>Homegoing</i> is overrated for what it is.<br/><br/>That's not to say that there aren't some interesting narrative threads, but it feels like some get lost, some don't belong, and those that remain struggle to form themselves into a cohesive tapestry. <br/><br/>Unfortunately, this leads one to conclude that Gyasi was overambitious-- there is too much going on here, too many characters, too many years covered.  At it's core, <i>Homegoing</i> contains  wonderful themes and messages, but they are detracted from by an attempt to write the next great epic, in which the execution is lacking.<br/><br/>",,,1,0
218671839,"Strange Houses (Strange Houses, #1)",Uketsu,"Uketsu, Uketsu",Jim Rion,"=""006343315X""","=""9780063433151""",0,HarperVia,Paperback,203,2025,2021,,2025/02/26,to-read,to-read (#1857),to-read,,,,0,0
61334517,Dreamland,Rosa Rankin-Gee,"Rankin-Gee, Rosa",,"=""1471193845""","=""9781471193842""",0,Scribner UK,Paperback,467,2022,2021,,2025/02/26,to-read,to-read (#1856),to-read,,,,0,0
7992363,HHhH,Laurent Binet,"Binet, Laurent",,"=""2246760011""","=""9782246760016""",0,Grasset,Paperback,442,2010,2010,,2025/02/25,to-read,to-read (#1855),to-read,,,,0,0
216038747,Tom Lake,Ann Patchett,"Patchett, Ann",,"=""0063327538""","=""9780063327535""",0,Harper Perennial,Paperback,320,2025,2023,,2025/02/25,to-read,to-read (#1854),to-read,,,,0,0
215989058,Annie Bot,Sierra Greer,"Greer, Sierra",,"=""0063312700""","=""9780063312708""",0,Mariner Books,Paperback,240,2025,2024,,2025/02/24,to-read,to-read (#1853),to-read,,,,0,0
210191773,Katabasis,R.F. Kuang,"Kuang, R.F.",,"=""0063021471""","=""9780063021471""",0,Harper Voyager,Hardcover,541,2025,2025,,2025/02/21,to-read,to-read (#1852),to-read,,,,0,0
22401468,Yesterday,Haruki Murakami,"Murakami, Haruki",Philip Gabriel,"=""""","=""""",0,„The New Yorker“,ebook,52,2014,2014,,2025/02/20,to-read,to-read (#1851),to-read,,,,0,0
213395,The Last Leaf,O. Henry,"Henry, O.","Raymond Harris, Walter Pauk, Robert J. Pailthorpe","=""0890611955""","=""9780890611951""",0,Jamestown Pubns,Paperback,35,1979,1907,,2025/02/20,to-read,to-read (#1850),to-read,,,,0,0
17563539,The Egg,Andy Weir,"Weir, Andy",,"=""""","=""""",0,Andy Weir / Galactanet,ebook,3,2009,2009,,2025/02/20,to-read,to-read (#1849),to-read,,,,0,0
206172,The Pit and the Pendulum,Edgar Allan Poe,"Poe, Edgar Allan",,"=""0146000110""","=""9780146000119""",0,Penguin Books,Paperback,64,1995,1842,,2025/02/20,to-read,to-read (#1848),to-read,,,,0,0
677552,The Selfish Giant,Oscar Wilde,"Wilde, Oscar",S. Saelig Gallagher,"=""0399224483""","=""9780399224485""",0,Putnam Juvenile,Hardcover,32,1995,1888,,2025/02/20,to-read,to-read (#1847),to-read,,,,0,0
9357703,Signs and Symbols (Stories of Vladimir Nabokov),Vladimir Nabokov,"Nabokov, Vladimir",,"=""""","=""""",0,,Collection,16,,1948,,2025/02/20,to-read,to-read (#1846),to-read,,,,0,0
212012146,Night Watch,Jayne Anne Phillips,"Phillips, Jayne Anne",,"=""""","=""""",0,Vintage,Paperback,304,2025,2023,,2025/02/20,to-read,to-read (#1845),to-read,,,,0,0
55881796,Crossroads,Jonathan Franzen,"Franzen, Jonathan",,"=""0374181179""","=""9780374181178""",0,"Farrar, Straus and Giroux",Hardcover,592,2021,2021,,2025/02/19,to-read,to-read (#1844),to-read,,,,0,0
271074,Tree of Smoke,Denis Johnson,"Johnson, Denis",,"=""0374279128""","=""9780374279127""",2.0,"Farrar, Straus and Giroux",Hardcover,614,2007,2004,2025/02/19,2025/01/12,,,read,"<i>Tree of Smoke</i> is an ambitious, literary portrayal of the Vietnam war, but it is chaotic and hard to get into-- a novel that likely will reward readers that give it a second go.  Whether or not you can wrap your head around the complicated military antics and multiple storylines contained within <i>Tree of Smoke</i>, those who submit to the unpredictability of this gritty rollercoaster of a novel may still enjoy the ride as it twists and turns through many existentialist themes.",,,1,0
608287,Jesus’ Son,Denis Johnson,"Johnson, Denis",,"=""0060975776""","=""9780060975777""",0,Perennial,Mass Market Paperback,160,1993,1992,,2025/02/19,to-read,to-read (#1843),to-read,,,,0,0
101172,The Pugilist at Rest,Thom Jones,"Jones, Thom",,"=""0316473049""","=""9780316473040""",0,"Little, Brown Paperbacks",Paperback,240,1994,1993,,2025/02/19,to-read,to-read (#1842),to-read,,,,0,0
9903,Angels,Denis Johnson,"Johnson, Denis",,"=""0099440830""","=""9780099440833""",0,Vintage,Paperback,209,2003,1977,,2025/02/19,to-read,to-read (#1841),to-read,,,,0,0
24550317,"W.B. Yeats: A Vision, The Original 1925 Version",W.B. Yeats,"Yeats, W.B.",,"=""""","=""""",0,Lexicos Books,Kindle Edition,423,2014,1925,,2025/02/17,to-read,to-read (#1840),to-read,,,,0,0
45791,The Ballad of the Sad Café and Other Stories,Carson McCullers,"McCullers, Carson",,"=""0618565868""","=""9780618565863""",0,Mariner Books,Paperback,160,2005,1951,,2025/02/17,to-read,to-read (#1839),to-read,,,,0,0
50970206,The Stone Girl,Dirk Wittenborn,"Wittenborn, Dirk",,"=""1324005815""","=""9781324005810""",0,W. W. Norton  Company,Hardcover,480,2020,2020,,2025/02/17,to-read,to-read (#1838),to-read,,,,0,0
1140987,Shipwrecks,Akira Yoshimura,"Yoshimura, Akira",,"=""0156008351""","=""9780156008358""",0,Harcourt,Paperback,180,2000,1982,,2025/02/17,to-read,to-read (#1837),to-read,,,,0,0
196578294,"The Horla and Others: Guy de Maupassant's Best Weird Fiction and Ghost Stories: Tales of Mystery, Murder, Fantasy & Horror (Oldstyle Tales' Horror Authors)",Guy de Maupassant,"Maupassant, Guy de","M. Walter Dunne, Dora Knowlton Ranous, W. Bob Holland, M. Grant Kellermeyer","=""1500882542""","=""9781500882549""",0,CreateSpace Independent Publishing Platform,Paperback,159,2014,1886,,2025/02/17,to-read,to-read (#1836),to-read,,,,0,0
62586051,Dom Casmurro,Machado de Assis,"Assis, Machado de",,"=""1324090707""","=""9781324090700""",0,Liveright,Hardcover,288,2023,1899,,2025/02/17,to-read,to-read (#1835),to-read,,,,0,0
202655373,The Curators,Maggie Nye,"Nye, Maggie",,"=""0810147327""","=""9780810147324""",0,Curbstone Books 2,Paperback,296,2024,2024,,2025/02/16,to-read,to-read (#1834),to-read,,,,0,0
203579211,Eat the Ones You Love,Sarah Maria Griffin,"Griffin, Sarah Maria",,"=""1250910692""","=""9781250910691""",0,Tor Books,Hardcover,288,2025,2025,,2025/02/16,to-read,to-read (#1833),to-read,,,,0,0
211934921,Exit Zero,Marie-Helene Bertino,"Bertino, Marie-Helene",,"=""0374616477""","=""9780374616472""",0,FSG Originals,Paperback,208,2025,2025,,2025/02/16,to-read,to-read (#1832),to-read,,,,0,0
213570812,Blood on Her Tongue,Johanna van Veen,"Veen, Johanna van",,"=""1728281571""","=""9781728281575""",0,Poisoned Pen Press,Paperback,368,2025,2025,,2025/02/16,to-read,to-read (#1831),to-read,,,,0,0
212293975,Old Soul,Susan  Barker,"Barker, Susan",,"=""""","=""""",3.0,G.P. Putnam's Sons,Kindle Edition,348,2025,2025,2025/02/16,2025/01/25,,,read,"Instead of relying on shock factor horror tactics, <i>Old Soul</i> channels creepy, mysterious vibes, giving away just enough to keep you reading on the edge of your seat.<br/><br/>While the novel's narrative jumps can be a bit jarring, a persistent background darkness maintains the sense of dread and unease throughout.  Still, a reader my a find their investment and interest in the story may vary as the focus shifts between an extensive, revolving cast of supporting characters.<br/><br/>Barker's work here surpasses the average run-of-the-mill, horror-tinged thriller, but it's hard to shake the sense that <i>Old Soul</i> lacks, although hard to pin down, some dimension of depth.<br/><br/><br/>",,,1,0
217313011,"The Tainted Cup (Shadow of the Leviathan, #1)",Robert Jackson Bennett,"Bennett, Robert Jackson",,"=""1984820710""","=""9781984820716""",0,Random House Worlds,Paperback,410,2024,2024,,2025/02/15,to-read,to-read (#1830),to-read,,,,0,0
214152146,Clear,Carys Davies,"Davies, Carys",,"=""1668030675""","=""9781668030677""",0,Scribner,Paperback,224,2025,2024,,2025/02/13,to-read,to-read (#1829),to-read,,,,0,0
214988436,Passing Through a Prairie Country,Dennis E. Staples,"Staples, Dennis E.",,"=""1640096876""","=""9781640096875""",0,Counterpoint,Hardcover,272,2025,2025,,2025/02/11,to-read,to-read (#1828),to-read,,,,0,0
214504702,A Wizard of Earthsea: A Graphic Novel (The Books of Earthsea),Fred Fordham,"Fordham, Fred",Ursula K. Le Guin,"=""0063285762""","=""9780063285767""",0,Clarion Books,Hardcover,288,2025,2025,,2025/02/10,to-read,to-read (#1827),to-read,,,,0,0
214151722,Spirited Away Film Comic: All-in-One Edition,Hayao Miyazaki,"Miyazaki, Hayao",,"=""1974751554""","=""9781974751556""",0,VIZ Media LLC,Hardcover,856,2025,2025,,2025/02/10,to-read,to-read (#1826),to-read,,,,0,0
12749,"Swann’s Way (In Search of Lost Time, #1)",Marcel Proust,"Proust, Marcel",Lydia Davis,"=""0142437964""","=""9780142437964""",0,Penguin Classics,Paperback,468,2004,1913,,2025/02/09,to-read,to-read (#1825),to-read,,,,0,0
8388793,The Book of Disquiet,Fernando Pessoa,"Pessoa, Fernando",Richard Zenith,"=""""","=""""",2.0,Penguin,Kindle Edition,510,2002,1982,2025/02/09,2023/01/10,,,read,"A tough book to read makes a tough book to review.  Pessoa’s “The Book Of Disquiet” is repetitive and self indulgent, but should we expect much different from what is basically a collection of diary-like entries that explore the psyche of the writer from every possible angle? Even if we don’t hold The B. Of D. to the standard of novels (because it isn’t one) it’s still a bit disappointing because there are moments of genius that ignite with a glorious blaze, only to be snuffed out seconds later by the tiresome ramblings that rehash territory that was already covered. No doubt, Pessoa’s dedication to working on The B. of D. over the course of decades is impressive, but it’s also unfortunate because any work that goes on that long is bound to have continuity issues, plus a need for a God-like editor.  Unsurprisingly, The Book reads essentially like an authentically unedited journal, one by a writer that showed little-to-no restraint because he was still in the drafting stage. That just means that The B. of D. falls very short of reaching its full potential, and it’s too bad Pessoa wasn’t able to complete this work, because I suspect he would be just as unhappy with its current state as I am. ",,,1,0
215003811,Downward to the Earth,Robert Silverberg,"Silverberg, Robert",,"=""""","=""9798212877800""",0,"Blackstone Publishing, Inc.",Paperback,240,2025,1969,,2025/02/06,to-read,to-read (#1824),to-read,,,,0,0
102564,The Mysterious Stranger,Mark Twain,"Twain, Mark",,"=""1573920398""","=""9781573920391""",0,G38-Prometheus,Paperback,122,1995,1916,,2025/02/05,to-read,to-read (#1823),to-read,,,,0,0
54103321,A Parchment of Leaves,Silas House,"House, Silas",,"=""1949467252""","=""9781949467253""",0,Blair,Paperback,306,2020,2002,,2025/02/04,to-read,to-read (#1822),to-read,,,,0,0
10813,One Man's Meat,E.B. White,"White, E.B.",Roger Angell,"=""0884481921""","=""9780884481928""",0,Tilbury House,Paperback,279,2023,1942,,2025/02/04,to-read,to-read (#1821),to-read,,,,0,0
61982591,Explosion in a Cathedral,Alejo Carpentier,"Carpentier, Alejo","Alejandro Zambra, Adrian Nathan West","=""0143133888""","=""9780143133889""",0,Penguin Classics,Paperback,336,2023,1962,,2025/02/04,to-read,to-read (#1820),to-read,,,,0,0
2675914,The Underdogs,Mariano Azuela,"Azuela, Mariano",Sergio Waisman,"=""0143105272""","=""9780143105275""",0,Penguin Classics,Paperback,176,2008,1915,,2025/02/04,to-read,to-read (#1819),to-read,,,,0,0
51783,The Conquest of Happiness,Bertrand Russell,"Russell, Bertrand",,"=""0415378478""","=""9780415378475""",0,Routledge,Paperback,183,1976,1930,,2025/02/04,to-read,to-read (#1818),to-read,,,,0,0
6551,Herzog,Saul Bellow,"Bellow, Saul",Philip Roth,"=""0142437298""","=""9780142437292""",0,Penguin Classics,Paperback,371,2003,1964,,2025/02/04,to-read,to-read (#1817),to-read,,,,0,0
126583,Appointment in Samarra,John O'Hara,"O'Hara, John",,"=""0375719202""","=""9780375719202""",0,Vintage,Paperback,251,2003,1934,,2025/02/04,to-read,to-read (#1816),to-read,,,,0,0
11376,Main Street,Sinclair Lewis,"Lewis, Sinclair",,"=""0375753141""","=""9780375753145""",0,Modern Library,Paperback,454,1999,1920,,2025/02/04,to-read,to-read (#1815),to-read,,,,0,0
313419,"Blade of the Immortal, Volume 1: Blood of a Thousand",Hiroaki Samura,"Samura, Hiroaki",,"=""1569712395""","=""9781569712399""",0,Dark Horse,Paperback,191,2010,1994,,2025/02/04,to-read,to-read (#1814),to-read,,,,0,0
1925547,Treatise on the Sensations,Étienne Bonnot de Condillac,"Condillac, Étienne Bonnot de",,"=""1903083109""","=""9781903083109""",0,Clinamen Pr Ltd,Paperback,250,2002,1754,,2025/02/03,to-read,to-read (#1813),to-read,,,,0,0
930894,Essay on the Origin of Human Knowledge,Étienne Bonnot de Condillac,"Condillac, Étienne Bonnot de",Hans Aarsleff,"=""0521585767""","=""9780521585767""",0,Cambridge University Press,Paperback,280,2001,1746,,2025/02/03,to-read,to-read (#1812),to-read,,,,0,0
214152054,Cahokia Jazz,Francis Spufford,"Spufford, Francis",,"=""1668025469""","=""9781668025468""",0,Scribner,Paperback,464,2025,2023,,2025/02/03,to-read,to-read (#1811),to-read,,,,0,0
75584918,Cahokia Jazz,Francis Spufford,"Spufford, Francis",,"=""0571336876""","=""9780571336876""",0,Faber & Faber,Hardcover,496,2023,2023,,2025/02/03,to-read,to-read (#1810),to-read,,,,0,0
9842945,The Suicide's Grave: Being the Private Memoirs and Confessions of a Justified Sinner,James Hogg,"Hogg, James",Andrew  Lang,"=""1167212509""","=""9781167212505""",0,Kessinger Publishing,Paperback,272,2010,1824,,2025/02/02,to-read,to-read (#1809),to-read,,,,0,0
548025,Bigot Hall: A Gothic Childhood,Steve Aylett,"Aylett, Steve",,"=""1897959206""","=""9781897959206""",0,Serif,Hardcover,153,2002,1995,,2025/02/02,to-read,to-read (#1808),to-read,,,,0,0
57455226,"The Nothing That Is (Mr. Dinosaur, #1)",Kyle  Winkler,"Winkler, Kyle",,"=""""","=""9798722044952""",0,Independently published,Paperback,184,2021,2021,,2025/02/02,to-read,to-read (#1807),to-read,,,,0,0
22613,Simulacra and Simulation,Jean Baudrillard,"Baudrillard, Jean",Sheila Faria Glaser,"=""0472065211""","=""9780472065219""",0,University of Michigan Press,Paperback,164,1994,1981,,2025/02/02,to-read,to-read (#1806),to-read,,,,0,0
213263148,Bury Our Bones in the Midnight Soil,V.E. Schwab,"Schwab, V.E.",,"=""1250320526""","=""9781250320520""",0,Tor Books,Hardcover,535,2025,2025,,2025/02/01,to-read,to-read (#1805),to-read,,,,0,0
1712403,Message (English and Portuguese Edition),Fernando Pessoa,"Pessoa, Fernando",,"=""190570027X""","=""9781905700271""",0,Shearsman Books,Paperback,112,2007,1934,,2025/01/30,to-read,to-read (#1804),to-read,,,,0,0
12991188,Train Dreams,Denis Johnson,"Johnson, Denis",,"=""1250007658""","=""9781250007650""",4.0,Picador Paper,Paperback,116,2012,2002,2025/01/29,2022/01/14,,,read,,,,1,0
195703882,The Eyes Are the Best Part,Monika Kim,"Kim, Monika",,"=""1645661237""","=""9781645661238""",4.0,Erewhon Books,Hardcover,278,2024,2024,2025/01/28,2024/01/17,,,read,"3.5– disturbing and entertaining, despite a few small plot holes",,,1,0
195607710,Woodworm,Layla Martínez,"Martínez, Layla","Sophie Hughes, Annie McDermott","=""""","=""""",0,Vintage Digital,Kindle Edition,124,2024,2021,,2025/01/26,to-read,to-read (#1803),to-read,,,,0,0
6684974,About a Mountain,John D'Agata,"D'Agata, John",,"=""0393068188""","=""9780393068184""",0,W. W. Norton & Company,Hardcover,240,2010,2010,,2025/01/26,to-read,to-read (#1802),to-read,,,,0,0
38787,Pedro Páramo,Juan Rulfo,"Rulfo, Juan","Susan Sontag, Margaret Sayers Peden","=""0802133908""","=""9780802133908""",4.0,Grove Press,Paperback,128,1994,1955,2025/01/08,2022/10/03,read-again,read-again (#1),read,,,,1,0
26187137,Pandora's Box,Osamu Dazai,"Dazai, Osamu",Shelley Marshall,"=""""","=""""",0,Smashwords,Kindle Edition,126,2015,1944,,2025/01/25,to-read,to-read (#1801),to-read,,,,0,0
220160939,Feeders,Matt Serafini,"Serafini, Matt",,"=""1668060973""","=""9781668060971""",0,Gallery Books,Paperback,406,2025,2025,,2025/01/25,to-read,to-read (#1800),to-read,,,,0,0
214152047,Polybius,Collin Armstrong,"Armstrong, Collin",,"=""1668044978""","=""9781668044971""",0,Gallery Books,Hardcover,352,2025,2025,,2025/01/25,to-read,to-read (#1799),to-read,,,,0,0
214195225,Polybius,Collin Armstrong,"Armstrong, Collin",,"=""1668044994""","=""9781668044995""",0,Gallery Books,Kindle Edition,352,2025,2025,,2025/01/25,to-read,to-read (#1798),to-read,,,,0,0
214986083,Passing Through a Prairie Country,Dennis E. Staples,"Staples, Dennis E.",,"=""1640096884""","=""9781640096882""",0,Counterpoint,Kindle Edition,272,2025,2025,,2025/01/25,to-read,to-read (#1797),to-read,,,,0,0
123846397,H.P. Lovecraft's The Shadow Over Innsmouth,Gou Tanabe,"Tanabe, Gou","H.P. Lovecraft, Zack Davisson, Steve Dutro","=""1506736033""","=""9781506736044""",0,Dark Horse Manga,Kindle Edition,450,2023,2022,,2025/01/25,to-read,to-read (#1796),to-read,,,,0,0
176442681,Rare Flavours,Ram V,"V, Ram","Filipe Andrade, Inês Amaro, AndWorld Design","=""1608861538""","=""9781608861538""",0,BOOM! Studios,Paperback,160,2024,2024,,2025/01/25,to-read,to-read (#1795),to-read,,,,0,0
207003533,Dante's Inferno: A Graphic Novel Adaptation,Paul Brizzi,"Brizzi, Paul","Gaëtan Brizzi, Dante Alighieri","=""1419776754""","=""9781419776755""",5.0,Harry N. Abrams,Hardcover,160,2024,2023,2025/01/25,2025/01/25,,,read,,,,1,0
39090430,"Vita Nostra (Vita Nostra, #1)",Marina Dyachenko,"Dyachenko, Marina","Sergey Dyachenko, Julia Meitov Hersey","=""""","=""""",0,Harper Voyager,Kindle Edition,417,2018,2007,,2025/01/25,to-read,to-read (#1794),to-read,,,,0,0
213618143,"A Drop of Corruption (Ana and Din Mysteries, #2)",Robert Jackson Bennett,"Bennett, Robert Jackson",,"=""0593723821""","=""9780593723821""",0,Del Rey,Hardcover,461,2025,2025,,2025/01/25,to-read,to-read (#1793),to-read,,,,0,0
5826,Bel Canto,Ann Patchett,"Patchett, Ann",,"=""""","=""""",4.0,Harper Perennial,Paperback,318,2023,2001,2025/01/24,2024/07/14,,,read,,,,1,0
34473,In Praise of Shadows,Jun'ichirō Tanizaki,"Tanizaki, Jun'ichirō","Edward G. Seidensticker, Thomas J. Harper, Charles Moore","=""""","=""""",0,Leete's Island Books,Paperback,56,1977,1933,,2025/01/24,to-read,to-read (#1792),to-read,,,,0,0
876637,Kappa,Ryūnosuke Akutagawa,"Akutagawa, Ryūnosuke",Geoffrey Bownas,"=""080483251X""","=""9780804832519""",0,Tuttle,Paperback,144,2000,1927,,2025/01/24,to-read,to-read (#1791),to-read,,,,0,0
32927264,Ms Ice Sandwich,Mieko Kawakami,"Kawakami, Mieko",Louise Heal Kawai,"=""1782273301""","=""9781782273301""",0,Pushkin Press,Paperback,92,2017,2013,,2025/01/24,to-read,to-read (#1790),to-read,,,,0,0
12483882,Schoolgirl,Osamu Dazai,"Dazai, Osamu",Allison Markin Powell,"=""1935548085""","=""9781935548089""",3.0,One Peace Books,Paperback,103,2011,1939,2025/01/24,2023/08/07,,,read,,,,1,0
220517405,There Are Reasons for This,Nini Berndt,"Berndt, Nini",,"=""1963108264""","=""9781963108262""",0,Tin House,Paperback,224,2025,2025,,2025/01/24,to-read,to-read (#1789),to-read,,,,0,0
77566,"Hyperion (Hyperion Cantos, #1)",Dan Simmons,"Simmons, Dan",,"=""0553283685""","=""9780553283686""",3.0,Bantam Doubleday Dell Publishing Group,Mass Market Paperback,500,1990,1989,2025/01/24,2020/07/16,,,read,Hyperion starts strong with fascinating world building and character development but loses steam in the last couple of sections of the novel.  The overarching narrative that ties together the various stories falls a bit flat at the end. Simmons still scores major points for solid prose overall and for Martin Silenus being one of the most hilariously memorable characters of all time.,,,1,0
239065,"The Descent (Descent, #1)",Jeff Long,"Long, Jeff",,"=""051513175X""","=""9780515131758""",0,Berkley,Mass Market Paperback,572,2001,1999,,2025/01/23,to-read,to-read (#1788),to-read,,,,0,0
301053,The Elementals,Michael McDowell,"McDowell, Michael",,"=""0380783606""","=""9780380783601""",0,Avon,Paperback,292,1981,1981,,2025/01/23,to-read,to-read (#1787),to-read,,,,0,0
5919825,To Autumn,John Keats,"Keats, John",,"=""0946497028""","=""9780946497027""",0,Beetham,Paperback,5,1985,1820,,2025/01/22,to-read,to-read (#1786),to-read,,,,0,0
320305,Endymion: A Poetic Romance,John Keats,"Keats, John",,"=""1419117793""","=""9781419117794""",0,Kessinger Publishing,Paperback,104,2004,1818,,2025/01/22,to-read,to-read (#1785),to-read,,,,0,0
8703751,Lamia,John Keats,"Keats, John",,"=""""","=""""",0,,Kindle Edition,,,1820,,2025/01/22,to-read,to-read (#1784),to-read,,,,0,0
138134,The Complete Poems,John Keats,"Keats, John",,"=""0679601082""","=""9780679601081""",0,Modern Library,Hardcover,416,1994,1820,,2025/01/22,to-read,to-read (#1783),to-read,,,,0,0
158875813,Prophet Song,Paul    Lynch,"Lynch, Paul",,"=""""","=""""",4.0,Oneworld Publications,ebook,259,2023,2023,2025/01/21,2023/11/27,,,read,"3.5. A bleak, barren landscape of a book that you trudge though hoping to eventually see the sun peak over the horizon. Plenty of impressive writing to notice along the difficult journey, and it almost makes it worth it, but had I known how heavy this was going to be I might not have picked it up. ",,,1,0
223422252,Homeseeking,Karissa Chen,"Chen, Karissa",,"=""0593712994""","=""9780593712993""",0,G.P. Putnam's Sons,Hardcover,512,2025,2025,,2025/01/20,to-read,to-read (#1782),to-read,,,,0,0
211004190,When the Moon Hits Your Eye,John Scalzi,"Scalzi, John",,"=""0765389096""","=""9780765389091""",0,Tor Books,Hardcover,326,2025,2025,,2025/01/20,to-read,to-read (#1781),to-read,,,,0,0
59503,The Lost Steps,Alejo Carpentier,"Carpentier, Alejo",Harriet de Onís,"=""0816638071""","=""9780816638079""",0,Univ Of Minnesota Press,Paperback,296,2001,1953,,2025/01/19,to-read,to-read (#1780),to-read,,,,0,0
59725231,Enter Ghost,Isabella Hammad,"Hammad, Isabella",,"=""080216238X""","=""9780802162380""",0,Grove Atlantic,Hardcover,336,2023,2023,,2025/01/19,to-read,to-read (#1779),to-read,,,,0,0
25561888,"The Decagon House Murders (House Murders, #1)",Yukito Ayatsuji,"Ayatsuji, Yukito","Ho-Ling Wong, Sōji Shimada","=""1508503737""","=""9781508503736""",0,Locked Room International,Paperback,228,2015,1987,,2025/01/18,to-read,to-read (#1778),to-read,,,,0,0
28915986,The Emotional Craft of Fiction: How to Write the Story Beneath the Surface,Donald Maass,"Maass, Donald",,"=""1440348375""","=""9781440348372""",0,Writer's Digest Books,Paperback,224,2016,2016,,2025/01/18,to-read,to-read (#1777),to-read,,,,0,0
219334833,My Friends,Hisham Matar,"Matar, Hisham",,"=""0812985095""","=""9780812985092""",0,Random House Trade Paperbacks,Paperback,416,2025,2024,,2025/01/16,to-read,to-read (#1776),to-read,,,,0,0
51506,Wittgenstein’s Mistress,David Markson,"Markson, David",David Foster Wallace,"=""1564782115""","=""9781564782113""",0,Dalkey Archive Press,Paperback,279,2012,1988,,2025/01/14,to-read,to-read (#1775),to-read,,,,0,0
213562784,Yellowface,R.F. Kuang,"Kuang, R.F.",,"=""0063250853""","=""9780063250857""",0,William Morrow Paperbacks,Paperback,322,2025,2023,,2025/01/14,to-read,to-read (#1774),to-read,,,,0,0
212755924,Sapiens: A Brief History of Humankind,Yuval Noah Harari,"Harari, Yuval Noah",,"=""006342200X""","=""9780063422001""",0,Harper Perennial,Paperback,464,2025,2011,,2025/01/14,to-read,to-read (#1773),to-read,,,,0,0
51045613,Deacon King Kong,James   McBride,"McBride, James",,"=""073521672X""","=""9780735216723""",0,Riverhead Books,Hardcover,370,2020,2020,,2025/01/13,to-read,to-read (#1772),to-read,,,,0,0
65678550,The Heaven & Earth Grocery Store,James   McBride,"McBride, James",,"=""0593422945""","=""9780593422946""",0,Riverhead Books,Hardcover,400,2023,2023,,2025/01/13,to-read,to-read (#1771),to-read,,,,0,0
219300660,Vanishing World,Sayaka Murata,"Murata, Sayaka",Ginny Tapley Takemori,"=""0802164668""","=""9780802164667""",0,Grove Press,Hardcover,240,2025,2015,,2025/01/13,to-read,to-read (#1770),to-read,,,,0,0
211004124,Gifted & Talented,Olivie Blake,"Blake, Olivie",,"=""1250883407""","=""9781250883407""",0,Tor Books,Hardcover,512,2025,2025,,2025/01/13,to-read,to-read (#1769),to-read,,,,0,0
213344068,Fourteen Days,Margaret Atwood,"Atwood, Margaret",Douglas Preston,"=""0063280183""","=""9780063280182""",0,Harper Perennial,Paperback,384,2025,2024,,2025/01/13,to-read,to-read (#1768),to-read,,,,0,0
180357146,The Covenant of Water,Abraham   Verghese,"Verghese, Abraham",,"=""0802162177""","=""9780802162175""",0,Grove Press,Paperback,715,2025,2023,,2025/01/12,to-read,to-read (#1767),to-read,,,,0,0
394469,Suttree,Cormac McCarthy,"McCarthy, Cormac",,"=""0679736328""","=""9780679736325""",0,Vintage International,Paperback,471,1992,1979,,2025/01/12,to-read,to-read (#1766),to-read,,,,0,0
445305,The House of Paper,Carlos María Domínguez,"Domínguez, Carlos María","Nick Caistor, Peter Sís","=""0151011478""","=""9780151011476""",0,Houghton Mifflin Harcourt,Hardcover,112,2005,2002,,2025/01/12,to-read,to-read (#1765),to-read,,,,0,0
176443640,After World,Debbie Urbanski,"Urbanski, Debbie",,"=""1668023458""","=""9781668023457""",0,Simon & Schuster,Hardcover,368,2023,2023,,2025/01/12,to-read,to-read (#1764),to-read,,,,0,0
215073599,I Want to Go Home But I’m Already There,Róisín Lanigan,"Lanigan, Róisín",,"=""0241668557""","=""9780241668559""",0,Penguin,Kindle Edition,288,2025,2025,,2025/01/12,to-read,to-read (#1763),to-read,,,,0,0
219520778,Dream Count,Chimamanda Ngozi Adichie,"Adichie, Chimamanda Ngozi",,"=""0593802721""","=""9780593802724""",0,Knopf,Hardcover,416,2025,2025,,2025/01/12,to-read,to-read (#1762),to-read,,,,0,0
28413,The Ladies' Paradise,Émile Zola,"Zola, Émile","Robin Buss, M. Vingeroets-Longerstaey, Brian     Nelson","=""0192836021""","=""9780192836021""",0,Oxford University Press,Paperback,438,2008,1883,,2025/01/12,to-read,to-read (#1761),to-read,,,,0,0
264587,The Beautyful Ones Are Not Yet Born,Ayi Kwei Armah,"Armah, Ayi Kwei",,"=""0435905406""","=""9780435905408""",0,Heinemann,Paperback,183,1989,1968,,2025/01/12,to-read,to-read (#1760),to-read,,,,0,0
221081944,You Dreamed of Empires,Álvaro Enrigue,"Enrigue, Álvaro",Natasha Wimmer,"=""0593544803""","=""9780593544808""",0,Riverhead Books,Paperback,240,2024,2022,,2025/01/12,to-read,to-read (#1759),to-read,,,,0,0
20410192,"Annihilation (Southern Reach, #1)",Jeff Vandermeer,"Vandermeer, Jeff",,"=""""","=""""",4.0,FSG Originals,Kindle Edition,210,2014,2014,2025/01/11,2021/10/31,,,read,,,,1,0
2514766,Los recuerdos del porvenir,Elena Garro,"Garro, Elena",,"=""9682705673""","=""9789682705670""",0,Planeta Publishing,Paperback,292,2007,1963,,2025/01/08,to-read,to-read (#1758),to-read,,,,0,0
53447,El túnel,Ernesto Sabato,"Sabato, Ernesto",Nino Pipia,"=""9871144261""","=""9789871144266""",0,Booket,Paperback,158,2003,1948,,2025/01/08,to-read,to-read (#1757),to-read,,,,0,0
2075382,El llano en llamas,Juan Rulfo,"Rulfo, Juan",,"=""9500718030""","=""9789500718035""",0,Sudamericana,Paperback,210,2000,1953,,2025/01/08,to-read,to-read (#1756),to-read,,,,0,0
53969,The Feast of the Goat,Mario Vargas Llosa,"Llosa, Mario Vargas",Edith Grossman,"=""0571207766""","=""9780571207763""",0,Faber and Faber,Paperback,475,2003,2000,,2025/01/08,to-read,to-read (#1755),to-read,,,,0,0
210943364,The Message,Ta-Nehisi Coates,"Coates, Ta-Nehisi",,"=""0593230388""","=""9780593230381""",0,One World,Hardcover,232,2024,2024,,2025/01/07,to-read,to-read (#1754),to-read,,,,0,0
156188,Omensetter's Luck,William H. Gass,"Gass, William H.",,"=""0141180102""","=""9780141180106""",0,Penguin Classics,Paperback,315,1997,1966,,2024/06/10,currently-reading,currently-reading (#2),currently-reading,,,,1,0
20763843,Braiding Sweetgrass,Robin Wall Kimmerer,"Kimmerer, Robin Wall",,"=""1571313567""","=""9781571313560""",4.0,Milkweed Editions,Paperback,386,2015,2013,2025/01/07,2024/08/18,,,read,,,,1,0
10374,Hard-Boiled Wonderland and the End of the World,Haruki Murakami,"Murakami, Haruki",Alfred Birnbaum,"=""""","=""""",3.0,Vintage,Paperback,400,2003,1985,2025/01/07,2021/10/12,,,read,,,,1,0
207298440,"All Better Now (Crown Royale, #1)",Neal Shusterman,"Shusterman, Neal",,"=""1534432752""","=""9781534432758""",0,Simon & Schuster Books for Young Readers,Hardcover,528,2025,2025,,2025/01/06,to-read,to-read (#1753),to-read,,,,0,0
217223362,Anima Rising,Christopher Moore,"Moore, Christopher",,"=""0062434152""","=""9780062434159""",0,William Morrow,Hardcover,400,2025,2025,,2025/01/06,to-read,to-read (#1752),to-read,,,,0,0
34381330,In the Distance,Hernan Diaz,"Diaz, Hernan",,"=""1566894883""","=""9781566894883""",0,Coffee House Press,Paperback,256,2017,2017,,2025/01/05,to-read,to-read (#1751),to-read,,,,0,0
28215694,A Terrace in Rome,Pascal Quignard,"Quignard, Pascal","Douglas J. Penick, Charles Ré","=""1939663164""","=""9781939663160""",0,Wakefield Press,Paperback,117,2016,2000,,2025/01/01,to-read,to-read (#1750),to-read,,,,0,0
192793764,Cartoons,Kit Schluter,"Schluter, Kit",,"=""0872869288""","=""9780872869288""",0,City Lights Publishers,Paperback,176,2024,,,2025/01/01,to-read,to-read (#1749),to-read,,,,0,0
810050,The Cormorant,Stephen Gregory,"Gregory, Stephen",,"=""1565049187""","=""9781565049185""",0,White Wolf,Mass Market Paperback,199,1996,1987,,2025/01/01,to-read,to-read (#1748),to-read,,,,0,0
205351986,Annihilation: A Novel,Michel Houellebecq,"Houellebecq, Michel",Shaun Whiteside,"=""0374608431""","=""9780374608439""",0,"Farrar, Straus and Giroux",Kindle Edition,523,2024,2022,,2025/01/01,to-read,to-read (#1747),to-read,,,,0,0
195668137,Prairie Edge,Conor Kerr,"Kerr, Conor",,"=""0771003587""","=""9780771003585""",0,Strange Light,Kindle Edition,224,2024,2024,,2025/01/01,to-read,to-read (#1746),to-read,,,,0,0
208511280,Tablets: Secrets of the Clay,Dunya Mikhail,"Mikhail, Dunya",,"=""0811237974""","=""9780811237970""",0,New Directions,Paperback,144,2024,,,2025/01/01,to-read,to-read (#1745),to-read,,,,0,0
188541454,Fog & Car,Eugene Lim,"Lim, Eugene",Renee Gladman,"=""1566896932""","=""9781566896931""",0,Coffee House Press,Paperback,228,2024,2008,,2025/01/01,to-read,to-read (#1744),to-read,,,,0,0
210359893,Necrology,Meg  Ripley,"Ripley, Meg",,"=""1951971140""","=""9781951971144""",0,Creature Publishing,Paperback,322,2024,2024,,2025/01/01,to-read,to-read (#1743),to-read,,,,0,0
178632549,Birding,Rose Ruane,"Ruane, Rose",,"=""1472157982""","=""9781472157980""",0,Corsair,Kindle Edition,271,2024,2024,,2025/01/01,to-read,to-read (#1742),to-read,,,,0,0
127282462,The Tree Doctor,Marie Mutsuki Mockett,"Mockett, Marie Mutsuki",,"=""1644452774""","=""9781644452776""",0,Graywolf Press,Paperback,256,2024,2024,,2025/01/01,to-read,to-read (#1741),to-read,,,,0,0
192631581,The Novices of Lerna,Ángel Bonomini,"Bonomini, Ángel",Jordan Landsman,"=""1945492856""","=""9781945492853""",0,Transit Books,Paperback,159,2024,2024,,2025/01/01,to-read,to-read (#1740),to-read,,,,0,0
195660578,How It Works Out,Myriam Lacroix,"Lacroix, Myriam",,"=""1419773518""","=""9781419773518""",0,The Overlook Press,Hardcover,240,2024,2024,,2025/01/01,to-read,to-read (#1739),to-read,,,,0,0
195853541,In Universes,Emet North,"North, Emet",,"=""0063314878""","=""9780063314870""",0,Harper,Hardcover,240,2024,2024,,2025/01/01,to-read,to-read (#1738),to-read,,,,0,0
205363984,Taiwan Travelogue,Yáng Shuāng-zǐ,"Shuāng-zǐ, Yáng","楊双子, Lin King","=""1644453150""","=""9781644453155""",0,Graywolf Press,Paperback,298,2024,2020,,2025/01/01,to-read,to-read (#1737),to-read,,,,0,0
209498997,Point Line Plane,Kengo Kuma,"Kuma, Kengo",,"=""050002796X""","=""9780500027967""",0,Thames & Hudson,Hardcover,216,2024,,,2025/01/01,to-read,to-read (#1736),to-read,,,,0,0
207293958,Every Arc Bends Its Radian,Sergio de la Pava,"Pava, Sergio de la",,"=""1668056704""","=""9781668056707""",0,Simon & Schuster,Hardcover,265,2024,,,2025/01/01,to-read,to-read (#1735),to-read,,,,0,0
199532033,The Horse,Willy Vlautin,"Vlautin, Willy",,"=""0063346575""","=""9780063346574""",0,Harper,Hardcover,194,2024,,,2025/01/01,to-read,to-read (#1734),to-read,,,,0,0
40338442,The White Book,Han Kang,"Kang, Han",Deborah Smith,"=""0525573062""","=""9780525573067""",0,Hogarth,Hardcover,157,2019,2016,,2025/01/01,to-read,to-read (#1733),to-read,,,,0,0
61686012,Greek Lessons,Han Kang,"Kang, Han","Deborah     Smith, Emily Yae Won","=""0593595270""","=""9780593595275""",0,Hogarth,Hardcover,192,2023,2011,,2025/01/01,to-read,to-read (#1732),to-read,,,,0,0
220160649,The Satisfaction Café,Kathy Wang,"Wang, Kathy",,"=""1668068923""","=""9781668068922""",0,Scribner,Hardcover,352,2025,2025,,2025/01/01,to-read,to-read (#1731),to-read,,,,0,0
57569952,Cactus,Phillip   Hall,"Hall, Phillip",,"=""0648936767""","=""9780648936763""",0,Recent Work Press,Paperback,122,2021,,,2024/12/31,to-read,to-read (#1730),to-read,,,,0,0
38215937,Fume,Phillip Hall,"Hall, Phillip",,"=""1742589693""","=""9781742589695""",0,UWA Publishing,Paperback,104,2017,,,2024/12/31,to-read,to-read (#1729),to-read,,,,0,0
62590628,Open Letters To The Sky,Bren Booth-Jones,"Booth-Jones, Bren",,"=""1913499790""","=""9781913499792""",0,Hedgehog Poetry Press,Paperback,40,2022,,,2024/12/31,to-read,to-read (#1728),to-read,,,,0,0
212286315,Blue Remembered Star,Bren Booth-Jones,"Booth-Jones, Bren",,"=""1916830293""","=""9781916830295""",0,Hedgehog Poetry Press,Paperback,50,2024,,,2024/12/31,to-read,to-read (#1727),to-read,,,,0,0
51799,The Decameron,Giovanni Boccaccio,"Boccaccio, Giovanni",G.H. McWilliam,"=""0140449302""","=""9780140449303""",0,Penguin Books,Paperback,909,2003,1349,,2024/12/31,to-read,to-read (#1726),to-read,,,,0,0
199373354,The History of Sound,Ben Shattuck,"Shattuck, Ben",,"=""059349038X""","=""9780593490389""",0,Viking,Hardcover,320,2024,2024,,2024/12/30,to-read,to-read (#1724),to-read,,,,0,0
65215321,Blackouts,Justin Torres,"Torres, Justin",,"=""0374293570""","=""9780374293574""",3.0,"Farrar, Straus and Giroux",Hardcover,306,2023,2023,2024/12/29,2023/09/12,,,read,,,,1,0
52783845,"Enemy of All Mankind: A True Story of Piracy, Power, and History's First Global Manhunt",Steven Johnson,"Johnson, Steven",,"=""0735211604""","=""9780735211605""",0,Riverhead Books,Hardcover,286,2020,2020,,2024/12/29,to-read,to-read (#1723),to-read,,,,0,0
61783812,Foster Dade Explores the Cosmos,Nash Jenkins,"Jenkins, Nash",,"=""1419764764""","=""9781419764769""",0,Harry N. Abrams,Hardcover,544,2023,2023,,2024/12/29,to-read,to-read (#1722),to-read,,,,0,0
123136728,Orbital,Samantha Harvey,"Harvey, Samantha",,"=""0802161545""","=""9780802161543""",4.0,Atlantic Monthly Press,Hardcover,224,2023,2023,2024/12/28,2024/11/15,,,read,,,,1,0
6135237,South of Broad,Pat Conroy,"Conroy, Pat",,"=""038541305X""","=""9780385413053""",0,Nan A. Talese,Hardcover,514,2009,2009,,2024/12/27,to-read,to-read (#1721),to-read,,,,0,0
55145261,The Anthropocene Reviewed: Essays on a Human-Centered Planet,John  Green,"Green, John",,"=""0525555218""","=""9780525555216""",4.0,Dutton,Hardcover,304,2021,2021,2021/09/17,2021/09/02,,,read,,,,1,0
212806663,Bibliophobia,Sarah Chihaya,"Chihaya, Sarah",,"=""059359472X""","=""9780593594728""",0,Random House,Hardcover,240,2025,2025,,2024/12/26,to-read,to-read (#1720),to-read,,,,0,0
195391751,The Anthropologists,Aysegül Savas,"Savas, Aysegül",,"=""163973306X""","=""9781639733064""",0,Bloomsbury Publishing,Hardcover,183,2024,2024,,2024/12/26,to-read,to-read (#1719),to-read,,,,0,0
138382735,Cheap Therapist Says You're Insane,Parker Young,"Young, Parker",,"=""1892061953""","=""9781892061959""",0,Future Tense Books,Paperback,180,2023,2023,,2024/12/26,to-read,to-read (#1718),to-read,,,,0,0
122950827,Pure Cosmos Club,Matthew Binder,"Binder, Matthew",,"=""1736912828""","=""9781736912829""",0,Stalking Horse Press,Hardcover,252,2023,2023,,2024/12/26,to-read,to-read (#1717),to-read,,,,0,0
208107563,Parasocialite,Brittany Menjivar,"Menjivar, Brittany",,"=""""","=""9798218358501""",0,Dream Boy Book Club,Paperback,150,2024,,,2024/12/26,to-read,to-read (#1716),to-read,,,,0,0
205307210,Horse Girl Fever: Stories,Kevin Maloney,"Maloney, Kevin",,"=""1960988360""","=""9781960988362""",0,CLASH Books,Paperback,146,2025,2025,,2024/12/26,to-read,to-read (#1715),to-read,,,,0,0
11990,The Rebel: An Essay on Man in Revolt,Albert Camus,"Camus, Albert","Anthony Bower, Herbert Read","=""0679733841""","=""9780679733843""",0,Vintage Books,Paperback,318,1991,1951,,2023/05/22,to-read,to-read (#1714),to-read,,,,1,0
212510254,"Falling Down (The Boy in the Iron Box, #1)",Guillermo del Toro,"Toro, Guillermo del","Chuck Hogan, Fabrizio De Tommaso, Guy Davis","=""1542023688""","=""9781542023689""",0,Amazon Original Stories,Kindle Edition,29,2024,2024,,2024/06/08,to-read,to-read (#1713),to-read,,,,1,0
218464066,The Wood at Midwinter,Susanna Clarke,"Clarke, Susanna",,"=""""","=""""",2.0,Bloomsbury Publishing,Kindle Edition,64,2024,2024,2024/12/24,2024/10/11,,,read,,,,1,0
211025496,Homeseeking,Karissa Chen,"Chen, Karissa",,"=""0593713001""","=""9780593713006""",0,G.P. Putnam's Sons,ebook,512,2025,2025,,2024/12/24,to-read,to-read (#1711),to-read,,,,0,0
16631,Steppenwolf,Hermann Hesse,"Hesse, Hermann",Basil Creighton,"=""0140282580""","=""9780140282580""",2.0,Penguin,Paperback,256,1999,1927,2024/12/22,2022/07/03,,,read,,,,1,0
50051,The Last Picture Show,Larry McMurtry,"McMurtry, Larry",,"=""0752837214""","=""9780752837215""",0,Orion Books,Mass Market Paperback,280,2000,1966,,2024/12/22,to-read,to-read (#1710),to-read,,,,0,0
22237161,The Sellout,Paul Beatty,"Beatty, Paul",,"=""0374260508""","=""9780374260507""",0,"Farrar, Straus and Giroux",Hardcover,289,2015,2015,,2024/12/21,to-read,to-read (#1709),to-read,,,,0,0
209192695,The City and Its Uncertain Walls,Haruki Murakami,"Murakami, Haruki",Philip Gabriel,"=""0593801970""","=""9780593801970""",4.0,Knopf,Hardcover,449,2024,2023,2024/12/20,2024/07/07,,,read,,,,1,0
61739751,The Art of Living a Meaningless Existence: Ideas from Philosophy That Change the Way You Think,Robert Pantano,"Pantano, Robert",,"=""""","=""""",0,,Kindle Edition,236,2022,2022,,2024/12/19,to-read,to-read (#1708),to-read,,,,0,0
205477252,The Philosophy of Redemption,Philipp Mainländer,"Mainländer, Philipp",Christian Romuss,"=""0645498076""","=""9780645498073""",0,Irukandji Media Pty Ltd,Paperback,312,2024,1876,,2024/12/19,to-read,to-read (#1707),to-read,,,,0,0
7572,Even Cowgirls Get the Blues,Tom Robbins,"Robbins, Tom",,"=""1842430246""","=""9781842430248""",0,NO EXIT PRESS,Paperback,366,2001,1976,,2024/12/18,to-read,to-read (#1706),to-read,,,,0,0
122762546,Mongrel,Hanako Footman,"Footman, Hanako",,"=""1804440434""","=""9781804440438""",0,Footnote,Hardcover,352,2024,2024,,2024/12/18,to-read,to-read (#1705),to-read,,,,0,0
141421,The Woman Destroyed,Simone de Beauvoir,"Beauvoir, Simone de",Patrick O'Brian,"=""""","=""""",0,Pantheon Books,Paperback,254,2013,1967,,2024/12/17,to-read,to-read (#1704),to-read,,,,0,0
31395589,Notes of a Crocodile,Qiu Miaojin,"Miaojin, Qiu",Bonnie Huie,"=""168137076X""","=""9781681370767""",0,NYRB Classics,Paperback,242,2017,1994,,2024/12/17,to-read,to-read (#1703),to-read,,,,0,0
17288631,Giovanni’s Room,James Baldwin,"Baldwin, James",,"=""0345806565""","=""9780345806567""",4.0,Vintage,Paperback,169,2013,1956,2024/12/17,2022/07/06,,,read,,,,1,0
195790867,Moonbound,Robin Sloan,"Sloan, Robin",,"=""0374610606""","=""9780374610609""",0,MCD,Hardcover,415,2024,2024,,2024/12/17,to-read,to-read (#1702),to-read,,,,0,0
35456277,The End of Loneliness,Benedict Wells,"Wells, Benedict",Charlotte Collins,"=""""","=""""",0,Sceptre,Kindle Edition,274,2018,2016,,2024/12/17,to-read,to-read (#1701),to-read,,,,0,0
219158874,Mark Twain,Ron Chernow,"Chernow, Ron",,"=""0525561722""","=""9780525561729""",0,Penguin Press,Hardcover,1200,2025,2025,,2024/12/17,to-read,to-read (#1700),to-read,,,,0,0
215362027,Dissolution,Nicholas Binge,"Binge, Nicholas",,"=""0593852168""","=""9780593852163""",0,Riverhead Books,Hardcover,384,2025,2025,,2024/12/17,to-read,to-read (#1699),to-read,,,,0,0
211003759,All the Water in the World,Eiren Caffall,"Caffall, Eiren",,"=""1250353521""","=""9781250353528""",0,St. Martin's Press,Hardcover,295,2025,2025,,2024/12/17,to-read,to-read (#1698),to-read,,,,0,0
212276037,"The Devils (The Devils, #1)",Joe Abercrombie,"Abercrombie, Joe",John Anthony di Giovanni,"=""""","=""""",0,The Broken Binding,Hardcover,565,2025,2025,,2024/12/17,to-read,to-read (#1697),to-read,,,,0,0
217245582,The Original Daughter,Jemimah Wei,"Wei, Jemimah",,"=""0385551010""","=""9780385551014""",0,Doubleday,Hardcover,368,2025,2025,,2024/12/17,to-read,to-read (#1696),to-read,,,,0,0
214152211,The Bright Years,Sarah Damoff,"Damoff, Sarah",,"=""1668061449""","=""9781668061442""",0,Simon & Schuster,Hardcover,288,2025,2025,,2024/12/17,to-read,to-read (#1695),to-read,,,,0,0
211025407,Homeseeking,Karissa Chen,"Chen, Karissa",,"=""""","=""""",0,G.P. Putnam's Sons,Hardcover,512,2025,2025,,2024/12/17,to-read,to-read (#1694),to-read,,,,0,0
216971219,The Staircase in the Woods,Chuck Wendig,"Wendig, Chuck",,"=""0593156560""","=""9780593156568""",0,Del Rey,Hardcover,388,2025,2025,,2024/12/17,to-read,to-read (#1693),to-read,,,,0,0
335940,Before the Dawn,Tōson Shimazaki,"Shimazaki, Tōson",,"=""082481164X""","=""9780824811648""",0,University of Hawaii Press,Paperback,816,1988,1929,,2024/12/16,to-read,to-read (#1692),to-read,,,,0,0
851047,THE TOKYO-MONTANA EXPRESS,Richard Brautigan,"Brautigan, Richard",,"=""0440087708""","=""9780440087700""",0,Delacorte Press,Hardcover,258,1980,1980,,2024/12/14,to-read,to-read (#1691),to-read,,,,0,0
9997,The Ruined Map,Kōbō Abe,"Abe, Kōbō",E. Dale Saunders,"=""0375726527""","=""9780375726521""",0,Vintage,Paperback,304,2001,1967,,2024/12/14,to-read,to-read (#1690),to-read,,,,0,0
77589,River of Earth,James Still,"Still, James",,"=""0813113725""","=""9780813113722""",0,University Press of Kentucky,Paperback,256,1978,1940,,2024/12/14,to-read,to-read (#1689),to-read,,,,0,0
10552338,Reamde,Neal Stephenson,"Stephenson, Neal",,"=""0061977969""","=""9780061977961""",0,William Morrow,Hardcover,1044,2011,2011,,2024/12/14,to-read,to-read (#1688),to-read,,,,0,0
195790771,The Bee Sting,Paul Murray,"Murray, Paul",,"=""1250338255""","=""9781250338259""",5.0,Picador,Paperback,656,2024,2023,2024/12/14,2024/07/25,,,read,"4.5.  The Bee Sting is a rich, layered, and unapologetic portrait of reality. The way Murray has deftly fleshed out a handful of characters and weaved a plot of remarkable complexity is nothing short of impressive.",,,1,0
205478762,Playground,Richard Powers,"Powers, Richard",,"=""1324086033""","=""9781324086031""",3.0,W. W. Norton & Company,Hardcover,381,2024,2024,2024/12/14,2024/07/14,,,read,"3.25. The two narratives that make up  Playground are quite distinct, and it’s really a roll of the dice for which one the reader will connect with more. While there is plenty to admire about the risk of entangling these two contrasting storylines, in the case that one doesn’t resonate, Power’s story relies on the grace and hope of the reader that things will eventually “click” in a way that makes it worth it.  Unfortunately, for this reader, and I suspect for many others, the eventual merging of the stories is less like fireworks and more like a misfire.  If the reader connects with both sides of the Playground coin, great, but if not, they will likely feel cheated, especially if one half of the novel boils down the passionate, carried away ramblings of an author and his failed attempt to insert them in a way that makes sense.",,,1,0
19494,"The Spy Who Came In from the Cold (George Smiley, #3)",John le Carré,"Carré, John le",,"=""""","=""9780743442534""",0,Scribner,Paperback,212,2001,1963,,2024/12/12,to-read,to-read (#1687),to-read,,,,0,0
388317,The Pornographer,John McGahern,"McGahern, John",,"=""014027796X""","=""9780140277968""",0,Penguin Books,Paperback,256,2006,1979,,2024/12/10,to-read,to-read (#1686),to-read,,,,0,0
214151232,Luminous,Silvia Park,"Park, Silvia",,"=""1668021668""","=""9781668021668""",0,Simon & Schuster,Hardcover,391,2025,2025,,2024/12/09,to-read,to-read (#1685),to-read,,,,0,0
48635419,Neverworld Wake,Marisha Pessl,"Pessl, Marisha",,"=""""","=""""",0,Delacorte Press,Paperback,336,2020,2018,,2024/12/09,to-read,to-read (#1684),to-read,,,,0,0
44153,Dirty Snow,Georges Simenon,"Simenon, Georges","Marc Romano, William T. Vollmann","=""1590170431""","=""9781590170434""",0,NYRB Classics,Paperback,244,2003,1948,,2024/12/07,to-read,to-read (#1683),to-read,,,,0,0
43465812,The Book of X,Sarah Rose Etter,"Etter, Sarah Rose",,"=""1937512819""","=""9781937512811""",0,Two Dollar Radio,Paperback,284,2019,2019,,2024/12/07,to-read,to-read (#1682),to-read,,,,0,0
215003824,A Farewell to Arms,Ernest Hemingway,"Hemingway, Ernest",,"=""""","=""9798212633659""",0,"Blackstone Publishing, Inc.",Hardcover,320,2025,1929,,2024/12/05,to-read,to-read (#1681),to-read,,,,0,0
215003814,The Sound and the Fury,William Faulkner,"Faulkner, William",,"=""""","=""9798212633697""",0,"Blackstone Publishing, Inc.",Hardcover,274,2025,1929,,2024/12/05,to-read,to-read (#1680),to-read,,,,0,0
155159,Mulligan Stew,Gilbert Sorrentino,"Sorrentino, Gilbert",,"=""1564780872""","=""9781564780874""",0,Dalkey Archive Press,Paperback,446,1996,1979,,2024/12/04,to-read,to-read (#1679),to-read,,,,0,0
101024896,Einstein in Time and Space: A Life in 99 Particles,Samuel Graydon,"Graydon, Samuel",,"=""1982185120""","=""9781982185121""",0,Scribner,Kindle Edition,376,2023,,,2024/12/02,to-read,to-read (#1678),to-read,,,,0,0
62192261,The Door-to-Door Bookstore,Carsten Henn,"Henn, Carsten",Melody Shaw,"=""133549085X""","=""9781335490858""",0,Hanover Square Press,Hardcover,239,2023,2020,,2024/12/02,to-read,to-read (#1677),to-read,,,,0,0
209629322,Bel Canto,Ann Patchett,"Patchett, Ann",,"=""006341936X""","=""9780063419360""",0,Harper,Hardcover,352,2024,2001,,2024/11/30,to-read,to-read (#1676),to-read,,,,0,0
202104262,Mechanize My Hands to War,Erin K. Wagner,"Wagner, Erin K.",,"=""0756419344""","=""9780756419349""",0,DAW Books,Hardcover,309,2024,2024,,2024/11/28,to-read,to-read (#1675),to-read,,,,0,0
52180399,"The Only Good Indians (The Only Good Indians, #1)",Stephen Graham Jones,"Jones, Stephen Graham",,"=""1982136456""","=""9781982136451""",0,Gallery / Saga Press,Hardcover,305,2020,2020,,2024/11/28,to-read,to-read (#1674),to-read,,,,0,0
57123268,Nightbitch,Rachel Yoder,"Yoder, Rachel",,"=""0385546823""","=""9780385546829""",4.0,Doubleday,Kindle Edition,256,2021,2021,2024/11/28,2024/09/03,,,read,"Whew.<br/><br/><i>Nightbitch</i> is quite a ride, one that readers won't be likely to forget soon after reading.  This roller-coaster of a read takes some time to gain speed, but once it hit its stride it leaves you with some mixture of delight, surprise, exhaustion, and maybe even nausea.  It may even stir up some visceral, animalistic instincts. <br/><br/>My advice: Buckle up and open your mind. <i>Nightbitch</i> is an intense trip, one that has the potential to offend, but also to connect you to the sublime.",,,1,0
74891190,The Reformatory,Tananarive Due,"Due, Tananarive",,"=""""","=""""",4.0,S&S/Saga Press,Kindle Edition,576,2023,2023,2024/11/26,2024/06/15,,,read,,,,1,0
45869112,The Bear,Andrew Krivak,"Krivak, Andrew",,"=""1942658702""","=""9781942658702""",0,Bellevue Literary Press,Paperback,224,2020,2020,,2024/11/22,to-read,to-read (#1673),to-read,,,,0,0
334170,Another Country (Vintage International),James Baldwin,"Baldwin, James",,"=""0679744711""","=""9780679744719""",0,Vintage,Paperback,436,1992,1962,,2024/11/20,to-read,to-read (#1672),to-read,,,,0,0
49669410,"Emergency Skin (Forward Collection, #3)",N.K. Jemisin,"Jemisin, N.K.",,"=""1542093570""","=""9781542093576""",0,Amazon Original Stories,Kindle Edition,38,2019,2019,,2024/11/17,to-read,to-read (#1671),to-read,,,,0,0
151908304,Slow Time Between the Stars,John Scalzi,"Scalzi, John",,"=""1662515332""","=""9781662515330""",4.0,Amazon Original Stories,Kindle Edition,28,2023,2023,2024/11/17,2024/11/17,,,read,,,,1,0
209496283,Grave Talk,Nick Spalding,"Spalding, Nick",,"=""1662519990""","=""9781662519994""",0,Lake Union Publishing,Kindle Edition,314,2024,2024,,2024/11/17,to-read,to-read (#1670),to-read,,,,0,0
218362004,Ushers,Joe  Hill,"Hill, Joe",,"=""1662527942""","=""9781662527944""",0,Amazon Original Stories,Kindle Edition,29,2024,2024,,2024/11/17,to-read,to-read (#1669),to-read,,,,0,0
219876684,The Answer Is No,Fredrik Backman,"Backman, Fredrik",Elizabeth DeNoma,"=""1662526520""","=""9781662526527""",5.0,Amazon Original Stories ,Kindle Edition,68,2024,2024,2024/11/16,2024/11/16,,,read,,,,1,0
13447368,I'll Drown My Book: Conceptual Writing By Women,Caroline Bergvall,"Bergvall, Caroline","Laynie Browne, Teresa Carmody, Vanessa Place","=""""","=""""",0,Les Figues Press,Paperback,454,2012,2012,,2024/11/16,to-read,to-read (#1668),to-read,,,,0,0
53410,Blow-Up and Other Stories,Julio Cortázar,"Cortázar, Julio",,"=""0394728815""","=""9780394728810""",0,Pantheon Books,Paperback,277,1985,1968,,2024/11/16,to-read,to-read (#1667),to-read,,,,0,0
4413184,La Medusa,Vanessa Place,"Place, Vanessa",,"=""1573661457""","=""9781573661454""",0,Fiction Collective 2,Paperback,488,2008,2008,,2024/11/16,to-read,to-read (#1666),to-read,,,,0,0
31170723,Behave: The Biology of Humans at Our Best and Worst,Robert M. Sapolsky,"Sapolsky, Robert M.",,"=""1594205078""","=""9781594205071""",0,Penguin Press,Hardcover,790,2017,2017,,2024/11/16,to-read,to-read (#1665),to-read,,,,0,0
54218,The Mismeasure of Man,Stephen Jay Gould,"Gould, Stephen Jay",,"=""0393314251""","=""9780393314250""",0,W. W. Norton & Company,Paperback,446,1996,1982,,2024/11/16,to-read,to-read (#1664),to-read,,,,0,0
6968772,The Master and His Emissary: The Divided Brain and the Making of the Western World,Iain McGilchrist,"McGilchrist, Iain",,"=""030014878X""","=""9780300148787""",0,Yale University Press,Hardcover,608,2009,2009,,2024/11/16,to-read,to-read (#1663),to-read,,,,0,0
131304,Big Bang: The Origin of the Universe,Simon Singh,"Singh, Simon",,"=""0007162219""","=""9780007162215""",0,Harper Perennial,Paperback,532,2005,2004,,2024/11/16,to-read,to-read (#1662),to-read,,,,0,0
17034,VAS: An Opera in Flatland,Steve Tomasula,"Tomasula, Steve",Stephen Farrell,"=""0226807401""","=""9780226807409""",0,University of Chicago Press,Paperback,370,2004,2002,,2024/11/16,to-read,to-read (#1661),to-read,,,,0,0
35036409,"My Brilliant Friend (Neapolitan Novels, #1)",Elena Ferrante,"Ferrante, Elena",Ann Goldstein,"=""""","=""""",3.0,Penguin Random House ,Paperback,331,2012,2011,2024/11/15,2024/07/14,,,read,,,,1,0
52028992,Negative Space,B.R. Yeager,"Yeager, B.R.",,"=""1733569456""","=""9781733569453""",0,Apocalypse Party,Paperback,364,2020,2020,,2024/11/12,to-read,to-read (#1660),to-read,,,,0,0
33547,Hell House,Richard Matheson,"Matheson, Richard",,"=""0727860992""","=""9780727860996""",0,Severn House,Hardcover,301,2004,1971,,2024/11/12,to-read,to-read (#1659),to-read,,,,0,0
202469593,There Are Rivers in the Sky,Elif Shafak,"Shafak, Elif",,"=""0593801725""","=""9780593801727""",4.0,Vintage,Kindle Edition,465,2024,2024,2024/11/10,2024/07/14,,,read,,,,1,0
213476202,Lord of Darkness,Robert Silverberg,"Silverberg, Robert",,"=""""","=""9798212877770""",0,"Blackstone Publishing, Inc.",Paperback,832,2024,1983,,2024/11/10,to-read,to-read (#1658),to-read,,,,0,0
210318906,The Ladies of Grace Adieu and Other Stories,Susanna Clarke,"Clarke, Susanna",,"=""163973547X""","=""9781639735471""",0,Bloomsbury Publishing,Paperback,256,2024,2006,,2024/11/08,to-read,to-read (#1657),to-read,,,,0,0
42683,On Writing,Ernest Hemingway,"Hemingway, Ernest","Larry W. Phillips, Charles Scribner Jr.","=""0684854295""","=""9780684854298""",0,Scribner,Paperback,160,2004,1984,,2024/11/08,to-read,to-read (#1656),to-read,,,,0,0
220858074,Atmosphere,Taylor Jenkins Reid,"Reid, Taylor Jenkins",,"=""1804941263""","=""9781804941263""",0,Penguin,Kindle Edition,352,2025,2025,,2024/11/07,to-read,to-read (#1655),to-read,,,,0,0
781844,"On Death and Dying: What the Dying Have to Teach Doctors, Nurses, Clergy and Their Own Families",Elisabeth Kübler-Ross,"Kübler-Ross, Elisabeth",,"=""0684839385""","=""9780684839387""",0,Scribner,Paperback,288,1997,1969,,2024/11/06,to-read,to-read (#1654),to-read,,,,0,0
208430757,"Darkly (Darkly, #1)",Marisha Pessl,"Pessl, Marisha",,"=""0593706552""","=""9780593706558""",0,Delacorte Press,Hardcover,399,2024,2024,,2024/11/05,to-read,to-read (#1653),to-read,,,,0,0
207611566,Witchcraft for Wayward Girls,Grady Hendrix,"Hendrix, Grady",,"=""0593548981""","=""9780593548981""",0,Berkley,Hardcover,482,2025,2025,,2024/11/05,to-read,to-read (#1652),to-read,,,,0,0
209967402,Our Evenings,Alan Hollinghurst,"Hollinghurst, Alan",,"=""0593243072""","=""9780593243077""",0,Random House,Kindle Edition,496,2024,2024,,2024/11/03,to-read,to-read (#1651),to-read,,,,0,0
52635,The Hellbound Heart (Hellraiser #1),Clive Barker,"Barker, Clive",,"=""0061002828""","=""9780061002823""",4.0,HarperTorch,Paperback,164,1991,1986,2024/11/03,2024/11/03,,,read,,,,1,0
208841254,Enuma Elish: The Babylonian Epic of Creation (The Library of Babylonian Literature),Johannes Haubold,"Haubold, Johannes","Sophus Helle, Enrique Jiménez, Selena Wisnom","=""1350297194""","=""9781350297197""",0,Bloomsbury Academic,Paperback,352,2024,,,2024/04/23,to-read,to-read (#1266),to-read,,,,0,0
213395487,Atavists: Stories,Lydia Millet,"Millet, Lydia",,"=""1324074418""","=""9781324074410""",0,W. W. Norton & Company,Hardcover,256,2025,2025,,2024/11/02,to-read,to-read (#1650),to-read,,,,0,0
203578770,Graveyard Shift,M.L. Rio,"Rio, M.L.",,"=""1250356792""","=""9781250356796""",2.0,Flatiron Books,Paperback,128,2024,2024,2024/11/01,2023/12/21,,,read,"Spooky vibes (even those fall off around the midpoint) aren’t enough to save Graveyard Shift, which ultimately comes off as half-baked, anticlimactic, and forgettable.",,,1,0
203647801,"Before We Forget Kindness (Before the Coffee Gets Cold, #5)",Toshikazu Kawaguchi,"Kawaguchi, Toshikazu",Geoffrey Trousselot,"=""1335915281""","=""9781335915283""",0,Hanover Square Press,Hardcover,240,2024,2023,,2024/11/01,to-read,to-read (#1649),to-read,,,,0,0
662925,Meditations,Marcus Aurelius,"Aurelius, Marcus",Gregory Hays,"=""0679642609""","=""9780679642602""",0,Modern Library Inc,Hardcover,256,2002,180,,2024/11/01,to-read,to-read (#1648),to-read,,,,0,0
203956643,A Sunny Place for Shady People,Mariana Enriquez,"Enriquez, Mariana",Megan McDowell,"=""0593733258""","=""9780593733257""",0,Hogarth,Hardcover,257,2024,2024,,2024/10/31,to-read,to-read (#1647),to-read,,,,0,0
214152076,The Manor of Dreams,Christina  Li,"Li, Christina",,"=""1668051729""","=""9781668051726""",0,Avid Reader Press / Simon & Schuster,Hardcover,352,2025,2025,,2024/10/31,to-read,to-read (#1646),to-read,,,,0,0
205363938,Small Rain,Garth Greenwell,"Greenwell, Garth",,"=""0374279543""","=""9780374279547""",0,"Farrar, Straus and Giroux",Hardcover,306,2024,2024,,2024/10/31,to-read,to-read (#1645),to-read,,,,0,0
21853621,The Nightingale,Kristin Hannah,"Hannah, Kristin",,"=""0312577222""","=""9780312577223""",4.0,St. Martin's Press,Hardcover,440,2015,2015,2024/10/30,2024/02/18,,,read,,,,1,0
214649155,The Satisfaction Café,Kathy Wang,"Wang, Kathy",,"=""0349147248""","=""9780349147246""",0,Abacus,Kindle Edition,354,2025,2025,,2024/10/30,to-read,to-read (#1644),to-read,,,,0,0
218553007,"Air (The Elements, #4)",John Boyne,"Boyne, John",,"=""0857529854""","=""9780857529855""",0,Doubleday,Hardcover,176,2025,2025,,2024/10/30,to-read,to-read (#1643),to-read,,,,0,0
198222359,"Earth (The Elements, #2)",John Boyne,"Boyne, John",,"=""152991650X""","=""9781529916508""",0,Transworld Digital,Kindle Edition,168,2024,2024,,2024/10/30,to-read,to-read (#1641),to-read,,,,0,0
208460840,Fire,John Boyne,"Boyne, John",,"=""0857529870""","=""9780857529879""",0,Doubleday,Hardcover,176,2024,2024,,2024/10/30,to-read,to-read (#1642),to-read,,,,0,0
40400269,A Ladder to the Sky,John Boyne,"Boyne, John",,"=""1984823019""","=""9781984823014""",0,Hogarth,Hardcover,362,2018,2018,,2024/10/30,to-read,to-read (#1640),to-read,,,,0,0
33253215,The Heart's Invisible Furies,John Boyne,"Boyne, John",,"=""""","=""""",0,Hogarth Press,Hardcover,582,2017,2017,,2024/10/30,to-read,to-read (#1639),to-read,,,,0,0
62084507,In Memoriam,Alice  Winn,"Winn, Alice",,"=""""","=""""",5.0,Knopf,ebook,383,2023,2023,2024/10/30,2023/12/28,,,read,,,,1,0
29601654,The Summer That Melted Everything,Tiffany   McDaniel,"McDaniel, Tiffany",,"=""1925228517""","=""9781925228519""",0,Scribe UK,Hardcover,320,2016,2016,,2024/10/30,to-read,to-read (#1638),to-read,,,,0,0
56268877,Acceptance (Southern Reach #3),Jeff Vandermeer,"Vandermeer, Jeff",Helen Macdonald,"=""1250824060""","=""9781250824066""",0,Picador,Paperback,343,2024,2014,,2024/10/30,to-read,to-read (#1637),to-read,,,,0,0
25489625,Between the World and Me,Ta-Nehisi Coates,"Coates, Ta-Nehisi",,"=""""","=""""",0,Spiegel & Grau,Hardcover,152,2015,2015,,2024/10/29,to-read,to-read (#1636),to-read,,,,0,0
61884928,Masters of Death,Olivie Blake,"Blake, Olivie",,"=""1250892465""","=""9781250892461""",1.0,Tor Books,Hardcover,384,2023,2018,2024/10/29,2023/07/10,,,read,Felt like it was 95% dialogue that was trying too hard to be clever.,,,1,0
134899244,Baumgartner,Paul Auster,"Auster, Paul",,"=""0802161448""","=""9780802161444""",0,Grove Atlantic,Hardcover,208,2023,2023,,2024/10/27,to-read,to-read (#1635),to-read,,,,0,0
9960464,The Great Lover,Michael Cisco,"Cisco, Michael",Rhys Hughes,"=""190768106X""","=""9781907681066""",0,Chomu Press,Paperback,346,2011,2011,,2024/10/25,to-read,to-read (#1634),to-read,,,,0,0
27812442,Animal Money,Michael Cisco,"Cisco, Michael",,"=""1621052125""","=""9781621052128""",0,Lazy Fascist Press,Paperback,780,2015,2015,,2024/10/25,to-read,to-read (#1633),to-read,,,,0,0
9545851,The Narrator,Michael Cisco,"Cisco, Michael",,"=""0984603743""","=""9780984603749""",0,Civil Coping Mechanisms,Paperback,306,2010,2010,,2024/10/25,to-read,to-read (#1632),to-read,,,,0,0
68494,"Perdido Street Station (New Crobuzon, #1)",China Miéville,"Miéville, China",,"=""0345459407""","=""9780345459404""",0,Ballantine Del Rey,Mass Market Paperback,640,2003,2000,,2024/10/25,to-read,to-read (#1631),to-read,,,,0,0
294399,In Memoriam,Alfred Tennyson,"Tennyson, Alfred",Erik Gray,"=""0393979261""","=""9780393979268""",0,W. W. Norton & Company,Paperback,280,2003,1850,,2024/10/24,to-read,to-read (#1630),to-read,,,,0,0
4264259,Lord Horror,David Britton,"Britton, David",John Coulthart,"=""0861300750""","=""9780861300754""",0,Savoy Books,Hardcover,192,1990,1990,,2024/10/23,to-read,to-read (#1629),to-read,,,,0,0
61030527,Episode Thirteen,Craig DiLouie,"DiLouie, Craig",,"=""0316443107""","=""9780316443104""",0,Run For It,Paperback,433,2023,2023,,2024/10/23,to-read,to-read (#1628),to-read,,,,0,0
35297157,Sisyphean,Dempow Torishima,"Torishima, Dempow","酉島伝法, Daniel Huddleston","=""1421580829""","=""9781421580821""",0,Haikasoru,Paperback,429,2018,2018,,2024/10/23,to-read,to-read (#1627),to-read,,,,0,0
57122683,Antisocieties,Michael Cisco,"Cisco, Michael",,"=""0578836882""","=""9780578836881""",0,Grimscribe Press,Paperback,143,2021,2021,,2024/10/23,to-read,to-read (#1626),to-read,,,,0,0
90992,The Unfortunates,B.S. Johnson,"Johnson, B.S.",Jonathan Coe,"=""0330353292""","=""9780330353298""",0,Picador,Hardcover,288,1999,1969,,2024/10/23,to-read,to-read (#1625),to-read,,,,0,0
63913,Trout Fishing in America,Richard Brautigan,"Brautigan, Richard",,"=""""","=""""",0,Delta,Paperback,112,1967,1967,,2024/10/23,to-read,to-read (#1624),to-read,,,,0,0
776573,Riddley Walker,Russell Hoban,"Hoban, Russell",,"=""0253212340""","=""9780253212344""",0,Indiana University Press,Paperback,256,1998,1980,,2024/10/23,to-read,to-read (#1623),to-read,,,,0,0
39689572,Unlanguage,Michael Cisco,"Cisco, Michael",,"=""1621052664""","=""9781621052661""",0,Eraserhead Press,Paperback,278,2018,2018,,2024/10/23,to-read,to-read (#1622),to-read,,,,0,0
4617457,Cyclonopedia: Complicity with Anonymous Materials (Anomaly),Reza Negarestani,"Negarestani, Reza",,"=""0980544009""","=""9780980544008""",0,re.press,Paperback,268,2008,2008,,2024/10/23,to-read,to-read (#1621),to-read,,,,0,0
157687,Maldoror and the Complete Works,Comte de Lautréamont,"Lautréamont, Comte de",Alexis Lykiard,"=""187897212X""","=""9781878972125""",0,Exact Change,Paperback,347,2010,1869,,2024/10/23,to-read,to-read (#1620),to-read,,,,0,0
93180,The Manuscript Found in Saragossa,Jan Potocki,"Potocki, Jan",Ian Maclean,"=""0140445803""","=""9780140445800""",0,Penguin Books Ltd,Paperback,631,1996,1847,,2024/10/23,to-read,to-read (#1619),to-read,,,,0,0
557658,The Anatomy of Melancholy,Robert  Burton,"Burton, Robert","Holbrook Jackson, William H. Gass","=""0940322668""","=""9780940322660""",0,New York Review Books,Paperback,1392,2001,1621,,2024/10/23,to-read,to-read (#1618),to-read,,,,0,0
25074597,"My Hero Academia, Vol. 1",Kohei Horikoshi,"Horikoshi, Kohei",Caleb D. Cook,"=""1421582694""","=""9781421582696""",0,VIZ Media LLC,Paperback,189,2015,2014,,2024/10/21,to-read,to-read (#1617),to-read,,,,0,0
17716,Waiting for Godot,Samuel Beckett,"Beckett, Samuel",,"=""""","=""""",5.0,Grove,Paperback,109,2011,1952,2022/08/04,2022/07/16,"20-before-20, favorites","20-before-20 (#4), favorites (#10)",read,,,,1,0
11996,I Who Have Never Known Men,Jacqueline Harpman,"Harpman, Jacqueline",Ros Schwartz,"=""0380731819""","=""9780380731817""",5.0,Avon Eos,Mass Market Paperback,206,1998,1995,2024/06/30,2023/12/09,favorites,favorites (#8),read,,,,1,0
49731704,Say Nothing: A True Story of Murder and Memory in Northern Ireland,Patrick Radden Keefe,"Keefe, Patrick Radden",,"=""""","=""""",0,Vintage,Paperback,542,2020,2018,,2024/10/21,to-read,to-read (#1616),to-read,,,,0,0
41970693,Strike Your Heart,Amélie Nothomb,"Nothomb, Amélie",Alison Anderson,"=""1609454855""","=""9781609454852""",0,Europa Editions,Paperback,128,2018,2017,,2024/10/20,to-read,to-read (#1615),to-read,,,,0,0
55688769,The Divorce,César Aira,"Aira, César","Chris Andrews, Patti Smith","=""0811230937""","=""9780811230933""",0,New Directions,Paperback,96,2021,2010,,2024/10/20,to-read,to-read (#1614),to-read,,,,0,0
21206786,How Much Land Does a Man Need?,Leo Tolstoy,"Tolstoy, Leo",,"=""""","=""""",0,Calypso Editions,Kindle Edition,66,2013,1886,,2024/10/20,to-read,to-read (#1613),to-read,,,,0,0
39738353,Lanny,Max Porter,"Porter, Max",,"=""0571340288""","=""9780571340286""",0,Faber & Faber,Hardcover,210,2019,2019,,2024/10/20,to-read,to-read (#1612),to-read,,,,0,0
54173267,Happy Hour,Marlowe Granados,"Granados, Marlowe",,"=""1989919006""","=""9781989919002""",0,Flying Books,Paperback,280,2020,2020,,2024/10/20,to-read,to-read (#1611),to-read,,,,0,0
55577690,Snowflake,Louise Nealon,"Nealon, Louise",,"=""0063073935""","=""9780063073937""",0,Harper,Hardcover,336,2021,2021,,2024/10/20,to-read,to-read (#1610),to-read,,,,0,0
19293738,Birds of America: Stories,Lorrie Moore,"Moore, Lorrie",,"=""""","=""""",0,Vintage,Kindle Edition,308,2012,1998,,2024/10/16,to-read,to-read (#1609),to-read,,,,0,0
33852053,Gnomon,Nick Harkaway,"Harkaway, Nick",,"=""""","=""""",0,William Heinemann,Hardcover,688,2017,2017,,2024/10/16,to-read,to-read (#1608),to-read,,,,0,0
206167925,Morning and Evening,Jon Fosse,"Fosse, Jon",Damion Searls,"=""1804271225""","=""9781804271223""",0,Fitzcarraldo Editions,Kindle Edition,101,2024,2000,,2024/10/16,to-read,to-read (#1607),to-read,,,,0,0
31147267,The Changeling,Victor LaValle,"LaValle, Victor",,"=""0812995945""","=""9780812995947""",0,Spiegel & Grau,Hardcover,431,2017,2017,,2024/10/13,to-read,to-read (#1606),to-read,,,,0,0
60925,Fledgling,Octavia E. Butler,"Butler, Octavia E.",,"=""0446696161""","=""9780446696166""",0,Grand Central Publishing,Paperback,310,2007,2005,,2024/10/13,to-read,to-read (#1605),to-read,,,,0,0
7144431,The Caretaker of Lorne Field,Dave Zeltserman,"Zeltserman, Dave",,"=""1590203038""","=""9781590203033""",0,The Overlook Press,Hardcover,237,2010,2010,,2024/10/13,to-read,to-read (#1604),to-read,,,,0,0
6978412,"Frozen: My Journey into the World of Cryonics, Deception, and Death",Larry Johnson,"Johnson, Larry",,"=""""","=""""",0,Vanguard Press,Hardcover,424,2009,2009,,2024/10/12,to-read,to-read (#1603),to-read,,,,0,0
62929359,Luminous,Silvia Park,"Park, Silvia",,"=""""","=""""",0,,Unknown Binding,,,2025,,2024/10/12,to-read,to-read (#1602),to-read,,,,0,0
51750,Writing Tools: 50 Essential Strategies for Every Writer,Roy Peter Clark,"Clark, Roy Peter",,"=""0316014982""","=""9780316014984""",0,"Little, Brown and Company",Hardcover,260,2006,2006,,2024/10/12,to-read,to-read (#1601),to-read,,,,0,0
103761,Zen in the Art of Writing: Releasing the Creative Genius Within You,Ray Bradbury,"Bradbury, Ray",,"=""0553296345""","=""9780553296341""",0,Bantam,Mass Market Paperback,158,1992,1973,,2024/10/12,to-read,to-read (#1600),to-read,,,,0,0
33514,The Elements of Style,William Strunk Jr.,"Jr., William Strunk",E.B. White,"=""""","=""""",0,Allyn & Bacon,Hardcover,105,1999,1918,,2024/10/12,to-read,to-read (#1599),to-read,,,,0,0
44905,Writing Down the Bones: Freeing the Writer Within,Natalie Goldberg,"Goldberg, Natalie",,"=""1590303164""","=""9781590303160""",0,Shambhala Publications,Paperback,336,2006,1986,,2024/10/12,to-read,to-read (#1598),to-read,,,,0,0
13620,"Death Note, Vol. 6: Give-and-Take (Death Note, #6)",Tsugumi Ohba,"Ohba, Tsugumi","Takeshi Obata, Alexis Kirsch","=""1421506270""","=""9781421506272""",0,VIZ Media LLC,Paperback,215,2006,2005,,2024/10/12,to-read,to-read (#1597),to-read,,,,0,0
2000458,Parasyte 2,Hitoshi Iwaaki,"Iwaaki, Hitoshi",,"=""0345496817""","=""9780345496812""",0,Del Rey,Paperback,288,2007,1991,,2024/10/12,to-read,to-read (#1596),to-read,,,,0,0
1103544,Parasyte 1,Hitoshi Iwaaki,"Iwaaki, Hitoshi",Andrew   Cunningham,"=""0345496248""","=""9780345496249""",4.0,Del Rey,Paperback,288,2007,1990,2024/10/12,2023/09/05,,,read,,,,1,0
23940,Junky,William S. Burroughs,"Burroughs, William S.","Oliver  Harris, Allen Ginsberg","=""0142003166""","=""9780142003169""",2.0,Penguin ,Paperback,166,2003,1953,2024/10/12,2022/09/02,,,read,,,,1,0
205804189,Run,Blake Crouch,"Crouch, Blake",,"=""059387479X""","=""9780593874790""",0,Ballantine Books,Paperback,336,2024,2011,,2024/10/12,to-read,to-read (#1595),to-read,,,,0,0
127282939,Beautyland,Marie-Helene Bertino,"Bertino, Marie-Helene",,"=""0374109281""","=""9780374109288""",4.0,"Farrar, Straus and Giroux",Hardcover,327,2024,2024,2024/09/23,2024/04/21,2024-favorites,2024-favorites (#5),read,"Beautyland's quirkiness may be hard to swallow at first, but, like all acquired tastes, it grows on you as you come back for more.<br/><br/>Beautyland is a piece of art so unique that it could have only been crafted by Bertino-- a novel that will satisfy readers looking to revel in strangeness that is humanity, that is earth, that is the universe, that is existence.",,,1,0
197516630,Butcher,Joyce Carol Oates,"Oates, Joyce Carol",,"=""0593537777""","=""9780593537770""",5.0,Knopf,Hardcover,332,2024,2024,2024/06/01,2024/01/03,2024-favorites,2024-favorites (#4),read,"4.5 rounded up.  Oates slowly and effectively escalates the horror chapter-by-chapter in a way that will leave you unable to put this book down.  Butcher may be overwhelmingly brutal at times, but it's absolutely like a car crash you can't look away from. Not only does Oates nail the characterization of a misogynistic protagonist you love to hate, but she also pulls off a strikingly appalling and realistic picture of the scene surrounding mental illness in mid 19th century America.",,,1,0
139400713,Martyr!,Kaveh Akbar,"Akbar, Kaveh",,"=""0593537610""","=""9780593537619""",5.0,Knopf,Hardcover,332,2024,2024,2024/08/04,2024/01/17,"20-before-20, 2024-favorites","20-before-20 (#14), 2024-favorites (#3)",read,"4.5<br/><br/>Enjoyable and clever!  One of the best novels I've read in 2024, and it's going on my list of books to read again soon.",,,1,0
199700434,The God of the Woods,Liz    Moore,"Moore, Liz",,"=""0593418913""","=""9780593418918""",4.0,Riverhead Books,Hardcover,496,2024,2024,2024/09/03,2024/06/18,2024-favorites,2024-favorites (#2),read,"A page-turner and an enjoyable read, The God Of The Woods manages to avoid the clichés that plague many of today’s mystery/thriller novels. Instead, Moore peppers her novel with a unique combination of developed flavors that make for a book you may be tempted to devour quickly, but may find it even more enjoyable to savor its depth for as long as possible.",,,1,0
173754979,James,Percival Everett,"Everett, Percival",,"=""0385550367""","=""9780385550369""",5.0,Knopf Doubleday,Hardcover,303,2024,2024,2024/09/13,2024/06/03,"20-before-20, 2024-favorites","20-before-20 (#15), 2024-favorites (#1)",read,,,,1,0
31945192,"The Invented Part (Trilogía las partes, #1)",Rodrigo Fresán,"Fresán, Rodrigo",Will Vanderhyden,"=""1940953561""","=""9781940953564""",0,Open Letter Books,Paperback,552,2017,2014,,2024/10/11,to-read,to-read (#1594),to-read,,,,0,0
297334,Meditations in Green (Vintage Contemporaries),Stephen Wright,"Wright, Stephen",,"=""0375712933""","=""9780375712937""",0,Vintage,Paperback,352,2003,1983,,2024/10/11,to-read,to-read (#1593),to-read,,,,0,0
4339,Dispatches,Michael Herr,"Herr, Michael",,"=""0679735259""","=""9780679735250""",0,Vintage,Paperback,260,1991,1977,,2024/10/11,to-read,to-read (#1592),to-read,,,,0,0
6643543,A Naked Singularity,Sergio de la Pava,"Pava, Sergio de la",,"=""1436341981""","=""9781436341981""",0,Xlibris Corp,Paperback,689,2008,2008,,2024/10/11,to-read,to-read (#1591),to-read,,,,0,0
94351,Death in the Andes,Mario Vargas Llosa,"Llosa, Mario Vargas",,"=""057117549X""","=""9780571175499""",0,Faber and Faber,Paperback,322,1996,1993,,2024/10/11,to-read,to-read (#1590),to-read,,,,0,0
53925,The War of the End of the World,Mario Vargas Llosa,"Llosa, Mario Vargas",,"=""0571139612""","=""9780571139613""",0,Faber Faber Inc,Paperback,568,1986,1981,,2024/10/11,to-read,to-read (#1589),to-read,,,,0,0
6554891,The Museum of Eterna's Novel (The First Good Novel),Macedonio Fernández,"Fernández, Macedonio","Margaret Schwartz, Adam Thirlwell","=""1934824062""","=""9781934824061""",0,Open Letter,Paperback,238,2010,1967,,2024/10/11,to-read,to-read (#1588),to-read,,,,0,0
26344955,Rina,Kang Young-sook,"Young-sook, Kang",Kim Boram,"=""1628971150""","=""9781628971156""",0,Dalkey Archive Press,Paperback,215,2015,2006,,2024/10/11,to-read,to-read (#1587),to-read,,,,0,0
197522384,Waiting for the Fear,Oğuz Atay,"Atay, Oğuz",Ralph Hubbell,"=""1681377969""","=""9781681377964""",0,NYRB Classics,Paperback,240,2024,1973,,2024/10/11,to-read,to-read (#1586),to-read,,,,0,0
208931300,Intermezzo,Sally Rooney,"Rooney, Sally",,"=""0374602638""","=""9780374602635""",4.0,"Farrar, Straus and Giroux",Hardcover,464,2024,2024,2024/10/10,2024/07/14,,,read,"The beautiful chessboard on <i>Intermezzo</i>'s cover shows shadows of people, hinting that the novel explores relationships-- a suggestion that Rooney abundantly fulfills.  However, problems could start if the reader internalizes the image on the cover of the book too much, maybe anticipating some of the sexy drama and strategy that typically go into a game of chess.<br/><br/>Even if the cover isn't meant to be taken literally, one might imagine that, since the title suggests that the story explores something akin to an intervening or interruptive period or event, that the characters (as shown in the cover art) are in various positions on the board, in a half-played-out state.  Now that the stage is set, where will they go next, what will they do?<br/><br/>While the answer is ""not much""-- they may ruminate, they may aimlessly wander around a plane of black and white squares-- that's ok, because there are plenty of spans in a game of chess where it feels like not a lot happens, or it's hard to follow what its going on.  Plus, it's possible to appreciate the movements of the pieces for their own sake, as they dance around the board. Rooney has managed to capture the sense that we are following people who are doing the same thing that we are, focusing on the present moment and living our lives in the only way we know how.<br/><br/>So, what if Rooney is tongue-in-cheekly trying to convey that life and chess, both complicated as they are, are actually nothing like each other? The likely response from Rooney die-hards: ""don't judge the book by its cover.""  Understandable-- with <i>Intermezzo</i>, Rooney is just doing more of what she has done successfully in her past novels, blending all the the likely ingredients of literary fiction and the human condition (grief, romance, mental health) into an interesting scenario.  <br/></p>",,,1,0
52163195,Polostan (Bomb Light #1),Neal Stephenson,"Stephenson, Neal",,"=""""","=""""",0,William Morrow,Kindle Edition,368,2024,2024,,2024/10/10,to-read,to-read (#1585),to-read,,,,0,0
204929169,The Avian Hourglass,Lindsey Drager,"Drager, Lindsey",,"=""1950539970""","=""9781950539970""",0,Dzanc Books,Paperback,212,2024,2024,,2024/10/09,to-read,to-read (#1584),to-read,,,,0,0
195790675,Parade,Rachel Cusk,"Cusk, Rachel",,"=""0374610045""","=""9780374610043""",3.0,"Farrar, Straus and Giroux",Hardcover,198,2024,2024,2024/10/08,2024/01/03,,,read,"3.25. In Cusk's Parade, the tone and themes are consistent throughout, but that isn't enough to prevent this ""novel"" from reading more like a collection of fragmented short stories. That being said,  Cusk's prose is always on point, at times even evoking the brilliance of Virginia Woolf.  Despite the beauty of the prose, at times it veers from raw and palpable to infuriatingly abstract, hollow, and long-winded.",,,1,0
216247493,Same Bed Different Dreams,Ed     Park,"Park, Ed",,"=""0812988329""","=""9780812988321""",0,Random House Trade Paperbacks,Paperback,544,2024,2023,,2024/10/08,to-read,to-read (#1583),to-read,,,,0,0
37686647,ブルーピリオド 1 [Blue Period 1],Tsubasa Yamaguchi,"Yamaguchi, Tsubasa",山口つばさ,"=""4065105862""","=""9784065105863""",4.0,講談社,Paperback,224,2017,2017,2024/10/04,2023/09/05,,,read,,,,1,0
92569,On the Yard,Malcolm Braly,"Braly, Malcolm",Jonathan Lethem,"=""094032296X""","=""9780940322967""",0,NYRB Classics,Paperback,376,2002,1967,,2024/10/04,to-read,to-read (#1582),to-read,,,,0,0
6553843,Hard Rain Falling,Don Carpenter,"Carpenter, Don",George P. Pelecanos,"=""1590173244""","=""9781590173244""",4.0,NYRB Classics,Paperback,308,2009,1966,2024/10/04,2022/08/07,,,read,,,,1,0
200028726,Sandwich,Catherine Newman,"Newman, Catherine",,"=""0063345161""","=""9780063345164""",3.0,Harper,Hardcover,229,2024,2024,2024/10/03,2024/06/25,,,read,,,,1,0
194803881,The Backyard Bird Chronicles,Amy Tan,"Tan, Amy",,"=""0593536134""","=""9780593536131""",0,Knopf,Flexibound,291,2024,2024,,2024/10/03,to-read,to-read (#1581),to-read,,,,0,0
198281421,The Life Impossible,Matt Haig,"Haig, Matt",,"=""0593489284""","=""9780593489284""",4.0,Viking,Kindle Edition,368,2024,2024,2024/10/03,2023/12/12,,,read,,,,1,0
124936929,Edenville,Sam Rebelein,"Rebelein, Sam",,"=""""","=""""",0,William Morrow,Kindle Edition,331,2023,2023,,2024/10/03,to-read,to-read (#1580),to-read,,,,0,0
56760359,Chasing Homer,László Krasznahorkai,"Krasznahorkai, László","Max Neumann, Szilveszter Miklós, John Batki","=""0811227979""","=""9780811227971""",0,New Directions,Hardcover,96,2021,2019,,2024/10/02,to-read,to-read (#1579),to-read,,,,0,0
207003520,The Road: A Graphic Novel Adaptation,Manu Larcenet,"Larcenet, Manu",Cormac McCarthy,"=""1419776770""","=""9781419776779""",5.0,Harry N. Abrams,Hardcover,160,2024,2024,2024/10/02,2024/10/01,,,read,,,,1,0
14028,Snow Country,Yasunari Kawabata,"Kawabata, Yasunari",Edward G. Seidensticker,"=""0679761047""","=""9780679761044""",0,Vintage,Paperback,175,1996,1948,,2024/10/01,to-read,to-read (#1578),to-read,,,,0,0
176495296,Anxiety: A Philosophical Guide,Samir Chopra,"Chopra, Samir",,"=""0691210675""","=""9780691210674""",0,Princeton University Press,Hardcover,208,2024,,,2024/09/30,to-read,to-read (#1577),to-read,,,,0,0
214932073,Land of Milk and Honey,C Pam Zhang,"Zhang, C Pam",,"=""0593538250""","=""9780593538258""",0,Riverhead Books,Paperback,240,2024,2023,,2024/09/24,to-read,to-read (#1576),to-read,,,,0,0
19209743,"Death Note, Vol. 5: Whiteout",Tsugumi Ohba,"Ohba, Tsugumi",Takeshi Obata,"=""1421544822""","=""9781421544823""",3.0,VIZ Media: SHONEN JUMP ADVANCED,Kindle Edition,208,2011,2005,2024/09/23,2024/09/16,,,read,,,,1,0
529626,Sometimes a Great Notion,Ken Kesey,"Kesey, Ken",,"=""0140045295""","=""9780140045291""",0,Penguin Books,Paperback,628,1977,1964,,2024/09/23,to-read,to-read (#1575),to-read,,,,0,0
174374,You Can't Win,Jack   Black,"Black, Jack","William S. Burroughs, Jeanne Toulouse","=""1902593022""","=""9781902593029""",4.0,A K Press/Nabat Books,Paperback,279,2001,1926,2024/09/23,2023/06/19,,,read,,,,1,0
1524453,A Man Survives,Vladimir Maksimov,"Maksimov, Vladimir",Владимир Максимов,"=""1117814386""","=""""",0,Grove Press,Hardcover,106,1963,1962,,2024/09/23,to-read,to-read (#1574),to-read,,,,0,0
213660322,The Shithead: A Novel in Fifty Songs,Tim Grahl,"Grahl, Tim",Shawn Coyne,"=""1645010937""","=""9781645010937""",3.0,Story Grid Publishing LLC,Paperback,382,2024,,2024/08/10,2024/05/28,,,read,"2.5 rounded up.<br/><br/>The Good:  The Shithead is an easy, enjoyable read overall, and a pretty funny novel.<br/><br/>The Bad:  It's been about a month since I read The Shithead, and I honestly don't remember that much about it, other than that it was neither amazing nor bad.  One other thing-- the subtitle, ""A Novel in Fifty Songs""-- maybe I missed it, but I didn't see any explanation for this, and I expected it to play an important role in the narrative.<br/><br/>Ultimately, I appreciated the fact that Tim gave his fans a chance to read an advanced copy and the opportunity to check out The Shithead.  Cheers!",,,1,0
77265056,The Pole,J.M. Coetzee,"Coetzee, J.M.",,"=""1324093870""","=""9781324093879""",0,Liveright,Kindle Edition,169,2023,2023,,2023/07/08,to-read,to-read (#851),to-read,,,,0,0
119029466,"Lament for Julia, and Other Stories",Susan Taubes,"Taubes, Susan",Francesca Wade,"=""1681376946""","=""9781681376943""",0,New York Review Books,Paperback,240,2023,2015,,2024/09/16,to-read,to-read (#1573),to-read,,,,0,0
55825321,The Membranes,Chi Ta-wei,"Ta-wei, Chi",Ari Larissa Heinrich,"=""0231195710""","=""9780231195713""",0,Columbia University Press,Paperback,168,2021,1995,,2024/09/16,to-read,to-read (#1572),to-read,,,,0,0
60784307,Nothing but the Rain,Naomi Salman,"Salman, Naomi",,"=""1250849802""","=""9781250849809""",0,Tor.com,Paperback,96,2023,2023,,2024/09/16,to-read,to-read (#1571),to-read,,,,0,0
6218239,My Death,Lisa Tuttle,"Tuttle, Lisa",Thomas Tessier,"=""1902880900""","=""9781902880907""",4.0,PS Publishing,Paperback,93,2004,2004,2024/09/16,2023/12/18,,,read,,,,1,0
13602426,The Round House,Louise Erdrich,"Erdrich, Louise",,"=""0062065246""","=""9780062065247""",0,HarperCollins,Hardcover,323,2012,2012,,2024/09/15,to-read,to-read (#1570),to-read,,,,0,0
33917,The Namesake,Jhumpa Lahiri,"Lahiri, Jhumpa",,"=""0618485228""","=""9780618485222""",0,Mariner,Paperback,304,2003,2003,,2024/09/15,to-read,to-read (#1569),to-read,,,,0,0
298664,Native Speaker,Chang-rae Lee,"Lee, Chang-rae",,"=""1573225312""","=""9781573225311""",0,Riverhead,Paperback,349,1996,1995,,2024/09/15,to-read,to-read (#1568),to-read,,,,0,0
7354,The Shipping News,Annie Proulx,"Proulx, Annie",,"=""0743225422""","=""9780743225427""",0,Scribner,Paperback,337,2002,1993,,2024/09/15,to-read,to-read (#1567),to-read,,,,0,0
527513,Mating,Norman Rush,"Rush, Norman",,"=""067973709X""","=""9780679737094""",0,Vintage,Paperback,480,1992,1991,,2024/09/15,to-read,to-read (#1566),to-read,,,,0,0
231115,Oxherding Tale,Charles R. Johnson,"Johnson, Charles R.",,"=""0743264495""","=""9780743264495""",0,Scribner,Paperback,208,2005,1982,,2024/09/15,to-read,to-read (#1565),to-read,,,,0,0
11741,Housekeeping,Marilynne Robinson,"Robinson, Marilynne",,"=""0312424094""","=""9780312424091""",0,Picador,Paperback,219,2004,1980,,2024/09/15,to-read,to-read (#1564),to-read,,,,0,0
938212,The Dog of the South,Charles Portis,"Portis, Charles",,"=""0879519312""","=""9780879519315""",0,Overlook ,Paperback,246,1999,1979,,2024/09/15,to-read,to-read (#1563),to-read,,,,0,0
371024,"The Zebra-Striped Hearse (Lew Archer, #10)",Ross Macdonald,"Macdonald, Ross",,"=""0375701451""","=""9780375701450""",0,Vintage Crime/Black Lizard,Paperback,288,1998,1962,,2024/09/15,to-read,to-read (#1562),to-read,,,,0,0
303922,The Mountain Lion,Jean Stafford,"Stafford, Jean",,"=""0292751362""","=""9780292751361""",0,University of Texas Press,Paperback,232,1992,1947,,2024/09/15,to-read,to-read (#1561),to-read,,,,0,0
591354,In a Lonely Place,Dorothy B. Hughes,"Hughes, Dorothy B.",Paula Rabinowitz,"=""1558614559""","=""9781558614550""",0,The Feminist Press at Cuny,Paperback,250,2003,1947,,2024/09/15,to-read,to-read (#1560),to-read,,,,0,0
180378,A Time to Be Born,Dawn Powell,"Powell, Dawn",,"=""1883642418""","=""9781883642419""",0,Steerforth Press,Paperback,344,2011,1942,,2024/09/15,to-read,to-read (#1559),to-read,,,,0,0
46227,"Ask the Dust (The Saga of Arturo Bandini, #3)",John Fante,"Fante, John",Charles Bukowski,"=""0060822554""","=""9780060822552""",0,Pyramid Books,Paperback,165,1960,1939,,2024/09/15,to-read,to-read (#1558),to-read,,,,0,0
1049322,East Goes West: The Making of an Oriental Yankee,Younghill Kang,"Kang, Younghill",,"=""1885030118""","=""9781885030115""",0,Kaya Press,Paperback,426,1997,1937,,2024/09/15,to-read,to-read (#1557),to-read,,,,0,0
53101,Nightwood,Djuna Barnes,"Barnes, Djuna","T.S. Eliot, Jeanette Winterson","=""0811216713""","=""9780811216715""",0,New Directions,Paperback,182,2006,1936,,2024/09/15,to-read,to-read (#1556),to-read,,,,0,0
56269278,The Trees,Percival Everett,"Everett, Percival",,"=""164445064X""","=""9781644450642""",0,Graywolf Press,Paperback,309,2021,2021,,2024/09/15,to-read,to-read (#1555),to-read,,,,0,0
67,The Known World,Edward P. Jones,"Jones, Edward P.",,"=""0061159174""","=""9780061159176""",0,Amistad,Paperback,388,2006,2003,,2024/09/15,to-read,to-read (#1554),to-read,,,,0,0
7101,The 42nd Parallel (U.S.A. #1),John Dos Passos,"Passos, John Dos",,"=""0618056815""","=""9780618056811""",0,Mariner Books,Trade Paperback,325,2000,1930,,2024/09/15,to-read,to-read (#1553),to-read,,,,0,0
3447,In the Lake of the Woods,Tim O'Brien,"O'Brien, Tim",,"=""061870986X""","=""9780618709861""",0,Mariner Books,Paperback,303,1994,1994,,2024/09/15,to-read,to-read (#1552),to-read,,,,0,0
124798505,Four Seasons in Japan,Nick  Bradley,"Bradley, Nick",,"=""085752934X""","=""9780857529343""",0,Doubleday,Hardcover,336,2023,2023,,2024/09/15,to-read,to-read (#1551),to-read,,,,0,0
157487250,The Goodbye Cat,Hiro Arikawa,"Arikawa, Hiro",Philip Gabriel,"=""0593815718""","=""9780593815717""",0,Berkley,Kindle Edition,285,2023,2021,,2024/09/15,to-read,to-read (#1550),to-read,,,,0,0
62047992,"Days at the Morisaki Bookshop (Days at the Morisaki Bookshop, #1)",Satoshi Yagisawa,"Yagisawa, Satoshi",Eric Ozawa,"=""0063278677""","=""9780063278677""",4.0,Harper Perennial,Paperback,150,2023,2010,2024/09/15,2023/09/04,,,read,,,,1,0
61190812,Retrospective,Juan Gabriel Vásquez,"Vásquez, Juan Gabriel",Anne McLean,"=""0593539613""","=""9780593539613""",0,Riverhead Books,Hardcover,448,2023,2020,,2024/09/14,to-read,to-read (#1549),to-read,,,,0,0
1099301,"The Name of This Book Is Secret (Secret, #1)",Pseudonymous Bosch,"Bosch, Pseudonymous",,"=""0316113662""","=""9780316113663""",0,"Little, Brown Books for Young Readers",Hardcover,364,2007,2007,,2024/09/14,to-read,to-read (#1548),to-read,,,,0,0
272527,The Shining Company,Rosemary Sutcliff,"Sutcliff, Rosemary",,"=""0374466165""","=""9780374466169""",0,"Farrar, Straus and Giroux (BYR)",Paperback,296,1992,1990,,2024/09/14,to-read,to-read (#1547),to-read,,,,0,0
1121350,The Second Mrs. Gioconda,E.L. Konigsburg,"Konigsburg, E.L.",,"=""0689821212""","=""9780689821219""",0,Atheneum Books for Young Readers,Paperback,160,1998,1975,,2024/09/14,to-read,to-read (#1546),to-read,,,,0,0
72543,The Door in the Wall,Marguerite de Angeli,"Angeli, Marguerite de",,"=""0440227798""","=""9780440227793""",0,Laurel Leaf,Mass Market Paperback,128,1998,1949,,2024/09/14,to-read,to-read (#1545),to-read,,,,0,0
149405,The Eagle of the Ninth,Rosemary Sutcliff,"Sutcliff, Rosemary",,"=""0192750453""","=""9780192750457""",0,Oxford University Press,Paperback,294,2000,1954,,2024/09/14,to-read,to-read (#1544),to-read,,,,0,0
125190,"Swallows and Amazons (Swallows and Amazons, #1)",Arthur Ransome,"Ransome, Arthur",,"=""087923573X""","=""9780879235734""",0,"David R. Godine, Publisher",Paperback,315,2010,1930,,2024/09/14,to-read,to-read (#1543),to-read,,,,0,0
199295788,"More Days at the Morisaki Bookshop (Days at the Morisaki Bookshop, #2)",Satoshi Yagisawa,"Yagisawa, Satoshi",Eric Ozawa,"=""0063278715""","=""9780063278714""",4.0,Harper Perennial,Paperback,167,2024,2011,2024/09/14,2024/01/17,,,read,,,,1,0
217070519,Starlight Farm's Kennel for Talking Dogs: An All-Ages Fantasy Adventure,Carson Long,"Long, Carson",,"=""""","=""""",3.0,,Kindle Edition,226,2024,,2024/09/14,2024/08/04,,,read,,,,1,0
61049,Autobiography of Red: A Novel in Verse,Anne Carson,"Carson, Anne",,"=""037570129X""","=""9780375701290""",3.0,Vintage Books,Paperback,149,1999,1998,2024/09/13,2023/12/09,,,read,,,,1,0
214932060,The Vaster Wilds,Lauren Groff,"Groff, Lauren",,"=""0593418409""","=""9780593418406""",0,Riverhead Books,Paperback,272,2024,2023,,2024/09/10,to-read,to-read (#1542),to-read,,,,0,0
19063,The Book Thief,Markus Zusak,"Zusak, Markus",,"=""""","=""""",3.0,Alfred A. Knopf,Kindle Edition,592,2006,2005,2024/09/09,2021/09/13,,,read,,,,1,0
59045629,Brutes,Dizz Tate,"Tate, Dizz",,"=""1646221680""","=""""",2.0,Catapult,Kindle Edition,304,2023,2023,2024/09/06,2024/08/24,,,read,"Undeniably beautiful at many points, <i>Brutes</i> often reads like a lengthy poem that is mostly vibes and little substance.  Tate may succeed in painting a rich portrait of a girls life in Florida that is, well, brutal-- but is it honest?  Upon encountering the book's gratuitous preoccupation with edginess, its masochism, and its seemingly progressive statements that veer into ""I'm 13 and this is deep"" territory, most readers readers won't hesitate to answer ""no"".",,,1,0
203578933,Blackouts,Justin Torres,"Torres, Justin",,"=""1250338069""","=""9781250338068""",0,Picador,Paperback,320,2024,2023,,2024/09/06,to-read,to-read (#1541),to-read,,,,0,0
176450755,The Other Valley,Scott Alexander Howard,"Howard, Scott Alexander",,"=""1668015471""","=""9781668015476""",0,Atria Books,Hardcover,290,2024,2024,,2024/09/05,to-read,to-read (#1540),to-read,,,,0,0
203608516,The Mesmerist,Caroline  Woods,"Woods, Caroline",,"=""0385550162""","=""9780385550161""",0,Doubleday,Hardcover,336,2024,2024,,2024/09/04,to-read,to-read (#1539),to-read,,,,0,0
32191748,The Unseen World,Liz    Moore,"Moore, Liz",,"=""0393354415""","=""9780393354416""",0,W. W. Norton,Paperback,451,2017,2016,,2024/09/04,to-read,to-read (#1538),to-read,,,,0,0
13707758,Heft,Liz    Moore,"Moore, Liz",,"=""039334388X""","=""9780393343885""",0,W. W. Norton,Paperback,352,2012,2012,,2024/09/04,to-read,to-read (#1537),to-read,,,,0,0
43834909,Long Bright River,Liz    Moore,"Moore, Liz",,"=""0525540679""","=""9780525540670""",0,Riverhead Books,Hardcover,482,2020,2020,,2024/09/04,to-read,to-read (#1536),to-read,,,,0,0
3711,White Teeth,Zadie Smith,"Smith, Zadie",,"=""0375703861""","=""9780375703867""",3.0,Vintage,Paperback,448,2001,2000,2024/09/01,2024/06/11,,,read,"White Teeth shines brightest during its many humorous moments and its many true to human nature characters are throughly entertaining. Smith touches on a variety of interesting themes, but the execution is scattered and her grand vision never quite comes together. However, even as a first introduction to Zadie Smith, White Teeth showcases enough of her literary chops that first time Smith readers would be more than likely to continue exploring her works.",,,1,0
203956639,An Academy for Liars,Alexis  Henderson,"Henderson, Alexis",,"=""0593638301""","=""9780593638309""",0,Ace,Hardcover,464,2024,2024,,2024/09/01,to-read,to-read (#1535),to-read,,,,0,0
15796700,Americanah,Chimamanda Ngozi Adichie,"Adichie, Chimamanda Ngozi",Jashar Awan,"=""""","=""""",0,Alfred A. Knopf,Hardcover,477,2013,2013,,2024/09/01,to-read,to-read (#1534),to-read,,,,0,0
209336456,Rest Stop,Nat Cassidy,"Cassidy, Nat",,"=""1959565362""","=""9781959565369""",0,Shortwave Media,Paperback,160,2024,2024,,2024/09/01,to-read,to-read (#1533),to-read,,,,0,0
214151452,The Unworthy,Agustina Bazterrica,"Bazterrica, Agustina",Sarah Moses,"=""1668063700""","=""9781668063705""",0,Scribner,Hardcover,177,2025,2023,,2024/09/01,to-read,to-read (#1532),to-read,,,,0,0
724185,Plain Style: A Guide to Written English,Christopher Lasch,"Lasch, Christopher",Stewart Weaver,"=""0812218140""","=""9780812218145""",0,University of Pennsylvania Press,Paperback,136,2002,2002,,2024/08/31,to-read,to-read (#1531),to-read,,,,0,0
135742,In Praise of Idleness and Other Essays,Bertrand Russell,"Russell, Bertrand",,"=""0415109248""","=""9780415109246""",0,Routledge,Paperback,192,1985,1935,,2024/08/31,to-read,to-read (#1530),to-read,,,,0,0
43566091,Lessons in Stoicism: What Ancient Philosophers Teach Us About How to Live,John   Sellars,"Sellars, John",,"=""0241382777""","=""9780241382776""",0,Allen Lane,Hardcover,96,2019,2019,,2024/08/31,to-read,to-read (#1529),to-read,,,,0,0
201608144,The House of Doors,Tan Twan Eng,"Eng, Tan Twan",,"=""1639734678""","=""9781639734672""",0,Bloomsbury Publishing,Paperback,320,2024,2023,,2024/08/30,to-read,to-read (#1528),to-read,,,,0,0
54479,Around the World in Eighty Days,Jules Verne,"Verne, Jules","Brian W. Aldiss, Michael Glencross","=""014044906X""","=""9780140449068""",0,Penguin Books ,Paperback,252,2004,1872,,2022/12/07,to-read,to-read (#741),to-read,,,,0,0
535705,The Self-Overcoming of Nihilism,Keiji Nishitani,"Nishitani, Keiji","Setsuko Aihara, Graham Parkes","=""0791404382""","=""9780791404386""",0,State University of New York Press,Paperback,274,1990,1949,,2024/08/26,to-read,to-read (#1527),to-read,,,,0,0
202776726,Alien Clay,Adrian Tchaikovsky,"Tchaikovsky, Adrian",,"=""0316578975""","=""9780316578974""",0,Orbit,Paperback,388,2024,2024,,2024/08/26,to-read,to-read (#1526),to-read,,,,0,0
41728466,Japanese Ghost Stories,Lafcadio Hearn,"Hearn, Lafcadio",Paul A. Murray,"=""0241381274""","=""9780241381274""",0,Penguin Classics,Paperback,272,2019,2019,,2024/08/24,to-read,to-read (#1525),to-read,,,,0,0
5695,Demons,Fyodor Dostoevsky,"Dostoevsky, Fyodor","Richard Pevear, Larissa Volokhonsky","=""""","=""""",0,Vintage,Paperback,733,1995,1871,,2024/08/24,to-read,to-read (#1524),to-read,,,,0,0
22060860,The Last Messiah,Peter Wessel Zapffe,"Zapffe, Peter Wessel","Peter Reed, David  Rothenberg","=""""","=""""",0,,Kindle Edition,20,2013,1933,,2024/08/24,to-read,to-read (#1523),to-read,,,,0,0
18823,The Grand Inquisitor,Fyodor Dostoevsky,"Dostoevsky, Fyodor",,"=""1599869535""","=""9781599869537""",0,"Filiquarian Publishing, LLC.",Paperback,32,2006,1879,,2024/08/24,to-read,to-read (#1522),to-read,,,,0,0
284996,The Complete Stories,Flannery O'Connor,"O'Connor, Flannery",Robert Giroux,"=""""","=""""",0,"Farrar, Straus & Giroux",Paperback,555,1971,1971,,2024/08/24,to-read,to-read (#1521),to-read,,,,0,0
10517543,Hell Screen,Ryūnosuke Akutagawa,"Akutagawa, Ryūnosuke",Jay Rubin,"=""014119572X""","=""9780141195728""",0,Penguin Classics/Press,Paperback,58,2011,1918,,2024/08/24,to-read,to-read (#1520),to-read,,,,0,0
19145955,Autobiography of a Corpse,Sigizmund Krzhizhanovsky,"Krzhizhanovsky, Sigizmund","Adam Thirlwell, Joanne Turnbull","=""1590176960""","=""9781590176962""",3.0,NYRB Classics,Kindle Edition,257,2013,1927,2024/08/22,2024/08/03,,,read,"About half of the eleven stories in Autobiography of a Corpse are ingeniously entertaining.  The others are not as ""mind-bending/spellbinding"" as they are marketed to be.  Nevertheless, when Krzhizhanovsky is on point, he proves that he can take practically any uninteresting concept and weave it into a fascinating tale that goes far beyond what your standard wordsmith might come up with.  <br/><br/>Standouts:<br/>The runaway fingers<br/>The unbitten elbow<br/>Bridge over the Styx<br/>Thirty pieces of silver",,,1,0
62909823,Death Valley,Melissa Broder,"Broder, Melissa",,"=""1668024896""","=""9781668024898""",3.0,Scribner,Kindle Edition,205,2023,2023,2024/08/23,2023/04/19,,,read,"3.25-- Death Valley scores major points for its quirkiness, but the protagonist's whimsical musings can only carry the story so far.  Beneath the weirdness lies a rather boring man vs. nature plot line that hints at a transformational character arc that it never quite lives up to.",,,1,0
43190272,"To Be Taught, If Fortunate",Becky Chambers,"Chambers, Becky",,"=""0062936018""","=""9780062936011""",0,Harper Voyager,Paperback,153,2019,2019,,2024/08/23,to-read,to-read (#1519),to-read,,,,0,0
9186100,"Wait Until Spring, Bandini (The Sage of Arturo Bandini #1)",John Fante,"Fante, John",,"=""""","=""""",0,HarperCollins ebooks,Kindle Edition,266,2010,1938,,2024/08/23,to-read,to-read (#1518),to-read,,,,0,0
157975976,Blue Lard,Vladimir Sorokin,"Sorokin, Vladimir",Max Lawton,"=""""","=""""",0,NYRB Classics,Kindle Edition,422,2024,1999,,2024/08/23,to-read,to-read (#1516),to-read,,,,0,0
253984,"A Time of Gifts (Trilogy, #1)",Patrick Leigh Fermor,"Fermor, Patrick Leigh",Jan Morris,"=""1590171659""","=""9781590171653""",0,NYRB Classics,Paperback,321,2005,1977,,2024/08/23,to-read,to-read (#1517),to-read,,,,0,0
15584,Cosmos,Witold Gombrowicz,"Gombrowicz, Witold",Danuta Borchardt,"=""0300108486""","=""9780300108484""",0,Yale University Press,Hardcover,189,2005,1965,,2024/08/23,to-read,to-read (#1515),to-read,,,,0,0
28377,Heartsnatcher,Boris Vian,"Vian, Boris","Stanley  Chapman, Raymond Queneau, John Sturrock","=""1564782999""","=""9781564782991""",0,Dalkey Archive Press,Paperback,245,2003,,,2024/08/23,to-read,to-read (#1514),to-read,,,,0,0
210367505,"Absolution (Southern Reach, #4)",Jeff Vandermeer,"Vandermeer, Jeff",,"=""0374616590""","=""9780374616595""",0,MCD,Hardcover,464,2024,2024,,2024/08/22,to-read,to-read (#1513),to-read,,,,0,0
207293815,Sky Full of Elephants,Cebo Campbell,"Campbell, Cebo",,"=""1668034921""","=""9781668034927""",0,Simon & Schuster,Hardcover,304,2024,2024,,2024/08/22,to-read,to-read (#1512),to-read,,,,0,0
205673377,Under the Eye of the Big Bird,Hiromi Kawakami,"Kawakami, Hiromi",Asa Yoneda,"=""1593766114""","=""9781593766115""",0,Soft Skull,Hardcover,278,2024,2016,,2024/08/22,to-read,to-read (#1511),to-read,,,,0,0
41219,Possession,A.S. Byatt,"Byatt, A.S.",,"=""0679735909""","=""9780679735908""",0,Vintage,Paperback,576,1991,1990,,2024/08/21,to-read,to-read (#1510),to-read,,,,0,0
175675,Ragtime,E.L. Doctorow,"Doctorow, E.L.",,"=""0812978188""","=""9780812978186""",0,Random House,Paperback,320,2010,1975,,2024/08/21,to-read,to-read (#1509),to-read,,,,0,0
242412,The Quick and the Dead,Joy Williams,"Williams, Joy",,"=""0375727647""","=""9780375727641""",0,Vintage Contemporaries,Paperback,308,2002,2000,,2024/08/21,to-read,to-read (#1508),to-read,,,,0,0
53060797,Unwitting Street,Sigizmund Krzhizhanovsky,"Krzhizhanovsky, Sigizmund",Joanne Turnbull,"=""1681374889""","=""9781681374888""",0,NYRB Classics,Paperback,184,2020,2020,,2024/08/17,to-read,to-read (#1507),to-read,,,,0,0
199798092,Death Valley,Melissa Broder,"Broder, Melissa",,"=""1668024861""","=""9781668024867""",0,Scribner,Paperback,256,2024,2023,,2024/03/10,to-read,to-read (#1506),to-read,,,,0,0
28598101,A Whole Life,Robert Seethaler,"Seethaler, Robert",,"=""1785172921""","=""9781785172922""",0,Pan Macmillan,Paperback,149,2015,2014,,2024/08/15,to-read,to-read (#1505),to-read,,,,0,0
15799209,In Cold Blood,Truman Capote,"Capote, Truman",,"=""0812994388""","=""9780812994384""",0,Modern Library,Hardcover,396,2013,1966,,2024/08/15,to-read,to-read (#1504),to-read,,,,0,0
45220,I Never Promised You a Rose Garden,Hannah  Green,"Green, Hannah",Joanne Greenberg,"=""0451160312""","=""9780451160317""",0,Signet,Mass Market Paperback,252,1989,1964,,2024/08/15,to-read,to-read (#1503),to-read,,,,0,0
205837319,In Our Likeness,Bryan VanDyke,"VanDyke, Bryan",,"=""1662522592""","=""9781662522598""",4.0,Little A,Kindle Edition,224,2024,2024,2024/08/13,2024/08/01,,,read,"3.75.<br/><br/>In Our Likeness finds the sweet spot in between science fiction and contemporary fiction.  Many readers may be drawn to VanDyke's novel because of the buzz-topic ""A.I."", but they will keep reading for the mystery and depth that he weaves into the story.  In Our Likeness is far from perfect, but the few problems the book has are easy to overlook because they don't prevent it from being a fun read.",,,1,0
196348977,In the Land of Ninkasi: A History of Beer in Ancient Mesopotamia,Tate Paulette,"Paulette, Tate",,"=""0197682448""","=""9780197682449""",0,Oxford University Press,Hardcover,392,2024,2024,,2024/08/11,to-read,to-read (#1502),to-read,,,,0,0
8124200,Ishtar and Izdubar,Leonidas Le Cenci Hamilton,"Hamilton, Leonidas Le Cenci",Epiphanius Wilson,"=""1409935523""","=""9781409935520""",0,Dodo Press,Paperback,200,2010,2009,,2024/08/11,to-read,to-read (#1501),to-read,,,,0,0
24835,The Sot-Weed Factor,John Barth,"Barth, John",,"=""1903809509""","=""9781903809501""",0,Atlantic Books,Paperback,756,2002,1960,,2024/08/08,to-read,to-read (#1500),to-read,,,,0,0
48484,"Blindsight (Firefall, #1)",Peter Watts,"Watts, Peter",,"=""0765312182""","=""9780765312181""",0,Tor Books,Hardcover,384,2006,2006,,2022/09/01,to-read,to-read (#639),to-read,,,,0,0
20496545,"Death Note, Vol. 4: Love",Tsugumi Ohba,"Ohba, Tsugumi",Takeshi Obata,"=""""","=""""",5.0,VIZ Media: SHONEN JUMP ADVANCED,Kindle Edition,208,2011,2004,2024/08/07,2023/08/05,,,read,,,,1,0
15730101,The Call of Cthulhu,H.P. Lovecraft,"Lovecraft, H.P.",,"=""""","=""""",0,"Amazon Digital Services, Inc.",Kindle Edition,43,2011,1928,,2024/01/08,to-read,to-read (#1162),to-read,,,,0,0
1567,Lysistrata and Other Plays,Aristophanes,"Aristophanes, Aristophanes",,"=""""","=""""",0,Penguin Books,Paperback,241,2008,-423,,2024/01/05,to-read,to-read (#1142),to-read,,,,0,0
280455,The Gentle Spirit,Fyodor Dostoevsky,"Dostoevsky, Fyodor",Fyodor Dostoyevsky,"=""141910134X""","=""9781419101342""",0,Kessinger Publishing,Paperback,86,2004,1876,,2024/08/05,to-read,to-read (#1499),to-read,,,,0,0
29081916,Only Dull People Are Brilliant at Breakfast,Oscar Wilde,"Wilde, Oscar",,"=""""","=""""",0,Penguin,Kindle Edition,60,2016,2016,,2024/08/05,to-read,to-read (#1498),to-read,,,,0,0
1772910,White Nights,Fyodor Dostoevsky,"Dostoevsky, Fyodor",Olga Shartse,"=""""","=""""",3.0,,Paperback,82,1848,1848,2024/08/05,2022/07/16,,,read,,,,1,0
48974,I Am the Cheese,Robert Cormier,"Cormier, Robert",,"=""0141300515""","=""9780141300511""",0,Puffin Books,Paperback,233,1998,1977,,2024/08/04,to-read,to-read (#1497),to-read,,,,0,0
214287627,The Closing Days,Isaac Kovach,"Kovach, Isaac",,"=""""","=""9798990286719""",0,Parallel Grey Press,Kindle Edition,275,2024,2024,,2024/08/04,to-read,to-read (#1496),to-read,,,,0,0
29380,Animal Liberation,Peter Singer,"Singer, Peter",,"=""0060011572""","=""9780060011574""",0,Ecco Press,Paperback,324,2001,1975,,2024/08/04,to-read,to-read (#1495),to-read,,,,0,0
199851460,Alien Clay,Adrian Tchaikovsky,"Tchaikovsky, Adrian",,"=""""","=""""",0,Orbit,Kindle Edition,424,2024,2024,,2024/08/04,to-read,to-read (#1494),to-read,,,,0,0
94486,The Invention of Morel,Adolfo Bioy Casares,"Casares, Adolfo Bioy","Jorge Luis Borges, Ruth L.C. Simms, Suzanne Jill Levine, Norah Borges de Torre","=""1590170571""","=""9781590170571""",0,New York Review Books,Paperback,103,2003,1940,,2024/08/03,to-read,to-read (#1493),to-read,,,,0,0
588747,Lady Audley's Secret,Mary Elizabeth Braddon,"Braddon, Mary Elizabeth",,"=""0192835203""","=""9780192835208""",3.0,Oxford University Press,Paperback,455,1987,1862,2024/08/03,2024/08/01,,,read,,,,1,0
204270371,Lesser Ruins,Mark Haber,"Haber, Mark",,"=""156689719X""","=""9781566897198""",0,Coffee House Press,Paperback,272,2024,2024,,2024/08/02,to-read,to-read (#1492),to-read,,,,0,0
6037460,Flatland: A Romance of Many Dimensions,Edwin A. Abbott,"Abbott, Edwin A.",,"=""1596254998""","=""9781596254992""",3.0,,Kindle Edition,32,,1884,2024/08/02,2023/09/29,,,read,"2.5<br/><br/>Have you ever been reading a geometry textbook and wished the shapes could...do stuff?<br/><br/>Me neither.<br/><br/>But Flatland is what I imagine might ensue if you were doing your math homework, then for some reason decided to ingest some mind-altering chemicals, and instead of solving the problems, you thought it would be hilarious and clever to tell life stories of lines, triangles, squares, and all their friends.<br/><br/>This takes the award for NERDIEST thing I've ever read 🤓<br/><br/>",,,1,0
5984292,Memories of the Future,Sigizmund Krzhizhanovsky,"Krzhizhanovsky, Sigizmund",Joanne Turnbull,"=""1590173198""","=""9781590173190""",0,NYRB Classics,Paperback,228,2009,1929,,2024/07/31,to-read,to-read (#1491),to-read,,,,0,0
55365398,Unidentified man at left of photo,Jeff Bursey,"Bursey, Jeff",,"=""9617036606""","=""9789617036602""",0,corona\samizdat,Paperback,279,2020,,,2024/07/30,to-read,to-read (#1490),to-read,,,,0,0
199798188,Saturation Point (Terrible Worlds: Transformations),Adrian Tchaikovsky,"Tchaikovsky, Adrian",,"=""1837861749""","=""9781837861743""",0,Solaris,Hardcover,165,2024,2024,,2024/07/30,to-read,to-read (#1489),to-read,,,,0,0
202102022,The Hypocrite,Jo Hamya,"Hamya, Jo",,"=""0593701038""","=""9780593701034""",0,Pantheon,Hardcover,240,2024,2024,,2024/07/29,to-read,to-read (#1488),to-read,,,,0,0
79929,"The Rising Sun: The Decline & Fall of the Japanese Empire, 1936-45",John  Toland,"Toland, John",,"=""0812968581""","=""9780812968583""",0,Modern Library,Paperback,976,2003,1970,,2024/07/28,to-read,to-read (#1487),to-read,,,,0,0
34912895,The Great Alone,Kristin Hannah,"Hannah, Kristin",,"=""""","=""""",2.0,St. Martin's Press,Kindle Edition,435,2018,2018,2024/07/28,2024/05/03,,,read,,,,1,0
59576066,The Twilight World,Werner Herzog,"Herzog, Werner",Michael Hofmann,"=""0593490266""","=""9780593490266""",0,Penguin Press,Hardcover,144,2022,2021,,2024/07/28,to-read,to-read (#1486),to-read,,,,0,0
51606,Johnny Got His Gun,Dalton Trumbo,"Trumbo, Dalton",Ron Kovic,"=""0806512814""","=""9780806512815""",0,Citadel,Paperback,309,1998,1939,,2024/07/27,to-read,to-read (#1485),to-read,,,,0,0
27833542,Story Genius: How to Use Brain Science to Go Beyond Outlining and Write a Riveting Novel (Before You Waste Three Years Writing 327 Pages That Go Nowhere),Lisa Cron,"Cron, Lisa",,"=""1607748908""","=""9781607748908""",0,Ten Speed Press,ebook,288,2016,2016,,2024/07/27,to-read,to-read (#1484),to-read,,,,0,0
136354,The Art of Subtext: Beyond Plot,Charles Baxter,"Baxter, Charles",,"=""1555974732""","=""9781555974732""",0,Graywolf Press,Paperback,182,2007,2007,,2024/07/27,to-read,to-read (#1483),to-read,,,,0,0
32533,The Art of Fiction: Notes on Craft for Young Writers,John Gardner,"Gardner, John",,"=""0679734031""","=""9780679734031""",4.0,Vintage,Paperback,240,1991,1984,2024/07/26,2024/07/22,,,read,,,,1,0
183199,"Warlock (Legends West, #1)",Oakley Hall,"Hall, Oakley",Robert Stone,"=""1590171616""","=""9781590171615""",0,New York Review Books,Paperback,488,2005,1958,,2024/07/26,to-read,to-read (#1482),to-read,,,,0,0
418,Been Down So Long It Looks Like Up to Me,Richard Fariña,"Fariña, Richard",Thomas Pynchon,"=""0140189300""","=""9780140189308""",0,Penguin Classics,Paperback,352,1996,1966,,2024/07/26,to-read,to-read (#1481),to-read,,,,0,0
43440,Forty Stories,Donald Barthelme,"Barthelme, Donald",Dave Eggers,"=""0141180943""","=""9780141180946""",0,Penguin Books,Paperback,246,2005,1987,,2024/07/24,to-read,to-read (#1480),to-read,,,,0,0
118345,Sixty Stories,Donald Barthelme,"Barthelme, Donald",David Gates,"=""0141180935""","=""9780141180939""",0,Penguin Books Ltd,Paperback,480,2007,1981,,2024/07/24,to-read,to-read (#1480),to-read,,,,0,0
397483,"The Devil in the White City: Murder, Magic, and Madness at the Fair That Changed America",Erik Larson,"Larson, Erik",,"=""0609608444""","=""9780609608449""",0,Crown Publishers,Hardcover,464,2003,2003,,2024/07/24,to-read,to-read (#1479),to-read,,,,0,0
45680,The Atlas,William T. Vollmann,"Vollmann, William T.",,"=""0140254498""","=""9780140254495""",0,Penguin Publishing Group,Paperback,496,1997,1996,,2024/07/22,to-read,to-read (#1478),to-read,,,,0,0
300736,The Royal Family,William T. Vollmann,"Vollmann, William T.",,"=""014100200X""","=""9780141002002""",0,Penguin Books,Paperback,780,2001,2000,,2024/07/22,to-read,to-read (#1476),to-read,,,,0,0
5719302,Imperial,William T. Vollmann,"Vollmann, William T.",,"=""0670020613""","=""9780670020614""",0,Viking,Hardcover,1308,2009,2009,,2024/07/22,to-read,to-read (#1477),to-read,,,,0,0
45634,"The Ice-Shirt (Seven Dreams, #1)",William T. Vollmann,"Vollmann, William T.",,"=""0140131965""","=""9780140131963""",0,Penguin Publishing Group,Paperback,415,1993,1990,,2024/07/22,to-read,to-read (#1475),to-read,,,,0,0
45633,You Bright and Risen Angels (Contemporary American Fiction),William T. Vollmann,"Vollmann, William T.",,"=""0140110879""","=""9780140110876""",0,Penguin Publishing Group,Paperback,635,1988,1987,,2024/07/22,to-read,to-read (#1474),to-read,,,,0,0
45681,The Rainbow Stories,William T. Vollmann,"Vollmann, William T.",,"=""0140171541""","=""9780140171549""",0,Penguin Publishing Group,Paperback,542,1992,1989,,2024/07/22,to-read,to-read (#1473),to-read,,,,0,0
12398,Europe Central,William T. Vollmann,"Vollmann, William T.",,"=""0143036599""","=""9780143036593""",0,Penguin,Paperback,811,2005,2005,,2024/07/22,to-read,to-read (#1472),to-read,,,,0,0
222388,The Lime Twig,John Hawkes,"Hawkes, John",,"=""0811200655""","=""9780811200653""",0,New Directions,Paperback,190,1961,1961,,2024/07/21,to-read,to-read (#1471),to-read,,,,0,0
57640287,Passing,Nella Larsen,"Larsen, Nella",Brit Bennett,"=""0593437845""","=""9780593437841""",0,Signet,Mass Market Paperback,141,2021,1929,,2024/07/21,to-read,to-read (#1470),to-read,,,,0,0
44126100,Reinhardt's Garden,Mark Haber,"Haber, Mark",,"=""1566895707""","=""9781566895705""",0,Coffee House Press,Kindle Edition,154,2019,2019,,2024/07/21,to-read,to-read (#1469),to-read,,,,0,0
38458433,The Hole,José Revueltas,"Revueltas, José","Amanda Hopkinson, Sophie Hughes, Álvaro Enrigue","=""0811227782""","=""9780811227780""",0,New Directions,Paperback,80,2018,1969,,2024/07/21,to-read,to-read (#1468),to-read,,,,0,0
18596548,Fridays at Enrico's,Don Carpenter,"Carpenter, Don",Jonathan Lethem,"=""1619023016""","=""9781619023017""",0,Counterpoint,Hardcover,352,2014,2014,,2024/07/21,to-read,to-read (#1467),to-read,,,,0,0
102092,Lost Worlds (Bison Frontiers of Imagination Series),Clark Ashton Smith,"Smith, Clark Ashton",Jeff Vandermeer,"=""0803293518""","=""9780803293519""",0,Bison Books,Paperback,419,2006,1944,,2024/07/21,to-read,to-read (#1466),to-read,,,,0,0
63208852,The Logos,Mark de Silva,"Silva, Mark de",,"=""1955904227""","=""9781955904223""",0,Clash Books,Paperback,728,2022,2022,,2024/07/21,to-read,to-read (#1465),to-read,,,,0,0
58878059,A Bended Circuity,Robert S. Stickley,"Stickley, Robert S.",,"=""""","=""""",0,Big Box Publishing,Hardcover,639,2022,2022,,2024/07/20,to-read,to-read (#1464),to-read,,,,0,0
39022072,The Anarchist Who Shared My Name,Pablo Martín Sánchez,"Sánchez, Pablo Martín",Jeff Diteman,"=""1941920721""","=""9781941920725""",0,Deep Vellum Publishing,Kindle Edition,573,2018,2012,,2024/07/20,to-read,to-read (#1463),to-read,,,,0,0
120017148,Pay As You Go,Eskor David Johnson,"Johnson, Eskor David",,"=""195211974X""","=""9781952119743""",0,McSweeney's Publishing,Hardcover,500,2023,2023,,2024/07/20,to-read,to-read (#1462),to-read,,,,0,0
25865473,The Manifold Destiny of Eddie Vegas,Rick Harsch,"Harsch, Rick",,"=""""","=""""",0,River Boat Books,Paperback,718,2019,,,2024/07/20,to-read,to-read (#1461),to-read,,,,0,0
41940346,Clyde Fans,Seth,"Seth, Seth",,"=""1770463577""","=""9781770463578""",0,Drawn and Quarterly,Hardcover,488,2019,2019,,2024/07/18,to-read,to-read (#1460),to-read,,,,0,0
179546787,Ghost Town Living: Mining for Purpose and Chasing Dreams at the Edge of Death Valley,Brent Underwood,"Underwood, Brent",,"=""0593578449""","=""9780593578445""",5.0,Harmony,Hardcover,288,2024,,2024/07/18,2024/07/04,,,read,"Ghost Town Living is an enjoyable, easy read, and a fascinating look at the former mining town of Cerro Gordo.  Brent weaves together the history of the ghost town with accounts of his plight as a modern man seeking deeper meaning in life into an insightful and inspiring story.  His words come off as so truly heartfelt that the reader can't help but root for Brent and the future of Cerro Gordo.",,,1,0
22822858,A Little Life,Hanya Yanagihara,"Yanagihara, Hanya",,"=""0385539258""","=""9780385539258""",2.0,Doubleday,Hardcover,736,2015,2015,2024/07/17,2021/10/28,,,read,"You've heard it's ""torture porn""-- but with all these 5 star reviews...it must be an exaggeration...how bad can it be, really? Plus, you love literary fiction.<br/><br/>After reading some more reviews, you're hesitant. But, there are still SO MANY 5 star reviews...what if this has the potential to be one of your favorite reads?<br/><br/>You just have to know.<br/><br/>You start reading.  Hmm, this isn't bad so far.  Yikes, I'm starting to see a bit of what they were referring to, but there are still some really beautiful moments.<br/><br/>The beautiful moments have started to be overshadowed by the pain. Ugh, this is getting brutal, really brutal.<br/><br/>Wow, pain pain pain. This is actually difficult to listen to, the honesty, the gratuitous suffering and torment.  The end can't come soon enough.<br/><br/>You plow through the pain, the torture, the agony.  You emerge at the other end feeling like Frodo after he finally threw the ring into Mt. Doom to destroy it.<br/><br/>But you don't feel joy or satisfaction, only regret.<br/><br/>But at least you know.",,,1,0
55879116,The Wingspan of Severed Hands,Joanna Koch,"Koch, Joanna",Joe Koch,"=""""","=""""",0,Weirdpunk Books,Paperback,118,2020,2020,,2024/07/14,to-read,to-read (#1458),to-read,,,,0,0
3805,The Corrections,Jonathan Franzen,"Franzen, Jonathan",,"=""1841156736""","=""9781841156736""",0,Fourth Estate Paperbacks,Paperback,653,2002,2001,,2024/07/14,to-read,to-read (#1457),to-read,,,,0,0
297673,The Brief Wondrous Life of Oscar Wao,Junot Díaz,"Díaz, Junot",,"=""1594489580""","=""9781594489587""",0,Riverhead Books,Hardcover,335,2007,2007,,2024/07/14,to-read,to-read (#1456),to-read,,,,0,0
40163119,Say Nothing: A True Story of Murder and Memory in Northern Ireland,Patrick Radden Keefe,"Keefe, Patrick Radden",,"=""0385521316""","=""9780385521314""",0,Doubleday,Hardcover,441,2019,2018,,2024/07/14,to-read,to-read (#1455),to-read,,,,0,0
40180098,The Overstory,Richard Powers,"Powers, Richard",,"=""039335668X""","=""9780393356687""",0,W.W. Norton & Company,Paperback,502,2019,2018,,2024/07/14,to-read,to-read (#1454),to-read,,,,0,0
190372,The Last Samurai,Helen DeWitt,"DeWitt, Helen",,"=""0786887001""","=""9780786887002""",0,Miramax,Paperback,544,2002,2000,,2024/07/14,to-read,to-read (#1453),to-read,,,,0,0
139087,The Line of Beauty,Alan Hollinghurst,"Hollinghurst, Alan",,"=""0739464469""","=""9780739464465""",0,Bloomsbury,Paperback,438,2004,2004,,2024/07/14,to-read,to-read (#1452),to-read,,,,0,0
18803640,H is for Hawk,Helen Macdonald,"Macdonald, Helen",,"=""0224097008""","=""9780224097000""",0,Grove Press,Hardcover,300,2014,2014,,2024/07/14,to-read,to-read (#1451),to-read,,,,0,0
22929741,The Argonauts,Maggie Nelson,"Nelson, Maggie",,"=""1555977073""","=""9781555977078""",0,Graywolf Press,Hardcover,160,2015,2015,,2024/07/14,to-read,to-read (#1450),to-read,,,,0,0
20613582,10:04,Ben Lerner,"Lerner, Ben",,"=""0865478104""","=""9780865478107""",0,"Farrar, Straus and Giroux",Hardcover,256,2014,2014,,2024/07/14,to-read,to-read (#1449),to-read,,,,0,0
45304101,The Great Believers,Rebecca Makkai,"Makkai, Rebecca",,"=""073522353X""","=""9780735223530""",0,Penguin Books,Paperback,421,2019,2018,,2024/07/14,to-read,to-read (#1448),to-read,,,,0,0
30688435,Exit West,Mohsin Hamid,"Hamid, Mohsin",,"=""0735212171""","=""9780735212176""",0,Riverhead Books,Hardcover,231,2017,2017,,2024/07/14,to-read,to-read (#1447),to-read,,,,0,0
60246552,Septology,Jon Fosse,"Fosse, Jon",,"=""1804270067""","=""9781804270066""",0,Fitzcarraldo Editions,Paperback,825,2022,2022,,2024/07/14,to-read,to-read (#1446),to-read,,,,0,0
25912206,The Noise of Time,Julian Barnes,"Barnes, Julian",,"=""1910702609""","=""9781910702604""",0,London : Jonathan Cape,Hardcover,184,2016,2016,,2024/07/14,to-read,to-read (#1445),to-read,,,,0,0
23168277,"The Sympathizer (The Sympathizer, #1)",Viet Thanh Nguyen,"Nguyen, Viet Thanh",,"=""0802123457""","=""9780802123459""",0,Grove Press,Hardcover,384,2015,2015,,2024/07/14,to-read,to-read (#1444),to-read,,,,0,0
11734,"The Human Stain (The American Trilogy, #3)",Philip Roth,"Roth, Philip",,"=""""","=""""",0,Vintage,Paperback,361,2001,2000,,2024/07/14,to-read,to-read (#1443),to-read,,,,0,0
77810,The Days of Abandonment,Elena Ferrante,"Ferrante, Elena",Ann Goldstein,"=""1933372001""","=""9781933372006""",0,Europa Editions,Paperback,188,2005,2002,,2024/07/14,to-read,to-read (#1442),to-read,,,,0,0
3679,On Beauty,Zadie Smith,"Smith, Zadie",,"=""0143037749""","=""9780143037743""",0,Penguin Books,Paperback,445,2006,2005,,2024/07/14,to-read,to-read (#1441),to-read,,,,0,0
20439328,How to be Both,Ali Smith,"Smith, Ali",,"=""""","=""""",0,Penguin,Kindle Edition,376,2014,2014,,2024/07/14,to-read,to-read (#1440),to-read,,,,0,0
8380409,The Instructions,Adam Levin,"Levin, Adam",,"=""1934781827""","=""9781934781821""",0,McSweeneys Books,Hardcover,1030,2010,2010,,2024/07/14,to-read,to-read (#1439),to-read,,,,0,0
200555235,Liars,Sarah Manguso,"Manguso, Sarah",,"=""0593241258""","=""9780593241257""",0,Hogarth,Hardcover,272,2024,2024,,2024/07/14,to-read,to-read (#1438),to-read,,,,0,0
199797737,My Name Is Iris,Brando Skyhorse,"Skyhorse, Brando",,"=""1982177861""","=""9781982177867""",0,Avid Reader Press / Simon & Schuster,Paperback,288,2024,2023,,2024/07/12,to-read,to-read (#1437),to-read,,,,0,0
18122,"The Amber Spyglass (His Dark Materials, #3)",Philip Pullman,"Pullman, Philip",,"=""0440238153""","=""9780440238157""",0,Laurel Leaf,Mass Market Paperback,465,2003,2000,,2024/07/11,to-read,to-read (#1436),to-read,,,,0,0
41637836,"The Subtle Knife (His Dark Materials, #2)",Philip Pullman,"Pullman, Philip",,"=""""","=""""",0,RHCP Digital,Kindle Edition,370,2018,1997,,2024/07/11,to-read,to-read (#1435),to-read,,,,0,0
119322,"The Golden Compass (His Dark Materials, #1)",Philip Pullman,"Pullman, Philip",,"=""0679879242""","=""9780679879244""",4.0,RANDOM HOUSE TRADE,Hardcover,399,1996,1995,2024/07/11,2024/06/25,,,read,,,,1,0
6751,Consider the Lobster and Other Essays,David Foster Wallace,"Wallace, David Foster",,"=""0316156116""","=""9780316156110""",0,"Little, Brown and Company",Hardcover,343,2005,2005,,2024/07/09,to-read,to-read (#1434),to-read,,,,0,0
18839,Orlando,Virginia Woolf,"Woolf, Virginia","Sandra M. Gilbert, Brenda Lyons","=""0141184272""","=""9780141184272""",0,Modern Classics,Paperback,336,2000,1928,,2024/07/09,to-read,to-read (#1433),to-read,,,,0,0
40471,Outer Dark,Cormac McCarthy,"McCarthy, Cormac",,"=""0330314920""","=""9780330314923""",0,Picador,Paperback,256,2007,1968,,2024/07/08,to-read,to-read (#1432),to-read,,,,0,0
29939363,Transit,Rachel Cusk,"Cusk, Rachel",,"=""0374278628""","=""9780374278625""",0,"Farrar, Straus and Giroux",Hardcover,260,2017,2016,,2024/07/08,to-read,to-read (#1431),to-read,,,,0,0
35961705,Kudos,Rachel Cusk,"Cusk, Rachel",,"=""1473524334""","=""9781473524330""",0,Vintage Digital,ebook,236,2018,2018,,2024/07/08,to-read,to-read (#1430),to-read,,,,0,0
21400742,Outline,Rachel Cusk,"Cusk, Rachel",,"=""0571233627""","=""9780571233625""",0,Faber & Faber,Hardcover,249,2014,2014,,2024/07/08,to-read,to-read (#1429),to-read,,,,0,0
158516,The Twelve Chairs,Ilya Ilf,"Ilf, Ilya","Yevgeny Petrov, Maurice Friedberg, John H.C. Richardson, Илья Ильф, Евгений Петров","=""0810114844""","=""9780810114845""",0,Northwestern University Press,Paperback,395,1997,1928,,2024/07/07,to-read,to-read (#1428),to-read,,,,0,0
113205,Heart of a Dog,Mikhail Bulgakov,"Bulgakov, Mikhail","Mirra Ginsburg, Михаил Булгаков, Michail Bulgakov","=""0802150594""","=""9780802150592""",4.0,Grove Press,Paperback,123,1994,1925,2024/07/07,2022/07/16,,,read,,,,1,0
10256532,The Voice in the Night,William Hope Hodgson,"Hodgson, William Hope",,"=""""","=""""",4.0,,Unknown Binding,,,1907,2024/07/07,2024/07/07,,,read,,,,1,0
10129880,The Colour Out of Space,H.P. Lovecraft,"Lovecraft, H.P.",,"=""0141196106""","=""9780141196107""",0,Penguin Classic,Mass Market Paperback,78,2011,1927,,2024/07/07,to-read,to-read (#1427),to-read,,,,0,0
1393510,"The Ring (Ring, #1)",Kōji Suzuki,"Suzuki, Kōji","Bernhard Liesen, Katrin Marburger","=""3453866797""","=""9783453866799""",0,Heyne Verlag,Paperback,301,2003,1991,,2024/07/07,to-read,to-read (#1426),to-read,,,,0,0
34605,The Damnation Game,Clive Barker,"Barker, Clive",,"=""0425188930""","=""9780425188934""",0,Berkley Books,Mass Market Paperback,433,2002,1985,,2024/07/07,to-read,to-read (#1425),to-read,,,,0,0
17274667,"Metro 2033 (Metro, #1)",Dmitry Glukhovsky,"Glukhovsky, Dmitry",Natasha Randall,"=""1481845705""","=""9781481845700""",0,Gollancz,Paperback,458,2013,2002,,2024/07/07,to-read,to-read (#1424),to-read,,,,0,0
6065215,The Strain (The Strain #1),Guillermo del Toro,"Toro, Guillermo del",Chuck Hogan,"=""0061558230""","=""9780061558238""",0,William Morrow,Hardcover,403,2009,2009,,2024/07/07,to-read,to-read (#1423),to-read,,,,0,0
32277642,The King in Yellow,Robert W. Chambers,"Chambers, Robert W.",,"=""153905344X""","=""9781539053446""",0,Createspace Independent Publishing Platform,Paperback,224,2016,1895,,2024/07/07,to-read,to-read (#1422),to-read,,,,0,0
28293,Life: A User's Manual,Georges Perec,"Perec, Georges",David Bellos,"=""0879237511""","=""9780879237516""",0,"David R. Godine, Publisher",Paperback,581,1988,1978,,2024/07/07,to-read,to-read (#1421),to-read,,,,0,0
888888,Women and Men,Joseph McElroy,"McElroy, Joseph",,"=""1564780236""","=""9781564780232""",0,Dalkey Archive Press,Paperback,1192,1993,1987,,2024/07/07,to-read,to-read (#1420),to-read,,,,0,0
12468,The Executioner's Song,Norman Mailer,"Mailer, Norman",,"=""0375700811""","=""9780375700811""",0,Vintage,Paperback,1056,1998,1979,,2024/07/06,to-read,to-read (#1419),to-read,,,,0,0
44279110,My Year of Rest and Relaxation,Ottessa Moshfegh,"Moshfegh, Ottessa",,"=""0525522131""","=""9780525522133""",3.0,Penguin Books,Paperback,289,2019,2018,2024/07/05,2022/06/26,,,read,,,,1,0
63313297,The Details,Ia Genberg,"Genberg, Ia",Kira Josefsson,"=""0063309718""","=""9780063309715""",0,HarperVia,Hardcover,144,2023,2022,,2024/07/02,to-read,to-read (#1418),to-read,,,,0,0
181109993,Evenings and Weekends,Oisín McKenna,"McKenna, Oisín",,"=""0063319977""","=""9780063319974""",0,Mariner Books,Hardcover,352,2024,2024,,2024/07/02,to-read,to-read (#1417),to-read,,,,0,0
177058753,Fruit of the Dead,Rachel  Lyon,"Lyon, Rachel",,"=""1668020874""","=""9781668020876""",0,Scribner,Kindle Edition,316,2024,2024,,2024/07/01,to-read,to-read (#1416),to-read,,,,0,0
53223710,Heaven,Mieko Kawakami,"Kawakami, Mieko","Sam Bett, David  Boyd","=""1609456211""","=""9781609456214""",2.0,Europa Editions,Hardcover,192,2021,2009,2024/06/30,2024/06/24,,,read,,,,1,0
206571250,If Beale Street Could Talk,James Baldwin,"Baldwin, James",Brit Bennett,"=""0593688988""","=""9780593688984""",0,Vintage,Paperback,224,2024,1974,,2024/06/30,to-read,to-read (#1415),to-read,,,,0,0
682742,The Golden Key,George MacDonald,"MacDonald, George",Maurice Sendak,"=""0374425906""","=""9780374425906""",0,"Farrar, Straus and Giroux (BYR)",Paperback,96,1984,1867,,2024/06/29,to-read,to-read (#1414),to-read,,,,0,0
184419,The Man Who Was Thursday: A Nightmare,G.K. Chesterton,"Chesterton, G.K.",Jonathan Lethem,"=""0375757910""","=""9780375757914""",0,Modern Library,Paperback,182,2001,1908,,2024/06/29,to-read,to-read (#1413),to-read,,,,0,0
6784686,Leaf by Niggle,J.R.R. Tolkien,"Tolkien, J.R.R.",,"=""""","=""""",4.0,Trinity Forum,ebook,22,2003,1945,2024/06/29,2024/06/29,,,read,,,,1,0
587678,The Cannibal,John Hawkes,"Hawkes, John",,"=""0811200639""","=""9780811200639""",0,New Directions,Paperback,195,1962,1949,,2024/06/28,to-read,to-read (#1412),to-read,,,,0,0
27208,The Third Policeman,Flann O'Brien,"O'Brien, Flann",Denis Donoghue,"=""156478214X""","=""9781564782144""",0,Dalkey Archive Press,Paperback,200,2002,1967,,2024/06/28,to-read,to-read (#1411),to-read,,,,0,0
7331435,A Visit from the Goon Squad,Jennifer Egan,"Egan, Jennifer",,"=""0307592839""","=""9780307592835""",0,Knopf,Hardcover,274,2010,2010,,2024/06/28,to-read,to-read (#1410),to-read,,,,0,0
4953,A Heartbreaking Work of Staggering Genius,Dave Eggers,"Eggers, Dave",,"=""0375725784""","=""9780375725784""",0,Vintage,Paperback,530,2001,2000,,2024/06/28,to-read,to-read (#1409),to-read,,,,0,0
11003233,A Short Stay in Hell,Steven L. Peck,"Peck, Steven L.",,"=""""","=""""",5.0,Strange Violin Editions,Kindle Edition,110,2012,2011,2023/10/06,2022/09/01,"favorites, 20-before-20","favorites (#7), 20-before-20 (#8)",read,"A story that takes place in hell has its setting listed by Goodreads as The United States of America. LOL<br/><br/>But is it really that ironic?<br/><br/>Like Peck's protagonist, we're doing the best we can in circumstances we didn't choose, either clinging to hope and moving forward or succumbing to hopelessness. <br/><br/>This quick read was a fun one that I could see easily returning to in the future.",,,1,0
58784475,"Tomorrow, and Tomorrow, and Tomorrow",Gabrielle Zevin,"Zevin, Gabrielle",,"=""0735243344""","=""9780735243347""",5.0,Knopf,Paperback,399,2022,2022,2022/08/16,2022/06/28,"favorites, 20-before-20","favorites (#6), 20-before-20 (#13)",read,"<i>Tomorrow, and Tomorrow, and Tomorrow</i> surpassed all my expectations with the depth of its characters and its beautiful motifs in real and virtual worlds.  It's a captivating study of how passions in life and relationships affect each other. Zevin manages to weave nostalgia and tangible emotion into a dazzling story while offering insights into a wide range of social issues.",,,2,0
125483077,Verdigris,Michele Mari,"Mari, Michele",Brian Robert Moore,"=""1913505901""","=""9781913505905""",0,And Other Stories,Paperback,240,2024,2007,,2024/06/28,to-read,to-read (#1408),to-read,,,,0,0
108706,Requiem,Curtis White,"White, Curtis",,"=""1564783081""","=""9781564783080""",0,Dalkey Archive Press,Paperback,332,2001,2001,,2024/06/28,to-read,to-read (#1407),to-read,,,,0,0
15054,Written on the Body,Jeanette Winterson,"Winterson, Jeanette",,"=""0679744479""","=""9780679744474""",0,Vintage International,Paperback,190,1994,1992,,2024/06/27,to-read,to-read (#1406),to-read,,,,0,0
40200,The Crimson Petal and the White,Michel Faber,"Faber, Michel",,"=""1841954314""","=""9781841954318""",0,Canongate Books,Paperback,922,2003,2002,,2024/06/27,to-read,to-read (#1405),to-read,,,,0,0
123063,Under the Skin,Michel Faber,"Faber, Michel",,"=""1841954802""","=""9781841954806""",0,Canongate Books Ltd,Paperback,296,2004,2000,,2024/06/27,to-read,to-read (#1404),to-read,,,,0,0
66087060,"Fever House (Fever House, #1)",Keith Rosson,"Rosson, Keith",,"=""0593595750""","=""9780593595756""",0,Random House,Hardcover,417,2023,2023,,2024/06/26,to-read,to-read (#1403),to-read,,,,0,0
58328439,Calling for a Blanket Dance,Oscar Hokeah,"Hokeah, Oscar",,"=""1643751476""","=""9781643751474""",0,Algonquin Books,Hardcover,258,2022,2022,,2024/06/26,to-read,to-read (#1402),to-read,,,,0,0
58210933,Trust,Hernan Diaz,"Diaz, Hernan",,"=""""","=""""",0,Riverhead Books,Hardcover,402,2022,2022,,2024/06/26,to-read,to-read (#1401),to-read,,,,0,0
59419625,"Shutter (Rita Todacheene, #1)",Ramona Emerson,"Emerson, Ramona",,"=""1641293330""","=""9781641293334""",0, Soho Crime,Hardcover,296,2022,2022,,2024/06/26,to-read,to-read (#1400),to-read,,,,0,0
60165418,Dinosaurs,Lydia Millet,"Millet, Lydia",,"=""1324021462""","=""9781324021469""",0,W. W. Norton & Company,Hardcover,230,2022,2022,,2024/06/26,to-read,to-read (#1399),to-read,,,,0,0
202468425,"The Full Moon Coffee Shop (The Full Moon Coffee Shop, #1)",Mai Mochizuki,"Mochizuki, Mai",Jesse Kirkwood,"=""0593726820""","=""9780593726822""",0,Ballantine Books,Hardcover,240,2024,2020,,2024/06/25,to-read,to-read (#1398),to-read,,,,0,0
59892213,Dead-End Memories: Stories,Banana Yoshimoto,"Yoshimoto, Banana",Asa Yoneda,"=""1640093699""","=""9781640093690""",0,Counterpoint,Hardcover,240,2022,2003,,2024/06/25,to-read,to-read (#1397),to-read,,,,0,0
199793431,The Mighty Red,Louise Erdrich,"Erdrich, Louise",,"=""0063277050""","=""9780063277052""",0,Harper,Hardcover,369,2024,2024,,2024/06/25,to-read,to-read (#1396),to-read,,,,0,0
113877384,Sipsworth,Simon Van Booy,"Booy, Simon Van",,"=""1567927947""","=""9781567927948""",0,"David R. Godine, Publisher",Hardcover,224,2024,2024,,2024/06/25,to-read,to-read (#1395),to-read,,,,0,0
20488405,Love Is Not Constantly Wondering If You Are Making the Biggest Mistake of Your Life,Anonymous,"Anonymous, Anonymous",Sarah Miller,"=""0983632723""","=""9780983632726""",0,Perfect Day Publishing,Paperback,116,2011,2011,,2024/06/24,to-read,to-read (#1394),to-read,,,,0,0
607639,The Beach,Alex Garland,"Garland, Alex",,"=""1573226521""","=""9781573226523""",0,Riverhead Books,Paperback,436,1998,1996,,2024/06/24,to-read,to-read (#1393),to-read,,,,0,0
57845088,The Unwritten Book: An Investigation,Samantha Hunt,"Hunt, Samantha",,"=""0374604916""","=""9780374604912""",0,"Farrar, Straus and Giroux",Hardcover,384,2022,2022,,2024/06/24,to-read,to-read (#1392),to-read,,,,0,0
60165417,A Minor Chorus,Billy-Ray Belcourt,"Belcourt, Billy-Ray",,"=""132402142X""","=""9781324021421""",0,W. W. Norton & Company,Paperback,162,2022,2022,,2024/06/24,to-read,to-read (#1391),to-read,,,,0,0
101453,Jane: A Murder,Maggie Nelson,"Nelson, Maggie",,"=""1932360719""","=""9781932360714""",0,Soft Skull Pr,Paperback,224,2005,2005,,2024/06/24,to-read,to-read (#1390),to-read,,,,0,0
25365,Out,Natsuo Kirino,"Kirino, Natsuo",,"=""1400078377""","=""9781400078370""",0,Vintage,Paperback,400,2005,1997,,2024/06/24,to-read,to-read (#1389),to-read,,,,0,0
3066,The Fixer,Bernard Malamud,"Malamud, Bernard",Jonathan Safran Foer,"=""0374529388""","=""9780374529383""",0,"Farrar, Straus and Giroux",Paperback,335,2004,1966,,2024/06/24,to-read,to-read (#1388),to-read,,,,0,0
42990,Youngblood Hawke,Herman Wouk,"Wouk, Herman",,"=""0316955175""","=""9780316955171""",0,"Little, Brown and Company",Paperback,783,1990,1962,,2024/06/24,to-read,to-read (#1387),to-read,,,,0,0
50736031,Breasts and Eggs,Mieko Kawakami,"Kawakami, Mieko","Sam Bett, David  Boyd","=""1609455878""","=""9781609455873""",0,Europa Editions,Hardcover,430,2020,2008,,2024/06/24,to-read,to-read (#1387),to-read,,,,0,0
18521,A Room of One’s Own,Virginia Woolf,"Woolf, Virginia",,"=""""","=""""",3.0,Penguin Books,Paperback,112,2000,1929,2024/06/21,2023/07/09,,,read,,,,1,0
117833,The Master and Margarita,Mikhail Bulgakov,"Bulgakov, Mikhail","Diana Lewis Burgin, Katherine Tiernan O'Connor, Ellendea Proffer, Hans Fronius, Михаил Булгаков","=""0679760806""","=""9780679760801""",4.0,Vintage International,Paperback,372,1996,1925,2024/06/20,2021/12/16,,,read,,,,1,0
182110735,The Sisters K,Maureen Sun,"Sun, Maureen",,"=""1961884062""","=""9781961884069""",0,The Unnamed Press,Hardcover,380,2024,2024,,2024/06/20,to-read,to-read (#1386),to-read,,,,0,0
58642436,The Status Game: On Human Life and How to Play It,Will Storr,"Storr, Will",,"=""0008354650""","=""9780008354657""",0,William Collins,Kindle Edition,437,2021,,,2024/06/19,to-read,to-read (#1385),to-read,,,,0,0
199515825,All This & More,Peng Shepherd,"Shepherd, Peng",,"=""0063278979""","=""9780063278974""",0,William Morrow,Hardcover,469,2024,2024,,2024/06/18,to-read,to-read (#1384),to-read,,,,0,0
197798168,All Fours,Miranda July,"July, Miranda",,"=""0593190262""","=""9780593190265""",3.0,Riverhead Books,Hardcover,336,2024,2024,2024/06/18,2024/01/24,,,read,,,,1,0
57615543,Gilgamesh: A New Translation of the Ancient Epic,Sophus Helle,"Helle, Sophus",,"=""0300251181""","=""9780300251180""",5.0,Yale University Press,Hardcover,320,2021,-1800,2024/03/08,2024/01/03,,,read,,,,1,0
63033,The Savage Detectives,Roberto Bolaño,"Bolaño, Roberto",Natasha Wimmer,"=""0374191484""","=""9780374191481""",0,"Farrar, Straus and Giroux",Hardcover,577,2007,1998,,2024/06/16,to-read,to-read (#1383),to-read,,,,0,0
331319,An American Tragedy,Theodore Dreiser,"Dreiser, Theodore",Richard R. Lingeman,"=""0451527704""","=""9780451527707""",0,Signet Classics,Mass Market Paperback,859,2000,1925,,2024/06/16,to-read,to-read (#1382),to-read,,,,0,0
29999,The Maltese Falcon,Dashiell Hammett,"Hammett, Dashiell",,"=""""","=""""",0,Orion,Paperback,213,2005,1930,,2024/06/16,to-read,to-read (#1381),to-read,,,,0,0
17143,Go Tell It on the Mountain,James Baldwin,"Baldwin, James",,"=""0141185910""","=""9780141185910""",0,Penguin,Paperback,256,2001,1953,,2024/06/16,to-read,to-read (#1380),to-read,,,,0,0
531262,A Handful of Dust,Evelyn Waugh,"Waugh, Evelyn",,"=""0316926051""","=""9780316926058""",0,Back Bay Books,Paperback,308,1999,1934,,2024/06/16,to-read,to-read (#1379),to-read,,,,0,0
43945,Portnoy’s Complaint,Philip Roth,"Roth, Philip",,"=""""","=""""",0,Vintage,Paperback,274,1995,1969,,2024/06/16,to-read,to-read (#1378),to-read,,,,0,0
18765,"I, Claudius (Claudius, #1)",Robert Graves,"Graves, Robert",,"=""067972477X""","=""9780679724773""",0,Vintage,Paperback,469,1989,1934,,2024/06/16,to-read,to-read (#1377),to-read,,,,0,0
113441,The Day of the Locust,Nathanael West,"West, Nathanael",,"=""0451523482""","=""9780451523488""",0,Signet Classic,Mass Market Paperback,208,1983,1939,,2024/06/16,to-read,to-read (#1376),to-read,,,,0,0
27333,Silent Spring,Rachel Carson,"Carson, Rachel",,"=""""","=""""",0,Mariner Books,Paperback,378,2002,1962,,2024/06/16,to-read,to-read (#1375),to-read,,,,0,0
91953,Leviathan,Thomas Hobbes,"Hobbes, Thomas","Marshall Missner, Crawford Brough Macpherson","=""0140431950""","=""9780140431957""",0,Penguin Books,Paperback,736,1981,1651,,2024/06/16,to-read,to-read (#1374),to-read,,,,0,0
5527,All the King's Men,Robert Penn Warren,"Warren, Robert Penn",Joseph Blotner,"=""""","=""""",0,Harcourt Brace,Paperback,439,1996,1946,,2024/06/16,to-read,to-read (#1373),to-read,,,,0,0
2052,"The Big Sleep (Philip Marlowe, #1)",Raymond Chandler,"Chandler, Raymond",,"=""""","=""""",0,Vintage Crime,Paperback,231,1988,1939,,2024/06/16,to-read,to-read (#1372),to-read,,,,0,0
201727083,Guilty by Definition (The Clarendon Lexicographers #1),Susie Dent,"Dent, Susie",,"=""1804183962""","=""9781804183960""",0,Zaffre,Kindle Edition,416,2024,2024,,2024/06/16,to-read,to-read (#1371),to-read,,,,0,0
42200387,Permafrost,Eva Baltasar,"Baltasar, Eva",Nicole d'Amonville Alegría,"=""8439735146""","=""9788439735144""",0,Literatura Random House,Paperback,144,2018,2018,,2024/06/16,to-read,to-read (#1370),to-read,,,,0,0
138371,Gilgamesh: A New English Version,Unknown,"Unknown, Unknown",Stephen Mitchell,"=""""","=""""",0,Atria Books,Paperback,290,2006,-1800,,2023/07/17,to-read,to-read (#881),to-read,,,,0,0
1651684,Symbol Sourcebook: An Authoritative Guide to International Graphic Symbols,Henry Dreyfuss,"Dreyfuss, Henry",,"=""0471288721""","=""9780471288725""",0,Wiley,Paperback,288,1991,1972,,2024/06/16,to-read,to-read (#1369),to-read,,,,0,0
203662850,"Lovely, Dark & Deep",Megan Stockton,"Stockton, Megan",,"=""""","=""""",0,Bad Luck Cat Publishing,Kindle Edition,175,2024,,,2024/06/15,to-read,to-read (#1368),to-read,,,,0,0
35524932,"Stolen Tongues (Stolen Tongues, #1)",Felix Blackwell,"Blackwell, Felix",,"=""""","=""""",0,,Kindle Edition,320,2017,2017,,2024/06/15,to-read,to-read (#1367),to-read,,,,0,0
60840449,The Haar,David Sodergren,"Sodergren, David",,"=""""","=""""",0,Paperbacks and Pugs,Kindle Edition,206,2022,2022,,2024/06/15,to-read,to-read (#1366),to-read,,,,0,0
14578407,Penpal,Dathan Auerbach,"Auerbach, Dathan",,"=""098554550X""","=""9780985545505""",0,1000Vultures,Paperback,242,2012,2012,,2024/06/15,to-read,to-read (#1365),to-read,,,,0,0
201576919,Cursed,Leigh Kenny,"Kenny, Leigh",,"=""""","=""""",0,Sister Creep Press,Kindle Edition,129,2023,2023,,2024/06/15,to-read,to-read (#1364),to-read,,,,0,0
202142414,Eynhallow,Tim McGregor,"McGregor, Tim",,"=""1947879669""","=""9781947879669""",0,Raw Dog Screaming Press,Hardcover,178,2024,2024,,2024/06/15,to-read,to-read (#1363),to-read,,,,0,0
194028842,The Day of the Door,Laurel Hightower,"Hightower, Laurel",,"=""""","=""""",0,Ghoulish Books ,Paperback,228,2024,2024,,2024/06/15,to-read,to-read (#1362),to-read,,,,0,0
201048401,All the Fiends of Hell,Adam L.G. Nevill,"Nevill, Adam L.G.",,"=""1739378423""","=""9781739378424""",0,Ritual Limited,Kindle Edition,393,2024,2024,,2024/06/15,to-read,to-read (#1361),to-read,,,,0,0
65212021,Schrader's Chord,Scott Leeds,"Leeds, Scott",,"=""1250232074""","=""9781250232076""",0,Tor Nightfire,Hardcover,434,2023,2023,,2024/06/15,to-read,to-read (#1360),to-read,,,,0,0
65212029,Nestlings,Nat Cassidy,"Cassidy, Nat",,"=""1250265258""","=""9781250265258""",0,Tor Nightfire,Paperback,293,2023,2023,,2024/06/15,to-read,to-read (#1359),to-read,,,,0,0
10803824,Come Closer,Sara Gran,"Gran, Sara",,"=""1616951001""","=""9781616951009""",2.0,Soho Press,Paperback,168,2011,2003,2024/06/15,2022/10/09,,,read,,,,1,0
126710,"Mountolive (The Alexandria Quartet, #3)",Lawrence Durrell,"Durrell, Lawrence",,"=""0140153209""","=""9780140153200""",0,Penguin Books,Paperback,320,1991,1958,,2024/06/15,to-read,to-read (#1358),to-read,,,,0,0
733473,The Futurological Congress: From the Memoirs of Ijon Tichy,Stanisław Lem,"Lem, Stanisław",,"=""0156340402""","=""9780156340403""",0,Harper Voyager,Paperback,149,1985,1971,,2024/06/15,to-read,to-read (#1357),to-read,,,,0,0
24861,Demian: Die Geschichte von Emil Sinclairs Jugend,Hermann Hesse,"Hesse, Hermann",Thomas Mann,"=""""","=""9783518367063""",0,Suhrkamp Verlag,Paperback,193,1974,1919,,2024/06/15,to-read,to-read (#1356),to-read,,,,0,0
23876,Of Love and Other Demons,Gabriel García Márquez,"Márquez, Gabriel García",,"=""0517405091""","=""9780517405093""",0,Random House Value Publishing,Paperback,160,1999,1994,,2024/06/15,to-read,to-read (#1355),to-read,,,,0,0
14185,The Three Stigmata of Palmer Eldritch,Philip K. Dick,"Dick, Philip K.",,"=""1407247425""","=""9781407247427""",0,Gollancz,Paperback,231,2010,1965,,2024/06/15,to-read,to-read (#1354),to-read,,,,0,0
13542572,The Double Death of Quincas Water-Bray,Jorge Amado,"Amado, Jorge","Gregory Rabassa, Rivka Galchen","=""0143106368""","=""9780143106364""",0,Penguin Books Ltd,Paperback,96,2012,1959,,2024/06/15,to-read,to-read (#1353),to-read,,,,0,0
1875666,Anna In w grobowcach świata,Olga Tokarczuk,"Tokarczuk, Olga",,"=""8324007393""","=""9788324007394""",0,Społeczny Instytut Wydawniczy Znak,Paperback,223,2006,2006,,2024/06/14,to-read,to-read (#1352),to-read,,,,0,0
49090884,Tender Is the Flesh,Agustina Bazterrica,"Bazterrica, Agustina",Sarah Moses,"=""""","=""""",3.0,Scribner,Paperback,209,2020,2017,2024/06/14,2021/11/22,,,read,I don't know how Tender Is the Flesh was supposed to end...but that wasn't it! It was so disappointing too because everything was so well done up until the last few chapters.,,,1,0
60321407,"The Book of Magic (Practical Magic, #2)",Alice Hoffman,"Hoffman, Alice",,"=""1982151498""","=""9781982151492""",0,Marysue Rucci Books/Scribner,Paperback,416,2022,2021,,2024/06/14,to-read,to-read (#1351),to-read,,,,0,0
214152164,Friends of the Museum,Heather McGowan,"McGowan, Heather",,"=""1668031272""","=""9781668031278""",0,Washington Square Press,Hardcover,496,2025,2025,,2024/06/13,to-read,to-read (#1350),to-read,,,,0,0
195790861,Service Model,Adrian Tchaikovsky,"Tchaikovsky, Adrian",,"=""1250290287""","=""9781250290281""",0,Tor Books,Hardcover,384,2024,2024,,2024/06/12,to-read,to-read (#1349),to-read,,,,0,0
62109191,Linghun,Ai Jiang,"Jiang, Ai",,"=""""","=""""",0,Dark Matter INK,Paperback,178,2023,2023,,2024/06/12,to-read,to-read (#1348),to-read,,,,0,0
17675120,Gnit,Will Eno,"Eno, Will",,"=""1849439338""","=""9781849439336""",0,Oberon Books,Paperback,96,2015,2013,,2024/06/11,to-read,to-read (#1347),to-read,,,,0,0
342493,Crackpot: The Obsessions of John Waters,John   Waters,"Waters, John",,"=""0394755340""","=""9780394755342""",0,Vintage,Paperback,144,1987,1986,,2024/06/11,to-read,to-read (#1346),to-read,,,,0,0
152653,In the Heart of the Heart of the Country and Other Stories,William H. Gass,"Gass, William H.",,"=""0879233745""","=""9780879233747""",0,"David R. Godine, Publisher",Paperback,240,2006,1968,,2024/06/10,to-read,to-read (#1345),to-read,,,,0,0
39027388,Virgil Wander,Leif Enger,"Enger, Leif",,"=""0802128785""","=""9780802128782""",0,Grove Press,Hardcover,303,2018,2018,,2024/06/10,to-read,to-read (#1344),to-read,,,,0,0
227571,Peace Like a River,Leif Enger,"Enger, Leif",,"=""0802139256""","=""9780802139252""",0,Grove Pr,Paperback,312,2001,2001,,2024/06/10,to-read,to-read (#1343),to-read,,,,0,0
198276006,I Cheerfully Refuse,Leif Enger,"Enger, Leif",,"=""0802162932""","=""9780802162939""",0,Grove Press,Hardcover,336,2024,2024,,2024/06/10,to-read,to-read (#1342),to-read,,,,0,0
164977,The Desert and the Sown: The Syrian Adventures of the Female Lawrence of Arabia,Gertrude Bell,"Bell, Gertrude",Rosemary O'Brien,"=""0815411359""","=""9780815411352""",0,Cooper Square Press,Paperback,368,2001,1907,,2024/06/09,to-read,to-read (#1341),to-read,,,,0,0
524200,Amurath to Amurath,Gertrude Bell,"Bell, Gertrude",,"=""097159869X""","=""9780971598690""",0,Gorgias Pr Llc,Paperback,370,2002,1911,,2024/06/09,to-read,to-read (#1340),to-read,,,,0,0
22571686,A Woman in Arabia: The Writings of the Queen of the Desert (Penguin Classics),Gertrude Bell,"Bell, Gertrude",Georgina Howell,"=""0143107372""","=""9780143107378""",0,Penguin Classics,Paperback,320,2015,2015,,2024/06/09,to-read,to-read (#1339),to-read,,,,0,0
341735,Replay,Ken Grimwood,"Grimwood, Ken",,"=""068816112X""","=""9780688161125""",0,William Morrow Paperbacks,Paperback,311,1998,1987,,2024/06/09,to-read,to-read (#1338),to-read,,,,0,0
70105,The Counterfeiters,André Gide,"Gide, André",,"=""0394718429""","=""9780394718422""",0,Vintage,Paperback,467,1973,1925,,2024/06/08,to-read,to-read (#1337),to-read,,,,0,0
209608728,Tiger Chair,Max Brooks,"Brooks, Max",,"=""1662524161""","=""9781662524165""",2.0,Amazon Original Stories,Kindle Edition,49,2024,2024,2024/06/08,2024/05/03,,,read,,,,1,0
203578812,I'm Starting to Worry About This Black Box of Doom,Jason Pargin,"Pargin, Jason",,"=""125028595X""","=""9781250285959""",0,St. Martin's Press,Hardcover,400,2024,2024,,2024/06/08,to-read,to-read (#1336),to-read,,,,0,0
201033505,She's Always Hungry,Eliza  Clark,"Clark, Eliza",,"=""0063393263""","=""9780063393264""",0,Harper Perennial,Paperback,225,2024,2024,,2024/06/07,to-read,to-read (#1335),to-read,,,,0,0
198563713,Brat,Gabriel Smith,"Smith, Gabriel",,"=""0593656873""","=""9780593656877""",0,Penguin Press,Hardcover,320,2024,2024,,2024/06/06,to-read,to-read (#1334),to-read,,,,0,0
51642969,All the Lonely People,Mike Gayle,"Gayle, Mike",,"=""1473687403""","=""9781473687400""",4.0,Hodder & Stoughton,Kindle Edition,430,2020,2020,2024/06/05,2024/05/21,,,read,,,,1,0
57168587,The Penguin Book of Dragons (Penguin Classics),Scott G. Bruce,"Bruce, Scott G.",,"=""014313504X""","=""9780143135043""",0,Penguin Classics,Paperback,384,2021,2021,,2024/06/05,to-read,to-read (#1333),to-read,,,,0,0
36349572,The Penguin Book of Japanese Short Stories,Jay Rubin,"Rubin, Jay","Haruki Murakami, Jun'ichirō Tanizaki, Kafū Nagai, Natsume Sōseki, Ōgai Mori, Yukio Mishima, Yūko Tsushima, Taeko Kōno, Kenji Nakagami, Banana Yoshimoto, Minako Ohba, Fumiko Enchi, Abe Akira, Yōko Ogawa, Doppo Kunikida, Uno Kōji, Genji Keita, Minoru Betsuyaku, Mieko Kawakami, Shinichi Hoshi, Ryūnosuke Akutagawa, Sawanishi Yuten, Hyakken Uchida, Yoko Ota, Yuichi Seirai, Yasunari Kawabata, Akiyuki Nosaka, Tomoyuki Hoshino, Kazumi Saeki, Aoko Matsuda, Yūya Satō","=""0141395621""","=""9780141395623""",0,Penguin Classics,Hardcover,566,2018,2018,,2024/06/05,to-read,to-read (#1332),to-read,,,,0,0
697429,The Penguin Book of Ghost Stories,J.A. Cuddon,"Cuddon, J.A.","Heinrich von Kleist, Émile Zola, Ambrose Bierce, Algernon Blackwood, M.R. James, Rudyard Kipling, A.J. Alan, H.G. Wells, E.F. Benson, A.M. Burrage, Edith Wharton, E.T.A. Hoffmann, Thomas Mann, Ann Bridge, Marghanita Laski, Mario Soldati, Ray Bradbury, Edward Hyams, Muriel Spark, Fielden Hughes, Joan Aiken, Elizabeth    Walter, Walter  Scott, George Mackay Brown, Penelope Fitzgerald, Alain Daniélou, A.S. Byatt, Alexander Pushkin, Elizabeth Gaskell, Mrs. Oliphant, J. Sheridan Le Fanu, Guy de Maupassant, Henry James","=""0140068007""","=""9780140068009""",0,Penguin Books,Paperback,504,1984,,,2024/06/05,to-read,to-read (#1331),to-read,,,,0,0
738761,"The Penguin Book of Witches & Warlocks: Tales of Black Magic, Old & New",Marvin Kaye,"Kaye, Marvin","Isaac Bashevis Singer, Jack Snow, Frank R. Stockton, Patricia Mullen, W.B. Yeats, Ray Russell, Margaret Mayo McGlynn, L. Frank Baum, Nathaniel Hawthorne, Robert Bloch, Wilhelm Ruland, Gerry Levinson, Darrell Schweitzer, C.H. Sherman, Pigault-Lebrun, M.V. Ingram, Alvin Vogel, Jane Francesca Wilde, Oscar Wilde, Isaac Asimov, Alan Rodgers, John Tunney, H.G. Wells, Manly Wade Wellman, Algernon Blackwood, Fredric Brown, Edward D. Hoch, H.P. Lovecraft, August Derleth, Robert Louis Stevenson, Fritz Leiber, Jean Ray, Thomas D. Sadler, Ray Bradbury, A.M. Burrage, Daniel Pinkwater, Tanith Lee, Nikolai Gogol","=""0140149910""","=""9780140149913""",0,Penguin Books,Paperback,519,1991,,,2024/06/05,to-read,to-read (#1330),to-read,,,,0,0
1161149,The Penguin Book of Horror Stories,J.A. Cuddon,"Cuddon, J.A.","Anonymous, Ambrose Bierce, M.R. James, H.G. Wells, William Hope Hodgson, Perceval London, John Russell, Franz Kafka, A.M. Burrage, E.F. Benson, Augustus Muir, James Hogg, John Metcalfe, W.F. Harvey, William Faulkner, D.K. Broster, Lord Dunsany, Evelyn Waugh, Geoffrey Household, L.P. Hartley, Gerald Kersh, Prosper Mérimée, Yvor Winters, Monica Dickens, Robert Graves, Ray Bradbury, Muriel Spark, John Lennon, Dawn Muscillo, Dorothy K. Haynes, Patricia Highsmith, Roald Dahl, Edgar Allan Poe, Will F. Jenkins, J.N. Allan, Vilas Sarang, Honoré de Balzac, Henry James, Guy de Maupassant, Robert Louis Stevenson, Émile Zola, Various, Carl  Stephenson","=""""","=""""",0,Penguin Books Limited,Paperback,607,1984,1984,,2024/06/05,to-read,to-read (#1329),to-read,,,,0,0
51704141,The Penguin Book of Exorcisms,Joseph Laycock,"Laycock, Joseph",,"=""0143135473""","=""9780143135470""",0,Penguin Classics,Paperback,336,2020,2020,,2024/06/05,to-read,to-read (#1328),to-read,,,,0,0
279969,The Penguin Book of Vampire Stories,Alan Ryan,"Ryan, Alan","Fritz Leiber, Richard Matheson, Robert Bloch, Mary Elizabeth Braddon, John William Polidori, R. Chetwynd-Hayes, August Derleth, James Malcolm Rymer, Mary Eleanor Wilkins Freeman, Charles L. Grant, Clark Ashton Smith, Robert Aickman, Bram Stoker, Carl Jacobi, Steve Rasnic Tem, M.R. James, Charles Beaumont, E.F. Benson, C.M. Kornbluth, Manly Wade Wellman, Algernon Blackwood, Chelsea Quinn Yarbro, F. Marion Crawford, Ramsey Campbell, P. Schuyler Miller, C.L. Moore, Suzy McKee Charnas, Lord Byron, J. Sheridan Le Fanu, Tanith Lee","=""0140124454""","=""9780140124453""",0,Penguin,Paperback,637,1989,1987,,2024/06/05,to-read,to-read (#1327),to-read,,,,0,0
38496507,The Penguin Book of Hell (Penguin Classics),Scott G. Bruce,"Bruce, Scott G.",,"=""0143131621""","=""9780143131625""",0,Penguin Classics,Paperback,304,2018,2018,,2024/06/05,to-read,to-read (#1326),to-read,,,,0,0
6350013,The Penguin Book of Classical Myths,Jennifer R. March,"March, Jennifer R.",,"=""0141020776""","=""9780141020778""",0,Penguin Books,Paperback,590,2009,2008,,2024/06/05,to-read,to-read (#1325),to-read,,,,0,0
7981593,The Penguin Book of Ghost Stories: From Elizabeth Gaskell to Ambrose Bierce,Michael     Newton,"Newton, Michael","Robert Louis Stevenson, Mrs. Oliphant, Rudyard Kipling, Lafcadio Hearn, W.W. Jacobs, M.R. James, Ambrose Bierce, Henry James, Mary Hunter Austin, Elizabeth Gaskell, Edith Wharton, Fitz-James O'Brien, Edward Bulwer-Lytton, Mary Elizabeth Braddon, Amelia B. Edwards, Charles Dickens, Harriet Beecher Stowe, Various","=""0141442360""","=""9780141442365""",0,Penguin Classics,Paperback,464,2010,2010,,2024/06/05,to-read,to-read (#1324),to-read,,,,0,0
21535268,The Penguin Book of Witches,Katherine Howe,"Howe, Katherine",,"=""014310618X""","=""9780143106180""",0,Penguin Classics,Paperback,319,2014,2014,,2024/06/05,to-read,to-read (#1323),to-read,,,,0,0
29429859,The Penguin Book of the Undead: Fifteen Hundred Years of Supernatural Encounters (Penguin Classics),Scott G. Bruce,"Bruce, Scott G.",,"=""0143107682""","=""9780143107682""",0,Penguin Classics,Paperback,320,2016,2016,,2024/06/05,to-read,to-read (#1322),to-read,,,,0,0
18478222,Twelve Years a Slave,Solomon Northup,"Northup, Solomon","Karolyn Smardz Frost, Sue Eakin, Joseph Logsdon, Eric Ashley Hairston","=""0989794806""","=""9780989794800""",0,Eakin Films & Publishing,ebook,363,2013,1853,,2024/06/05,to-read,to-read (#1321),to-read,,,,0,0
204316857,The Empusium,Olga Tokarczuk,"Tokarczuk, Olga",Antonia Lloyd-Jones,"=""0593712943""","=""9780593712948""",0,Riverhead Books,Hardcover,305,2024,2022,,2024/06/05,to-read,to-read (#1320),to-read,,,,0,0
73945,Apology,Plato,"Plato, Plato",James J. Helm,"=""0865163480""","=""9780865163485""",0,Bolchazy-Carducci Publishers,Paperback,127,1997,-399,,2024/06/04,to-read,to-read (#1319),to-read,,,,0,0
6276745,Dialogue Between a Priest and a Dying Man,Marquis de Sade,"Sade, Marquis de",,"=""1607781131""","=""9781607781134""",3.0,MobileReference,Kindle Edition,52,2010,1782,2024/06/04,2024/06/04,,,read,,,,1,0
145583604,Your Dreams,Thomas            Moore,"Moore, Thomas",,"=""""","=""""",0,Amphetamine Sulphate,Paperback,106,2023,,,2024/06/04,to-read,to-read (#1318),to-read,,,,0,0
92365,Mysterious Skin,Scott Heim,"Heim, Scott",,"=""0060841699""","=""9780060841690""",0,Harper Perennial,Paperback,292,2005,1995,,2024/06/04,to-read,to-read (#1317),to-read,,,,0,0
605545,The Magic Island,William B. Seabrook,"Seabrook, William B.",Alexander King,"=""0766159086""","=""9780766159082""",0,Lancer,Paperback,350,1968,1929,,2024/06/03,to-read,to-read (#1316),to-read,,,,0,0
6084113,Island of the Sequined Love Nun,Christopher Moore,"Moore, Christopher",,"=""""","=""""",0,HarperCollins e-books,ebook,339,2009,1997,,2024/06/03,to-read,to-read (#1315),to-read,,,,0,0
42988,Don't Stop the Carnival,Herman Wouk,"Wouk, Herman",,"=""0316955124""","=""9780316955126""",0,"Little, Brown Paperbacks",Paperback,416,1992,1965,,2024/06/03,to-read,to-read (#1314),to-read,,,,0,0
28194187,Ritual of the Savage,Jay Strongman,"Strongman, Jay",,"=""0993186610""","=""9780993186615""",0,Hungry Eye Books,Paperback,228,2015,,,2024/06/03,to-read,to-read (#1313),to-read,,,,0,0
2165625,"The House Without a Key (Charlie Chan, #1)",Earl Derr Biggers,"Biggers, Earl Derr",,"=""0445402199""","=""9780445402195""",0,Popular Library,Paperback,240,1986,1925,,2024/06/03,to-read,to-read (#1312),to-read,,,,0,0
200572,"My Man Jeeves (Jeeves, #1)",P.G. Wodehouse,"Wodehouse, P.G.",,"=""1585678759""","=""9781585678754""",0,Overlook Books,Hardcover,256,2007,1919,,2024/06/01,to-read,to-read (#1311),to-read,,,,0,0
55711638,Damnation Spring,Ash Davidson,"Davidson, Ash",,"=""1982144408""","=""9781982144401""",0,Scribner,Hardcover,464,2021,2021,,2024/05/31,to-read,to-read (#1310),to-read,,,,0,0
16360,"Murder in Mesopotamia (Hercule Poirot, #14)",Agatha Christie,"Christie, Agatha",,"=""0007113803""","=""9780007113804""",3.0,Harper,Paperback,264,2001,1936,2024/05/30,2023/12/21,,,read,,,,1,0
63094957,The Rachel Incident,Caroline O'Donoghue,"O'Donoghue, Caroline",,"=""0593535707""","=""9780593535707""",0,Knopf,Hardcover,304,2023,2023,,2024/05/30,to-read,to-read (#1309),to-read,,,,0,0
195790845,Practice,Rosalind Brown,"Brown, Rosalind",,"=""037461301X""","=""9780374613013""",0,"Farrar, Straus and Giroux",Hardcover,202,2024,,,2024/05/29,to-read,to-read (#1308),to-read,,,,0,0
195790688,State of Paradise,Laura van den Berg,"Berg, Laura van den",,"=""037461220X""","=""9780374612207""",0,"Farrar, Straus and Giroux",Hardcover,224,2024,2024,,2024/05/29,to-read,to-read (#1307),to-read,,,,0,0
144736921,The Hypocrite,Jo Hamya,"Hamya, Jo",,"=""""","=""""",0,Weidenfeld & Nicolson,Kindle Edition,230,2024,2024,,2024/05/29,to-read,to-read (#1306),to-read,,,,0,0
58177,"The Life Before Us (""Madame Rosa'')",Romain Gary,"Gary, Romain",Ralph Manheim,"=""081120961X""","=""9780811209618""",0,New Directions,Paperback,192,1986,1975,,2024/05/28,to-read,to-read (#1305),to-read,,,,0,0
187020,Empire Falls,Richard Russo,"Russo, Richard",,"=""0375726403""","=""9780375726408""",0,Vintage Books,Paperback,483,2002,2001,,2024/05/28,to-read,to-read (#1304),to-read,,,,0,0
3007704,The Gone-Away World,Nick Harkaway,"Harkaway, Nick",,"=""0434018422""","=""9780434018420""",0,William Heinemann,Hardcover,531,2008,2008,,2024/05/28,to-read,to-read (#1303),to-read,,,,0,0
67896,Tao Te Ching,Lao Tzu,"Tzu, Lao","Gia-Fu Feng, Jane English, Jacob Needleman, Toinette Lippe, Claudio Lamparelli","=""0679724346""","=""9780679724346""",2.0,Vintage,Paperback,107,1989,-350,2024/05/28,2023/12/30,,,read,,,,1,0
199798179,The Ministry of Time,Kaliane Bradley,"Bradley, Kaliane",,"=""1668045141""","=""9781668045145""",4.0,Avid Reader Press / Simon & Schuster,Hardcover,339,2024,2024,2024/05/28,2024/01/03,,,read,,,,1,0
1392578,The Exaltation of Inanna,Enheduanna,"Enheduanna, Enheduanna","William W. Hallo, J.J.A. Van Dijk","=""0404602630""","=""9780404602635""",0,Yale University Press,Hardcover,113,1968,-2250,,2024/05/26,to-read,to-read (#1302),to-read,,,,0,0
292195,"Myths from Mesopotamia: Creation, the Flood, Gilgamesh, and Others",Anonymous,"Anonymous, Anonymous",Stephanie Dalley,"=""0192835890""","=""9780192835895""",0,Oxford University Press,Paperback,339,1989,1989,,2024/05/26,to-read,to-read (#1301),to-read,,,,0,0
868595,"Inanna, Queen of Heaven and Earth: Her Stories and Hymns from Sumer",Diane Wolkstein,"Wolkstein, Diane",Samuel Noah Kramer,"=""0060908548""","=""9780060908546""",0,Harper & Row,Paperback,227,1983,1983,,2024/05/26,to-read,to-read (#1300),to-read,,,,0,0
61871762,Enheduana: The Complete Poems of the World's First Author,Enheduanna,"Enheduanna, Enheduanna",Sophus Helle,"=""0300264178""","=""9780300264173""",5.0,Yale University Press,Hardcover,288,2023,,2024/05/26,2023/07/10,,,read,,,,1,0
199392395,This Great Hemisphere,Mateo Askaripour,"Askaripour, Mateo",,"=""0593472349""","=""9780593472347""",0,Dutton,Hardcover,432,2024,2024,,2024/05/25,to-read,to-read (#1299),to-read,,,,0,0
195791689,Hum,Helen          Phillips,"Phillips, Helen",,"=""1668008831""","=""9781668008836""",0,Scribner,Hardcover,272,2024,2024,,2024/05/25,to-read,to-read (#1298),to-read,,,,0,0
201811980,The Borrowed Hills,Scott  Preston,"Preston, Scott",,"=""1668050676""","=""9781668050675""",0,Scribner,Hardcover,304,2024,2024,,2024/05/25,to-read,to-read (#1297),to-read,,,,0,0
205325368,The Borrowed Hills,Scott  Preston,"Preston, Scott",,"=""1668050692""","=""9781668050699""",0,Scribner,Kindle Edition,303,2024,2024,,2024/05/25,to-read,to-read (#1296),to-read,,,,0,0
133286777,The Familiar,Leigh Bardugo,"Bardugo, Leigh",,"=""125088425X""","=""9781250884251""",4.0,Flatiron Books,Hardcover,379,2024,2024,2024/05/24,2023/11/13,,,read,,,,1,0
1036470,Icefields,Thomas Wharton,"Wharton, Thomas",,"=""0671002201""","=""9780671002206""",0,Atria Books,Paperback,288,1996,1995,,2024/05/24,to-read,to-read (#1295),to-read,,,,0,0
28251250,White Noise,Don DeLillo,"DeLillo, Don",,"=""0143129554""","=""9780143129554""",2.0,Penguin Classics,Paperback,320,2016,1985,2024/05/23,2022/07/23,,,read,,,,1,0
63202481,The Museum of Ordinary People,Mike Gayle,"Gayle, Mike",,"=""1538740842""","=""9781538740842""",0,Grand Central Publishing,Paperback,336,2023,2022,,2024/05/21,to-read,to-read (#1294),to-read,,,,0,0
18293427,The Storied Life of A.J. Fikry,Gabrielle Zevin,"Zevin, Gabrielle",,"=""1616203218""","=""9781616203214""",4.0,Algonquin Books,Hardcover,260,2014,2014,2024/05/21,2022/08/12,,,read,"3.5<br/><br/>An easy read with plenty of humor, and a solid one for those wanting a “book about books”.",,,1,0
17208457,Bleeding Edge,Thomas Pynchon,"Pynchon, Thomas",,"=""1594204233""","=""9781594204234""",0,Penguin Press,Hardcover,477,2013,2013,,2024/05/20,to-read,to-read (#1293),to-read,,,,0,0
18007564,The Martian,Andy Weir,"Weir, Andy",,"=""0804139024""","=""9780804139021""",3.0,Crown Publishers,Hardcover,369,2014,2011,2024/05/19,2021/09/01,,,read,,,,1,0
196564,Barney's Version,Mordecai Richler,"Richler, Mordecai",,"=""0701162724""","=""9780701162726""",0,Chatto & Windus,Hardcover,288,1997,1997,,2024/05/19,to-read,to-read (#1292),to-read,,,,0,0
4070095,Asterios Polyp,David Mazzucchelli,"Mazzucchelli, David",,"=""0307377326""","=""9780307377326""",0,Pantheon,Hardcover,324,2009,2009,,2024/05/19,to-read,to-read (#1291),to-read,,,,0,0
8117621,A Congregation of Jackals,S. Craig Zahler,"Zahler, S. Craig",,"=""0843964154""","=""9780843964158""",0,Leisure Books,Paperback,304,2010,2010,,2024/05/19,to-read,to-read (#1290),to-read,,,,0,0
17609155,Wraiths of the Broken Land,S. Craig Zahler,"Zahler, S. Craig",,"=""""","=""9781935738367""",0,Raw Dog Screaming Press,Paperback,262,2013,2013,,2024/05/19,to-read,to-read (#1289),to-read,,,,0,0
7648269,"Empire of the Summer Moon: Quanah Parker and the Rise and Fall of the Comanches, the Most Powerful Indian Tribe in American History",S.C. Gwynne,"Gwynne, S.C.",,"=""1416591052""","=""9781416591054""",0,Scribner,Hardcover,371,2010,2010,,2024/05/19,to-read,to-read (#1288),to-read,,,,0,0
17929637,"East of West, Vol. 1: The Promise",Jonathan Hickman,"Hickman, Jonathan","Nick Dragotta, Frank Martin Jr., Rus Wooton","=""1607067706""","=""9781607067702""",0,Image Comics,Paperback,152,2013,2013,,2024/05/19,to-read,to-read (#1287),to-read,,,,0,0
29901930,The Fisherman,John  Langan,"Langan, John",,"=""1939905214""","=""9781939905215""",0,Word Horde,Paperback,266,2016,2016,,2024/05/19,to-read,to-read (#1286),to-read,,,,0,0
60784819,Cleopatra and Frankenstein,Coco Mellors,"Mellors, Coco",,"=""1639730702""","=""9781639730704""",0,Bloomsbury Publishing,Paperback,384,2024,2022,,2024/05/15,to-read,to-read (#1285),to-read,,,,0,0
415459,I Have No Mouth & I Must Scream,Harlan Ellison,"Ellison, Harlan",Theodore Sturgeon,"=""0441363954""","=""9780441363957""",2.0,Ace,Mass Market Paperback,134,1967,1967,2024/05/15,2022/09/01,,,read,"""Pretty Maggie Moneyeyes"" is a gem of a story, but the rest is overwritten.  I had heard how thematically horrifying some of these tales were, but what was more horrifying was the long strings of repetitive descriptors and seeming attempts at edginess.",,,1,0
54614429,Drive Your Plow Over the Bones of the Dead,Olga Tokarczuk,"Tokarczuk, Olga",Antonia Lloyd-Jones,"=""0525541349""","=""9780525541349""",0,Riverhead Books,Paperback,274,2020,2009,,2024/05/15,to-read,to-read (#1284),to-read,,,,0,0
209244097,Wellness,Nathan  Hill,"Hill, Nathan",,"=""0593469836""","=""9780593469835""",0,Vintage,Paperback,624,2024,2023,,2024/05/15,to-read,to-read (#1283),to-read,,,,0,0
195474144,Table for Two,Amor Towles,"Towles, Amor",,"=""0593296370""","=""9780593296370""",3.0,Viking,Hardcover,451,2024,2024,2024/05/14,2024/02/04,,,read,,,,1,0
9328,The House of the Spirits,Isabel Allende,"Allende, Isabel",Magda Bogin,"=""0553383809""","=""9780553383805""",0,Dial Press Trade Paperback,Paperback,512,2005,1982,,2024/05/12,to-read,to-read (#1282),to-read,,,,0,0
1232,"The Shadow of the Wind (The Cemetery of Forgotten Books, #1)",Carlos Ruiz Zafón,"Zafón, Carlos Ruiz",Lucia Graves,"=""""","=""""",4.0,Penguin Books,Paperback,487,2005,2001,2024/05/12,2021/11/07,,,read,,,,1,0
8822,Earthly Powers,Anthony Burgess,"Burgess, Anthony",,"=""0099468646""","=""9780099468646""",0,Random House,Paperback,649,2004,1980,,2024/05/12,to-read,to-read (#1281),to-read,,,,0,0
16113,"A Dance to the Music of Time: 1st Movement (A Dance to the Music of Time, #1-3)",Anthony  Powell,"Powell, Anthony",,"=""0226677141""","=""9780226677149""",0,University of Chicago Press,Paperback,718,1995,1955,,2024/05/12,to-read,to-read (#1280),to-read,,,,0,0
78,Annals of the Former World,John McPhee,"McPhee, John",,"=""0374518734""","=""9780374518738""",0,"Farrar, Straus and Giroux",Paperback,696,2000,1998,,2024/05/12,to-read,to-read (#1279),to-read,,,,0,0
21855265,Widow Basquiat: A Love Story,Jennifer Clement,"Clement, Jennifer",,"=""0553419919""","=""9780553419917""",0,Crown,Paperback,208,2014,2000,,2024/05/10,to-read,to-read (#1278),to-read,,,,0,0
690442,The Time It Never Rained,Elmer Kelton,"Kelton, Elmer",,"=""0812574516""","=""9780812574517""",0,Forge Books,Mass Market Paperback,416,1999,1973,,2024/05/08,to-read,to-read (#1277),to-read,,,,0,0
56674,Empire of the Sun,J.G. Ballard,"Ballard, J.G.",,"=""0743265238""","=""9780743265232""",0,PANTHER Granada Publishing,Paperback,351,1985,1984,,2024/05/08,to-read,to-read (#1276),to-read,,,,0,0
202102049,Mina's Matchbox,Yōko Ogawa,"Ogawa, Yōko",Stephen    Snyder,"=""0593316088""","=""9780593316085""",0,Pantheon,Hardcover,282,2024,2006,,2024/05/06,to-read,to-read (#1275),to-read,,,,0,0
33555224,"Thunderhead (Arc of a Scythe, #2)",Neal Shusterman,"Shusterman, Neal",,"=""1442472456""","=""9781442472457""",0,Simon & Schuster Books for Young Readers,Hardcover,504,2018,2018,,2024/05/05,to-read,to-read (#1274),to-read,,,,0,0
28954189,"Scythe (Arc of a Scythe, #1)",Neal Shusterman,"Shusterman, Neal",,"=""""","=""""",4.0,Simon & Schuster Books for Young Readers,Hardcover,435,2016,2016,2024/05/05,2021/11/04,,,read,,,,1,0
61254078,One for My Enemy,Olivie Blake,"Blake, Olivie",,"=""1250884853""","=""9781250884855""",0,Tor Books,Paperback,432,2024,2019,,2024/05/04,to-read,to-read (#1273),to-read,,,,0,0
6668467,Winter Garden,Kristin Hannah,"Hannah, Kristin",,"=""0312364121""","=""9780312364120""",0,St. Martin's Press,Hardcover,394,2010,2010,,2024/05/03,to-read,to-read (#1272),to-read,,,,0,0
58733693,Remarkably Bright Creatures,Shelby Van Pelt,"Pelt, Shelby Van",,"=""0063204150""","=""9780063204157""",4.0,Ecco,Hardcover,360,2022,2022,2024/05/01,2024/04/28,,,read,"I liked this book more than I expected to, although at times it was a bit cheesy for my tastes.  One branch of the story line was, in my opinion, more engaging than the other, but throughout each subplot the quirkiness and wit of the characters kept things interesting.",,,1,0
203579177,The Last One at the Wedding,Jason Rekulak,"Rekulak, Jason",,"=""1250895782""","=""9781250895783""",0,Flatiron Books,Hardcover,338,2024,2024,,2024/05/01,to-read,to-read (#1271),to-read,,,,0,0
210554479,How To Turn 39: Thoughts About Aging for People of All Ages,Colin Wright,"Wright, Colin",,"=""1964123011""","=""9781964123011""",0,Understandary Press,Kindle Edition,190,2024,,,2024/04/30,to-read,to-read (#1270),to-read,,,,0,0
200776812,Butter,Asako Yuzuki,"Yuzuki, Asako",Polly Barton,"=""0063236400""","=""9780063236400""",0,Ecco,Hardcover,464,2024,2017,,2024/04/29,to-read,to-read (#1269),to-read,,,,0,0
32109569,"We Are Legion (We Are Bob) (Bobiverse, #1)",Dennis E. Taylor,"Taylor, Dennis E.",,"=""""","=""""",3.0,Worldbuilders Press,Kindle Edition,322,2016,2016,2024/04/28,2021/09/15,,,read,"2.75- the humor is on point but the stakes never feel quite high enough. That said, it’s unfortunate that the novel’s best moments of wonder aren’t enough to make up for the clunky communication and plot stagnation.",,,1,0
205181201,Dark Matter,Blake Crouch,"Crouch, Blake",,"=""0593875737""","=""9780593875735""",0,Ballantine Books,Paperback,368,2024,2016,,2024/04/27,to-read,to-read (#1268),to-read,,,,0,0
199736989,Zombified: Real-World Lessons from Fictional Apocalypses,Athena Aktipis,"Aktipis, Athena",The Great Courses,"=""""","=""""",2.0,Audible Originals,Audible Audio,,2023,,2024/04/25,2024/04/24,,,read,,,,1,0
38469,Going to Meet the Man,James Baldwin,"Baldwin, James",,"=""""","=""""",0,Vintage Books a division of Random House,Paperback,249,1995,1965,,2024/04/25,to-read,to-read (#1267),to-read,,,,0,0
34268,"Peter Pan (Peter Pan, #2)",J.M. Barrie,"Barrie, J.M.",Michael Hague,"=""0805072454""","=""9780805072457""",2.0,Henry Holt and Co.,Hardcover,155,2003,1911,2024/04/23,2021/11/02,,,read,,,,1,0
208841252,Enuma Elish: The Babylonian Epic of Creation (The Library of Babylonian Literature),Johannes Haubold,"Haubold, Johannes","Sophus Helle, Enrique Jiménez, Selena Wisnom","=""135029716X""","=""9781350297166""",0,Bloomsbury Academic,Hardcover,350,2024,,,2024/04/23,to-read,to-read (#1265),to-read,,,,0,0
206780519,Ascension,Nicholas Binge,"Binge, Nicholas",,"=""0593539591""","=""9780593539590""",0,Riverhead Books,Paperback,352,2024,2023,,2024/04/23,to-read,to-read (#1264),to-read,,,,0,0
127282631,Grief Is for People,Sloane Crosley,"Crosley, Sloane",,"=""0374609845""","=""9780374609849""",3.0,MCD,Hardcover,208,2024,2024,2024/04/18,2023/09/14,,,read,"Crosley's wit is on full display in Grief Is For People, a short memoir that reads like a bit like a mystery novella.  Crosley maintains a good balance by punctuating the serious topics she covers with comic relief (a sometimes dark sense of humor) and charming slices of everyday life (many relating to the publishing industry).",,,1,0
6748,A Supposedly Fun Thing I'll Never Do Again:  Essays and Arguments,David Foster Wallace,"Wallace, David Foster",,"=""0316925284""","=""9780316925280""",0,"Little, Brown Paperbacks",Paperback,353,1998,1997,,2024/04/21,to-read,to-read (#1263),to-read,,,,0,0
6749,Oblivion,David Foster Wallace,"Wallace, David Foster",,"=""0316010766""","=""9780316010764""",0,Back Bay Books,Paperback,329,2005,2004,,2024/04/21,to-read,to-read (#1262),to-read,,,,0,0
2794,The Crying of Lot 49,Thomas Pynchon,"Pynchon, Thomas",,"=""""","=""""",4.0,Harper Perennial Modern Classics,Paperback,152,2006,1965,2024/04/21,2022/07/16,,,read,"3.5 rounded up. Totally get why people wouldn’t vibe with this, but for me it hit the spot.",,,1,0
52036,Siddhartha,Hermann Hesse,"Hesse, Hermann",Hilda Rosner,"=""""","=""""",3.0,Bantam Books,Mass Market Paperback,152,1981,1922,2024/04/21,2022/04/11,,,read,,,,1,0
10534,The Art of War,Sun Tzu,"Tzu, Sun",Thomas Cleary,"=""""","=""""",2.0,Harper Press,Paperback,170,2005,-500,2024/04/21,2024/04/19,,,read,"2.25<br/><br/>The Art Of War certainly accomplishes what it sets out to do-- act as a brief general's handbook for combat strategy. One point for conciseness, one point for being an informative essay on a niche subject (though hardly comprehensive), and a quarter point for its slight relevance to forming a ""plan of attack"" on whatever the reader may be battling in modern life.",,,1,0
174147294,Wandering Stars,Tommy Orange,"Orange, Tommy",,"=""0593318250""","=""9780593318256""",4.0,Knopf,Hardcover,315,2024,2024,2024/04/17,2024/01/03,,,read,,,,1,0
55276075,Maggie's Grave,David Sodergren,"Sodergren, David",,"=""""","=""""",0,,Kindle Edition,234,2020,2020,,2024/04/14,to-read,to-read (#1261),to-read,,,,0,0
198270623,Everything Is Temporary,Jon Cohn,"Cohn, Jon",,"=""""","=""9798988061939""",0,Deadbolt Books,Paperback,252,2023,2023,,2024/04/14,to-read,to-read (#1260),to-read,,,,0,0
75352300,Black River Orchard,Chuck Wendig,"Wendig, Chuck",,"=""0593158741""","=""9780593158746""",0,Del Rey,Hardcover,640,2023,2023,,2024/04/14,to-read,to-read (#1259),to-read,,,,0,0
195945937,Best of Luck,Jason Mott,"Mott, Jason",,"=""1662516711""","=""9781662516719""",0,Amazon Original Stories,Kindle Edition,29,2023,2023,,2024/04/14,to-read,to-read (#1258),to-read,,,,0,0
195100472,Water,John Boyne,"Boyne, John",,"=""0857529811""","=""9780857529817""",0,Doubleday UK,Hardcover,176,2023,2023,,2024/04/14,to-read,to-read (#1257),to-read,,,,0,0
1971304,City of Thieves,David Benioff,"Benioff, David",,"=""0670018708""","=""9780670018703""",0,Viking / Penguin,Hardcover,258,2008,2008,,2024/04/14,to-read,to-read (#1256),to-read,,,,0,0
7588,A Portrait of the Artist as a Young Man,James Joyce,"Joyce, James",Seamus Deane,"=""0142437344""","=""9780142437346""",2.0,Penguin Classics,Paperback,329,2003,1916,2024/04/14,2022/08/04,,,read,,,,1,0
35959740,Circe,Madeline Miller,"Miller, Madeline",,"=""0316556343""","=""9780316556347""",2.0,"Little, Brown and Company",Hardcover,393,2018,2018,2024/04/12,2023/07/10,,,read,,,,1,0
199799017,Rouge,Mona Awad,"Awad, Mona",,"=""1982169702""","=""9781982169701""",0,Scribner,Paperback,384,2024,2023,,2024/04/12,to-read,to-read (#1255),to-read,,,,0,0
53462705,Night Boat to Tangier,Kevin Barry,"Barry, Kevin",,"=""1101911344""","=""9781101911341""",0,Vintage,Paperback,272,2020,2019,,2024/04/07,to-read,to-read (#1254),to-read,,,,0,0
1168191,Meditations,Marcus Aurelius,"Aurelius, Marcus",Gregory Hays,"=""0812968255""","=""9780812968255""",0,Modern Library,Paperback,256,2003,180,,2024/04/07,to-read,to-read (#1253),to-read,,,,0,0
53959173,The Wind in the Willows,Kenneth Grahame,"Grahame, Kenneth",,"=""1405297824""","=""9781405297820""",0,Egmont,Hardcover,224,2024,1908,,2024/04/06,to-read,to-read (#1252),to-read,,,,0,0
11297,Norwegian Wood,Haruki Murakami,"Murakami, Haruki",Jay Rubin,"=""""","=""""",2.0,Vintage Books,Paperback,296,2000,1987,2024/04/05,2021/10/12,,,read,,,,1,0
199798000,The Invisible Hour,Alice Hoffman,"Hoffman, Alice",,"=""1982175389""","=""9781982175382""",0,Scribner,Paperback,272,2024,2023,,2024/04/05,to-read,to-read (#1251),to-read,,,,0,0
209411839,Cut and Thirst,Margaret Atwood,"Atwood, Margaret",,"=""1662523335""","=""9781662523335""",3.0,Amazon Original Stories,Kindle Edition,34,2024,2024,2024/04/03,2024/04/03,,,read,,,,1,0
153492,"The 39 Steps (Richard Hannay, #1)",John Buchan,"Buchan, John",,"=""1419151126""","=""9781419151125""",0,William Blackwood & Sons,Paperback,100,2004,1915,,2024/04/03,to-read,to-read (#1250),to-read,,,,0,0
36236124,Fight Club,Chuck Palahniuk,"Palahniuk, Chuck",,"=""0393355942""","=""9780393355949""",4.0,W. W. Norton & Company,Paperback,224,2018,1996,2024/04/02,2021/09/07,,,read,,,,1,0
36692478,There There,Tommy Orange,"Orange, Tommy",,"=""""","=""""",4.0,Knopf,Hardcover,294,2018,2018,2024/04/01,2024/01/02,,,read,,,,1,0
87556695,Let Us Descend,Jesmyn Ward,"Ward, Jesmyn",,"=""198210449X""","=""9781982104498""",0,Scribner,Hardcover,305,2023,2023,,2024/04/01,to-read,to-read (#1249),to-read,,,,0,0
199531883,Penance,Eliza  Clark,"Clark, Eliza",,"=""""","=""""",0,Harper Perennial,Paperback,336,2024,2023,,2024/04/01,to-read,to-read (#1248),to-read,,,,0,0
205064676,The Ferryman,Justin Cronin,"Cronin, Justin",,"=""0525619496""","=""9780525619499""",0,Ballantine Books,Paperback,560,2024,2023,,2024/04/01,to-read,to-read (#1247),to-read,,,,0,0
37119748,The Call of the Wild,Jack London,"London, Jack",,"=""0241341493""","=""9780241341490""",0,Penguin,Paperback,160,2018,1903,,2022/03/31,to-read,to-read (#277),to-read,,,,0,0
12000020,"Aristotle and Dante Discover the Secrets of the Universe (Aristotle and Dante, #1)",Benjamin Alire Sáenz,"Sáenz, Benjamin Alire",,"=""1442408928""","=""9781442408920""",4.0,Simon & Schuster Books for Young Readers,Hardcover,390,2012,2012,2024/03/29,2022/09/21,,,read,,,,1,0
91274427,What You Are Looking for Is in the Library,Michiko Aoyama,"Aoyama, Michiko",Alison Watts,"=""1335005625""","=""9781335005625""",2.0,Hanover Square Press,Hardcover,304,2023,2020,2024/03/27,2023/09/09,,,read,,,,1,0
14891,A Tree Grows in Brooklyn,Betty  Smith,"Smith, Betty",,"=""0061120073""","=""9780061120077""",4.0,HarperCollins Publishers,Paperback,496,2006,1943,2024/03/25,2021/09/13,,,read,,,,1,0
752900,Medea,Euripides,"Euripides, Euripides",Rex Warner,"=""0486275485""","=""9780486275482""",0,Dover Publications,Paperback,59,1993,-431,,2024/03/25,to-read,to-read (#1246),to-read,,,,0,0
119239,Selected Poems,Lord Byron,"Byron, Lord","Susan J. Wolfson, Peter J. Manning","=""0140424504""","=""9780140424508""",0,Penguin Classics,Paperback,864,2006,1848,,2024/03/25,to-read,to-read (#1245),to-read,,,,0,0
119234,Lord Byron: The Major Works,Lord Byron,"Byron, Lord",Jerome J. McGann,"=""0192840401""","=""9780192840400""",0,Oxford University Press,Paperback,1080,2000,2000,,2024/03/25,to-read,to-read (#1244),to-read,,,,0,0
223394,The Complete Poems,Percy Bysshe Shelley,"Shelley, Percy Bysshe",Mary Wollstonecraft Shelley,"=""0679601112""","=""9780679601111""",0,Modern Library,Hardcover,944,1994,1839,,2024/03/25,to-read,to-read (#1243),to-read,,,,0,0
53022,The Collected Poems of W.B. Yeats,W.B. Yeats,"Yeats, W.B.",Richard J. Finneran,"=""""","=""""",0,Scribner,Paperback,544,1996,1933,,2024/03/25,to-read,to-read (#1242),to-read,,,,0,0
11012,Dubliners,James Joyce,"Joyce, James","Terence Brown, Jeri Johnson","=""""","=""""",0,Oxford University Press,Paperback,352,2001,1914,,2024/03/25,to-read,to-read (#1241),to-read,,,,0,0
27822,Eugene Onegin,Alexander Pushkin,"Pushkin, Alexander",James E. Falen,"=""""","=""""",3.0,Oxford University Press,Paperback,240,1998,1831,2024/03/23,2023/11/29,,,read,,,,1,0
63249703,It's OK to Be Angry About Capitalism,Bernie Sanders,"Sanders, Bernie",John Harrison Nichols,"=""0593238710""","=""9780593238714""",0,Crown,Hardcover,320,2023,2023,,2024/03/21,to-read,to-read (#1240),to-read,,,,0,0
71872930,North Woods,Daniel       Mason,"Mason, Daniel",,"=""""","=""""",2.0,Random House,Hardcover,372,2023,2023,2024/03/20,2023/11/17,,,read,,,,1,0
18770233,The Novel: A Biography,Michael       Schmidt,"Schmidt, Michael",,"=""0674724739""","=""9780674724730""",0,Belknap Press: An Imprint of Harvard University Press,Hardcover,1200,2014,2014,,2024/03/19,to-read,to-read (#1239),to-read,,,,0,0
22104096,Bottom's Dream,Arno Schmidt,"Schmidt, Arno",John E. Woods,"=""1628971592""","=""9781628971590""",0,Dalkey Archive Press,Hardcover,1496,2016,1970,,2024/03/19,to-read,to-read (#1238),to-read,,,,0,0
66087062,The Unmaking of June Farrow,Adrienne Young,"Young, Adrienne",,"=""0593598679""","=""9780593598672""",4.0,Delacorte Press,Hardcover,320,2023,2023,2024/03/18,2023/06/01,,,read,,,,1,0
45013049,Antkind,Charlie Kaufman,"Kaufman, Charlie",,"=""""","=""""",0,Fourth Estate,ebook,720,2020,2020,,2024/03/16,to-read,to-read (#1237),to-read,,,,0,0
199795387,The Heart in Winter,Kevin Barry,"Barry, Kevin",,"=""0385550596""","=""9780385550598""",0,Doubleday,Hardcover,256,2024,2024,,2024/03/15,to-read,to-read (#1236),to-read,,,,0,0
205483574,Happiness Falls,Angie  Kim,"Kim, Angie",,"=""0593448227""","=""9780593448229""",0,Hogarth,Paperback,416,2024,2023,,2024/03/15,to-read,to-read (#1235),to-read,,,,0,0
17125,One Day in the Life of Ivan Denisovich,Aleksandr Solzhenitsyn,"Solzhenitsyn, Aleksandr","Ronald Hingley, H.T. Willetts, Leopold Labedz, Max Hayward","=""""","=""""",0,"Farrar, Straus and Giroux",Paperback,182,2005,1962,,2022/07/16,to-read,to-read (#463),to-read,,,,0,0
33600,Shantaram,Gregory David Roberts,"Roberts, Gregory David",,"=""192076920X""","=""9781920769208""",0,Scribe,Paperback,936,2004,2003,,2024/03/14,to-read,to-read (#1234),to-read,,,,0,0
56783258,Cloud Cuckoo Land,Anthony Doerr,"Doerr, Anthony",,"=""1982168439""","=""9781982168438""",3.0,Scribner,Hardcover,626,2021,2021,2024/03/11,2022/03/30,,,read,,,,1,0
50349968,The Memory Police,Yōko Ogawa,"Ogawa, Yōko",Stephen    Snyder,"=""1101911816""","=""9781101911815""",0,Vintage Books,Paperback,274,2020,1994,,2024/03/11,to-read,to-read (#1233),to-read,,,,0,0
199798061,"The Language of the Night: Essays on Writing, Science Fiction, and Fantasy",Ursula K. Le Guin,"Guin, Ursula K. Le",,"=""1668034905""","=""9781668034903""",0,Scribner,Paperback,304,2024,1979,,2024/03/10,to-read,to-read (#1232),to-read,,,,0,0
157035866,Diavola,Jennifer Marie Thorne,"Thorne, Jennifer Marie",,"=""1250826128""","=""9781250826121""",0,Tor Nightfire,Hardcover,293,2024,2024,,2024/01/17,to-read,to-read (#1194),to-read,,,,0,0
52692612,One Billion Years to the End of the World,Arkady Strugatsky,"Strugatsky, Arkady",Boris Strugatsky,"=""0241472474""","=""9780241472477""",0,Penguin Books Ltd,Paperback,176,2020,1974,,2024/03/08,to-read,to-read (#1231),to-read,,,,0,0
157184735,Rouge,Mona Awad,"Awad, Mona",,"=""""","=""""",0, S&S,Kindle Edition,383,2023,2023,,2024/03/06,to-read,to-read (#1230),to-read,,,,0,0
198123575,The Winner,Teddy Wayne,"Wayne, Teddy",,"=""0063353598""","=""9780063353596""",0,Harper,Hardcover,320,2024,2024,,2024/03/05,to-read,to-read (#1229),to-read,,,,0,0
125500880,The Fury,Alex Michaelides,"Michaelides, Alex",,"=""""","=""""",3.0,Celadon Books,Kindle Edition,295,2024,2024,2024/03/02,2024/01/29,,,read,,,,1,0
52049129,"A Sand County Almanac, and Sketches Here and There",Aldo Leopold,"Leopold, Aldo",,"=""0197500269""","=""9780197500262""",0,"Oxford University Press, USA",Paperback,240,2020,1949,,2024/03/01,to-read,to-read (#1228),to-read,,,,0,0
6149,Beloved,Toni Morrison,"Morrison, Toni",,"=""""","=""""",3.0,Vintage,Paperback,325,2004,1987,2024/02/28,2022/03/31,,,read,,,,1,0
150247395,"The Tainted Cup (Ana and Din Mysteries, #1)",Robert Jackson Bennett,"Bennett, Robert Jackson",,"=""1984820702""","=""9781984820709""",0,Del Rey,Hardcover,410,2024,2024,,2024/02/25,to-read,to-read (#1227),to-read,,,,0,0
13623848,The Song of Achilles,Madeline Miller,"Miller, Madeline",,"=""""","=""""",4.0,Ecco,Paperback,408,2012,2011,2024/02/22,2022/08/14,,,read,,,,1,0
63841831,The Paradox Hotel,Rob Hart,"Hart, Rob",,"=""1984820664""","=""9781984820662""",0,Ballantine Books,Paperback,336,2023,2022,,2023/01/17,to-read,to-read (#756),to-read,,,,0,0
18143977,All the Light We Cannot See,Anthony Doerr,"Doerr, Anthony",,"=""1476746583""","=""9781476746586""",3.0,Scribner,Hardcover,531,2014,2014,2024/02/18,2022/09/18,,,read,,,,1,0
13339004,Rules of Civility,Amor Towles,"Towles, Amor",,"=""0143121162""","=""9780143121169""",0,Penguin Books,Paperback,335,2012,2011,,2024/02/17,to-read,to-read (#1226),to-read,,,,0,0
127282570,Birnam Wood,Eleanor Catton,"Catton, Eleanor",,"=""1250321719""","=""9781250321718""",0,Picador Paper,Paperback,423,2024,2023,,2024/02/15,to-read,to-read (#1225),to-read,,,,0,0
237077,Perma Red,Debra Magpie Earling,"Earling, Debra Magpie",,"=""0425190544""","=""9780425190548""",0,Blue Hen Trade,Paperback,320,2003,2002,,2024/02/14,to-read,to-read (#1224),to-read,,,,0,0
35031085,Frankenstein: The 1818 Text,Mary Wollstonecraft Shelley,"Shelley, Mary Wollstonecraft",Charlotte  Gordon,"=""0143131842""","=""9780143131847""",5.0,Penguin Classics,Paperback,260,2018,1818,2023/08/04,2022/08/20,"favorites, 20-before-20","favorites (#5), 20-before-20 (#7)",read,,,,1,0
205517800,The Order of Chaos: A Black Comedy,Henry Hinder,"Hinder, Henry",,"=""""","=""""",4.0,Outside Publishing,Kindle Edition,270,2024,,2024/02/13,2024/01/26,,,read,3.5,,,1,0
384349,The Book of Tiki,Taschen,"Taschen, Taschen",,"=""382282433X""","=""9783822824337""",0,TASCHEN,Paperback,288,2003,2000,,2024/02/11,to-read,to-read (#1223),to-read,,,,0,0
60581087,The Passenger (The Passenger #1),Cormac McCarthy,"McCarthy, Cormac",,"=""0593535227""","=""9780593535226""",3.0,Knopf,Kindle Edition,385,2022,2022,2023/02/12,2022/06/11,,,read,,,,1,0
45916267,Everything Sad Is Untrue,Daniel Nayeri,"Nayeri, Daniel",,"=""""","=""""",0,Levine Querido,Hardcover,368,2020,2020,,2024/02/09,to-read,to-read (#1222),to-read,,,,0,0
205523454,Scale: Eight Phases to Building an Eight Figure Business,Jason Von Payne,"Payne, Jason Von",Nicholas Trevillian,"=""""","=""9798988782209""",1.0,Nicholas Trevillian & Jason Von Payne,Paperback,186,2024,,2024/02/07,2024/02/07,,,read,,,,1,0
61612864,"The Book That Wouldn’t Burn (The Library Trilogy, #1)",Mark  Lawrence,"Lawrence, Mark",,"=""0593437918""","=""9780593437919""",3.0,Ace,Hardcover,559,2023,2023,2024/02/06,2023/06/27,,,read,,,,1,0
55596836,The Good Lie,A.R. Torre,"Torre, A.R.",,"=""1542020166""","=""9781542020169""",0,Thomas & Mercer,Paperback,256,2021,2021,,2021/11/05,to-read,to-read (#81),to-read,,,,0,0
195790597,"When Among Crows (Curse Bearer, #1)",Veronica Roth,"Roth, Veronica",,"=""1250855489""","=""9781250855480""",0,Tor Books,Hardcover,166,2024,2024,,2024/02/05,to-read,to-read (#1221),to-read,,,,0,0
123246338,Let Us Descend,Jesmyn Ward,"Ward, Jesmyn",,"=""1982104511""","=""9781982104511""",0,Scribner,Kindle Edition,316,2023,2023,,2024/02/01,to-read,to-read (#1220),to-read,,,,0,0
159097,Free Fall,William Golding,"Golding, William",,"=""0571062849""","=""9780571062843""",0,Faber and Faber,Paperback,248,1973,1959,,2024/01/31,to-read,to-read (#1219),to-read,,,,0,0
197796058,Greatest Hits,Harlan Ellison,"Ellison, Harlan","Neil Gaiman, Cassandra Khaw, J. Michael Straczynski","=""1454953373""","=""9781454953371""",0,Union Square & Co.,Paperback,468,2024,2024,,2024/01/31,to-read,to-read (#1218),to-read,,,,0,0
130085732,Tales of the Jazz Age,F. Scott Fitzgerald,"Fitzgerald, F. Scott",Anne Margaret Daniel,"=""0198856083""","=""9780198856085""",0,Oxford University Press,Paperback,304,2023,1922,,2024/01/31,to-read,to-read (#1217),to-read,,,,0,0
2267195,The Story of an Hour,Kate Chopin,"Chopin, Kate",,"=""078915479X""","=""9780789154798""",3.0,Perfection Learning,Paperback,32,2001,1894,2024/01/28,2023/09/24,,,read,,,,1,0
193544124,The Dictionary People: The Unsung Heroes Who Created the Oxford English Dictionary,Sarah Ogilvie,"Ogilvie, Sarah",,"=""0593536401""","=""9780593536407""",0,Knopf,Hardcover,368,2023,2023,,2024/01/28,to-read,to-read (#1216),to-read,,,,0,0
63184768,Kala,Colin Walsh,"Walsh, Colin",,"=""0385549636""","=""9780385549639""",0,Doubleday,Hardcover,416,2023,2023,,2024/01/28,to-read,to-read (#1215),to-read,,,,0,0
75090,A Good Man Is Hard To Find,Flannery O'Connor,"O'Connor, Flannery",Frederick Asals,"=""0813519772""","=""9780813519777""",0,Rutgers Univ Pr,Paperback,180,1993,1949,,2024/01/27,to-read,to-read (#1214),to-read,,,,0,0
6515096,The Hanging Stranger,Philip K. Dick,"Dick, Philip K.",,"=""1435509943""","=""9781435509948""",0,TeknoBooks,ebook,17,2007,1953,,2024/01/27,to-read,to-read (#1213),to-read,,,,0,0
39803561,The Paper Menagerie,Ken Liu,"Liu, Ken",,"=""""","=""""",0,Gizmodo,ebook,32,2016,2011,,2024/01/27,to-read,to-read (#1212),to-read,,,,0,0
21265321,Bloodchild,Octavia E. Butler,"Butler, Octavia E.",,"=""""","=""""",5.0,Headline,Kindle Edition,31,2014,1984,2024/01/27,2024/01/13,,,read,,,,1,0
42607,As You Like It,William Shakespeare,"Shakespeare, William","Paul Werstine, Barbara A. Mowat","=""074348486X""","=""9780743484862""",0,Simon Schuster,Paperback,263,2011,1599,,2024/01/26,to-read,to-read (#1211),to-read,,,,0,0
47021,The Taming of the Shrew,William Shakespeare,"Shakespeare, William","Barbara A. Mowat, Paul Werstine","=""074347757X""","=""9780743477574""",0,Simon  Schuster,Mass Market Paperback,291,2004,1593,,2024/01/26,to-read,to-read (#1210),to-read,,,,0,0
82397,Richard II,William Shakespeare,"Shakespeare, William","Roma Gill, Robert          Jackson","=""0198320043""","=""9780198320043""",0,Oxford University Press,Paperback,168,2003,1597,,2024/01/26,to-read,to-read (#1209),to-read,,,,0,0
150246180,The Penguin Book of Pirates,Katherine Howe,"Howe, Katherine",,"=""0143137514""","=""9780143137511""",0,Penguin Classics,Paperback,400,2024,2024,,2024/01/25,to-read,to-read (#1208),to-read,,,,0,0
181346431,"Byron's Travels: Poems, Letters, and Journals",Lord Byron,"Byron, Lord",Fiona Stafford,"=""1101908424""","=""9781101908426""",0,Everyman's Library,Hardcover,728,2024,,,2024/01/25,to-read,to-read (#1207),to-read,,,,0,0
60384799,Shuna's Journey,Hayao Miyazaki,"Miyazaki, Hayao",Alex Dudok de Wit,"=""1250846528""","=""9781250846525""",0,First Second,Hardcover,160,2022,1983,,2024/01/23,to-read,to-read (#1206),to-read,,,,0,0
18966819,"Golden Son (Red Rising Saga, #2)",Pierce Brown,"Brown, Pierce",,"=""0345539826""","=""9780345539823""",3.0,Del Rey,ebook,466,2015,2015,2024/01/23,2021/10/30,,,read,,,,1,0
479356,Ecce Homo,Friedrich Nietzsche,"Nietzsche, Friedrich","R.J. Hollingdale, Michael Tanner","=""0140445153""","=""9780140445152""",0,Penguin,Paperback,144,1992,1908,,2024/01/22,to-read,to-read (#1205),to-read,,,,0,0
21182,The Wisdom of Life,Arthur Schopenhauer,"Schopenhauer, Arthur",T. Bailey Saunders,"=""0486435504""","=""9780486435503""",3.0,Dover Publications,Paperback,77,2004,1851,2024/01/22,2024/01/04,,,read,,,,1,0
18212,Jacques the Fatalist,Denis Diderot,"Diderot, Denis",David Coward,"=""0192838741""","=""9780192838742""",0,Oxford University Press,Paperback,304,1999,1796,,2024/01/21,to-read,to-read (#1204),to-read,,,,0,0
165053140,The Case of Cem,Vera Mutafchieva,"Mutafchieva, Vera",Angela Rodel,"=""953351437X""","=""9789533514376""",0,Sandorf Passage,Paperback,560,2024,1966,,2024/01/08,to-read,to-read (#1166),to-read,,,,0,0
590272,The Nightingale and the Rose,Oscar Wilde,"Wilde, Oscar",,"=""1430439866""","=""9781430439868""",3.0,Kessinger Pub,Paperback,18,2006,1888,2024/01/18,2024/01/14,,,read,,,,1,0
185767235,The Hearing Test,Eliza Barry Callahan,"Callahan, Eliza Barry",,"=""164622213X""","=""9781646222131""",0,Catapult,Hardcover,162,2024,2024,,2024/01/17,to-read,to-read (#1203),to-read,,,,0,0
195391728,Loneliness & Company,Charlee Dyroff,"Dyroff, Charlee",,"=""163973208X""","=""9781639732081""",0,Bloomsbury Publishing,Hardcover,271,2024,2024,,2024/01/17,to-read,to-read (#1202),to-read,,,,0,0
177185976,Victim,Andrew Boryga,"Boryga, Andrew",,"=""0385549970""","=""9780385549974""",0,Doubleday,Hardcover,276,2024,2024,,2024/01/17,to-read,to-read (#1201),to-read,,,,0,0
156347494,The Day Tripper,James Goodhand,"Goodhand, James",,"=""""","=""""",0,MIRA,Hardcover,368,2024,2024,,2024/01/17,to-read,to-read (#1200),to-read,,,,0,0
123632,Man and His Symbols,C.G. Jung,"Jung, C.G.","Joseph L. Henderson, Aniela Jaffé, Jolande Jacobi, Marie-Louise von Franz, John    Freeman","=""0440351839""","=""9780440351832""",0,Dell,Mass Market Paperback,415,1968,1964,,2024/01/17,to-read,to-read (#1199),to-read,,,,0,0
39026990,How to Invent Everything: A Survival Guide for the Stranded Time Traveler,Ryan North,"North, Ryan",,"=""073522014X""","=""9780735220140""",0,Riverhead Books,Hardcover,437,2018,2018,,2024/01/17,to-read,to-read (#1198),to-read,,,,0,0
173476065,Baby X,Kira Peikoff,"Peikoff, Kira",,"=""1639106332""","=""9781639106332""",0,Crooked Lane Books,Hardcover,326,2024,2024,,2024/01/17,to-read,to-read (#1197),to-read,,,,0,0
146814600,The Tusks of Extinction,Ray Nayler,"Nayler, Ray",,"=""1250855527""","=""9781250855527""",0,Tordotcom ,Hardcover,101,2024,2024,,2024/01/17,to-read,to-read (#1196),to-read,,,,0,0
127280349,"The Practice, the Horizon, and the Chain",Sofia Samatar,"Samatar, Sofia",,"=""1250881803""","=""9781250881809""",0,Tordotcom,Paperback,128,2024,2024,,2024/01/17,to-read,to-read (#1195),to-read,,,,0,0
21441996,Before the Party,W. Somerset Maugham,"Maugham, W. Somerset",,"=""""","=""""",3.0,A. J. Cornell Publications,Kindle Edition,47,2013,1922,2024/01/15,2024/01/02,,,read,,,,1,0
391724,The Black Cat,Edgar Allan Poe,"Poe, Edgar Allan",,"=""1594561753""","=""9781594561757""",3.0,BookSurge,Paperback,24,2004,1843,2024/01/14,2023/12/18,,,read,,,,1,0
219535,The Other,Thomas Tryon,"Tryon, Thomas",,"=""0440167361""","=""9780440167365""",0,Dell,Mass Market Paperback,281,1987,1971,,2024/01/13,to-read,to-read (#1193),to-read,,,,0,0
2572307,HA!: A Self-Murder Mystery,Gordon Sheppard,"Sheppard, Gordon",,"=""0773531009""","=""9780773531000""",0,McGill-Queen's University Press,Paperback,864,2006,1985,,2024/01/13,to-read,to-read (#1192),to-read,,,,0,0
137163866,Other Minds and Other Stories,Bennett Sims,"Sims, Bennett",,"=""1953387357""","=""9781953387356""",0,Two Dollar Radio,Paperback,202,2023,2023,,2024/01/13,to-read,to-read (#1191),to-read,,,,0,0
888897,Hind's Kidnap,Joseph McElroy,"McElroy, Joseph",,"=""0893661058""","=""9780893661052""",0,Harper & Row,Hardcover,534,1969,1969,,2024/01/13,to-read,to-read (#1190),to-read,,,,0,0
27826456,Solenoid,Mircea Cărtărescu,"Cărtărescu, Mircea",,"=""9735050595""","=""9789735050597""",0,Humanitas,Paperback,840,2015,2015,,2024/01/13,to-read,to-read (#1189),to-read,,,,0,0
56760363,The Water Statues,Fleur Jaeggy,"Jaeggy, Fleur",Gini Alhadeff,"=""0811229750""","=""9780811229753""",0,New Directions,Paperback,96,2021,1980,,2024/01/13,to-read,to-read (#1188),to-read,,,,0,0
778294,Rereading,Matei Călinescu,"Călinescu, Matei",,"=""0300056575""","=""9780300056570""",0,Yale University Press,Hardcover,336,1993,1993,,2024/01/13,to-read,to-read (#1187),to-read,,,,0,0
1593668,The Plains,Gerald Murnane,"Murnane, Gerald",,"=""1930974280""","=""9781930974289""",0,New Issues Poetry and Prose,Paperback,111,2003,1982,,2024/01/13,to-read,to-read (#1186),to-read,,,,0,0
45011011,trans(re)lating house one,Poupeh Missaghi,"Missaghi, Poupeh",,"=""1566895650""","=""9781566895651""",0,Coffee House Press,Paperback,296,2020,2020,,2024/01/13,to-read,to-read (#1185),to-read,,,,0,0
40129595,The Inkiest Black,Barbara Balfour,"Balfour, Barbara",,"=""""","=""""",0,,Hardcover,140,2014,,,2024/01/13,to-read,to-read (#1184),to-read,,,,0,0
39105842,Sickle,Ruth Lillegraven,"Lillegraven, Ruth",,"=""0857426117""","=""9780857426116""",0,Seagull Books,Hardcover,160,2019,2016,,2024/01/13,to-read,to-read (#1183),to-read,,,,0,0
34847123,These Possible Lives,Fleur Jaeggy,"Jaeggy, Fleur",Minna Zallman Proctor,"=""0811226883""","=""9780811226882""",0,New Directions,Kindle Edition,34,2017,2009,,2024/01/13,to-read,to-read (#1182),to-read,,,,0,0
128126023,The Belan Deck,Matt Bucher,"Bucher, Matt",,"=""""","=""9798888623428""",0,Sideshow Media Group,Paperback,124,2023,,,2024/01/13,to-read,to-read (#1181),to-read,,,,0,0
45894065,"Good Morning, Midnight",Jean Rhys,"Rhys, Jean",Leslie Jamison,"=""0393357805""","=""9780393357806""",0,W. W. Norton & Company,Paperback,224,2020,1939,,2024/01/10,to-read,to-read (#1180),to-read,,,,0,0
128453,Complete Works,Arthur Rimbaud,"Rimbaud, Arthur",Paul Schmidt,"=""0060955503""","=""9780060955502""",0,HarpPerenM,Paperback,384,2000,1870,,2024/01/09,to-read,to-read (#1179),to-read,,,,0,0
565149,Illuminations,Arthur Rimbaud,"Rimbaud, Arthur",Louise Varèse,"=""0811201848""","=""9780811201841""",0,New Directions ,Paperback,182,1957,1875,,2024/01/09,to-read,to-read (#1178),to-read,,,,0,0
323455,De Profundis,Oscar Wilde,"Wilde, Oscar","Masolino d'Amico, Oreste Del Buono","=""""","=""""",0,Fontamara,Paperback,188,1993,1897,,2024/01/09,to-read,to-read (#1177),to-read,,,,0,0
207402,Betty Blue,Philippe Djian,"Djian, Philippe",H. Buten,"=""0349101108""","=""9780349101101""",0,"Little, Brown Book Group",Paperback,352,1998,1951,,2024/01/09,to-read,to-read (#1176),to-read,,,,0,0
127281642,All the Dangerous Things,Stacy Willingham,"Willingham, Stacy",,"=""125080387X""","=""9781250803870""",0,Minotaur Books,Paperback,352,2024,2023,,2024/01/09,to-read,to-read (#1175),to-read,,,,0,0
19767682,The Landlady,Roald Dahl,"Dahl, Roald",,"=""""","=""""",3.0,Penguin,Kindle Edition,17,2012,1959,2024/01/09,2024/01/06,,,read,,,,1,0
138378653,The Skin of Dreams (New York Review Books Classics),Raymond Queneau,"Queneau, Raymond",Chris Clarke,"=""1681377705""","=""9781681377704""",0,NYRB Classics,Paperback,208,2024,1944,,2024/01/08,to-read,to-read (#1174),to-read,,,,0,0
61820437,The Gull Yettin,Joe Kessler,"Kessler, Joe",,"=""168137739X""","=""9781681377391""",0,New York Review Comics,Paperback,216,2023,2022,,2024/01/08,to-read,to-read (#1173),to-read,,,,0,0
596358,"Miss MacIntosh, My Darling",Marguerite Young,"Young, Marguerite",,"=""0720654858""","=""9780720654851""",0,Scribner,Hardcover,1198,1965,1965,,2024/01/08,to-read,to-read (#1172),to-read,,,,0,0
60809286,City of Torment,Daniela Hodrová,"Hodrová, Daniela","Véronique Firkusny, Elena Sokol","=""1914990013""","=""9781914990014""",0,Jantar Publishing,Paperback,588,2021,1999,,2024/01/08,to-read,to-read (#1171),to-read,,,,0,0
744833,Divine Days,Leon Forrest,"Forrest, Leon",,"=""0393312216""","=""9780393312218""",0,W. W. Norton & Company,Paperback,1135,1995,1992,,2024/01/08,to-read,to-read (#1170),to-read,,,,0,0
60534011,Marshland,Otohiko Kaga,"Kaga, Otohiko",Albert Novick,"=""1628974044""","=""9781628974041""",0,Dalkey Archive Press,Paperback,960,2024,1985,,2024/01/08,to-read,to-read (#1169),to-read,,,,0,0
61953725,The End,Attila Bartis,"Bartis, Attila",Judith Sollosy,"=""""","=""""",0,Archipelago Books,Paperback,675,2023,2015,,2024/01/08,to-read,to-read (#1168),to-read,,,,0,0
62001844,Lies and Sorcery,Elsa Morante,"Morante, Elsa",,"=""1681376849""","=""9781681376844""",0,NYRB Classics,Paperback,800,2023,1948,,2024/01/08,to-read,to-read (#1167),to-read,,,,0,0
382975,The Obscene Bird of Night,José Donoso,"Donoso, José",Hardie St. Martin,"=""1567920462""","=""9781567920468""",0,"David R. Godine, Publisher",Paperback,438,2003,1970,,2024/01/08,to-read,to-read (#1165),to-read,,,,0,0
133394,Our Man in Havana,Graham Greene,"Greene, Graham",,"=""0140184937""","=""9780140184938""",0,Penguin/Twentieth Century Classics,Paperback,220,1991,1958,,2024/01/08,to-read,to-read (#1164),to-read,,,,0,0
6138,The Moonstone,Wilkie Collins,"Collins, Wilkie",Carolyn G. Heilbrun,"=""0375757856""","=""9780375757853""",0,Modern Library,Paperback,528,2001,1868,,2024/01/08,to-read,to-read (#1163),to-read,,,,0,0
8586330,The Outsider,H.P. Lovecraft,"Lovecraft, H.P.",,"=""""","=""""",0,,Kindle Edition,66,,1926,,2024/01/08,to-read,to-read (#1161),to-read,,,,0,0
204779,The Masque of the Red Death,Edgar Allan Poe,"Poe, Edgar Allan",,"=""1594567395""","=""9781594567391""",5.0,BookSurge Classics,Paperback,129,2004,1842,2024/01/08,2023/12/18,,,read,,,,1,0
150351835,"A Thousand Steps into Night: Cursed with a demon's deadly touch, Miuko journeys through Awara's gods and monsters to reclaim her soul―or embrace new power.",Traci Chee,"Chee, Traci",,"=""0063306670""","=""9780063306677""",0,HarperCollins,Paperback,384,2024,2022,,2024/01/08,to-read,to-read (#1160),to-read,,,,0,0
125637233,The Sign of the Four,Arthur Conan Doyle,"Doyle, Arthur Conan","Caroline Reitz, Darryl Jones","=""0198862121""","=""9780198862123""",0,Oxford University Press,Paperback,176,2023,1890,,2024/01/08,to-read,to-read (#1159),to-read,,,,0,0
201855946,Shōgun (The Asian Saga),James Clavell,"Clavell, James",,"=""""","=""9798212173476""",0,"Blackstone Publishing, Inc.",Hardcover,1301,2023,1975,,2024/01/08,to-read,to-read (#1158),to-read,,,,0,0
97411,Letters from a Stoic,Seneca,"Seneca, Seneca",,"=""0140442103""","=""9780140442106""",0,Penguin Books,Paperback,254,2004,64,,2024/01/07,to-read,to-read (#1157),to-read,,,,0,0
1519,"The Oresteia: Agamemnon, The Libation Bearers, The Eumenides",Aeschylus,"Aeschylus, Aeschylus","Robert Fagles, W.B. Stanford","=""""","=""""",0,Penguin Classics,Paperback,336,1984,-458,,2024/01/07,to-read,to-read (#1156),to-read,,,,0,0
81779,The Symposium,Plato,"Plato, Plato",Christopher Gill,"=""0140449272""","=""9780140449273""",4.0,Penguin Books,Paperback,90,2003,-380,2024/01/07,2022/09/28,,,read,,,,1,0
420275,The Necklace,Guy de Maupassant,"Maupassant, Guy de",Gary Kelley,"=""1568461933""","=""9781568461939""",0,Creative Editions,Hardcover,48,2004,1884,,2024/01/06,to-read,to-read (#1155),to-read,,,,0,0
102863,The Scarlet Ibis,James Hurst,"Hurst, James",Philippe Dumas,"=""0886820006""","=""9780886820008""",0,Creative Co,Hardcover,36,1998,1960,,2024/01/06,to-read,to-read (#1154),to-read,,,,0,0
157076,The Most Dangerous Game,Richard Connell,"Connell, Richard",Dennis Lyall,"=""1599869691""","=""9781599869698""",5.0,Filiquarian Pub Llc,Paperback,48,2006,1924,2024/01/06,2023/09/24,,,read,,,,1,0
340819,Blood Music,Greg Bear,"Bear, Greg",,"=""1596871067""","=""9781596871069""",0,Ibooks,Paperback,344,2002,1985,,2024/01/06,to-read,to-read (#1153),to-read,,,,0,0
35743,The Tin Drum,Günter Grass,"Grass, Günter",Ralph Manheim,"=""0099483505""","=""9780099483502""",0,Vintage,Paperback,580,2005,1959,,2024/01/05,to-read,to-read (#1152),to-read,,,,0,0
28407,Germinal,Émile Zola,"Zola, Émile",Roger Pearson,"=""0140447423""","=""9780140447422""",0,Penguin Classics,Paperback,592,2004,1885,,2024/01/05,to-read,to-read (#1151),to-read,,,,0,0
19117,Fathers and Sons,Ivan Turgenev,"Turgenev, Ivan","Jane Costlow, George Reavy","=""""","=""""",0,Signet,Mass Market Paperback,244,2005,1862,,2024/01/05,to-read,to-read (#1150),to-read,,,,0,0
59145,Père Goriot,Honoré de Balzac,"Balzac, Honoré de","Burton Raffel, Peter Brooks","=""039397166X""","=""9780393971668""",0,W. W. Norton & Company,Paperback,384,1997,1835,,2024/01/05,to-read,to-read (#1149),to-read,,,,0,0
14662,The Red and the Black,Stendhal,"Stendhal, Stendhal",Roger Gard,"=""0140447644""","=""9780140447644""",0,Penguin Classics,Paperback,577,2002,1830,,2024/01/05,to-read,to-read (#1148),to-read,,,,0,0
32261,Tess of the D’Urbervilles,Thomas Hardy,"Hardy, Thomas","Margaret R. Higonnet, Tim Dolin","=""""","=""""",0,Penguin Classics,Paperback,518,2003,1891,,2024/01/05,to-read,to-read (#1147),to-read,,,,0,0
18266,Gargantua and Pantagruel,François Rabelais,"Rabelais, François",M.A. Screech,"=""0140445501""","=""9780140445503""",0,Penguin Classics,Paperback,1041,2006,1532,,2024/01/05,to-read,to-read (#1146),to-read,,,,0,0
80081,The Golden Ass,Apuleius,"Apuleius, Apuleius","Jack Lindsay, Claudio Annaratone","=""0253200369""","=""9780253200365""",0,Indiana University Press,Paperback,256,2005,159,,2024/01/05,to-read,to-read (#1145),to-read,,,,0,0
1715,Metamorphoses,Ovid,"Ovid, Ovid","David Raeburn, Denis Feeney","=""014044789X""","=""9780140447897""",0,Penguin,Paperback,723,2004,8,,2024/01/05,to-read,to-read (#1144),to-read,,,,0,0
1473,Medea and Other Plays,Euripides,"Euripides, Euripides","Richard Rutherford, John Davie","=""0140449299""","=""9780140449297""",0,Penguin Books,Paperback,256,2003,-428,,2024/01/05,to-read,to-read (#1143),to-read,,,,0,0
486177,"The Plum in the Golden Vase or, Chin P'ing Mei: Vol. One: The Gathering",Lanling Xiaoxiao Sheng,"Sheng, Lanling Xiaoxiao",David Tod Roy,"=""0691016143""","=""9780691016146""",0,Princeton University Press,Paperback,714,1997,1596,,2024/01/05,to-read,to-read (#1141),to-read,,,,0,0
42634134,The Romance of the Three Kingdoms,Luo Guanzhong,"Guanzhong, Luo",,"=""""","=""""",0,Penguin Classics,Paperback,672,,1301,,2024/01/05,to-read,to-read (#1140),to-read,,,,0,0
53168757,Long Live the Post Horn!,Vigdis Hjorth,"Hjorth, Vigdis",Charlotte Barslund,"=""""","=""""",0,Verso Fiction,ebook,240,2020,2012,,2024/01/05,to-read,to-read (#1139),to-read,,,,0,0
36063228,The Nine Cloud Dream,Kim Manjung,"Manjung, Kim",Heinz Insu Fenkl,"=""0143131273""","=""9780143131274""",0,Penguin,Paperback,304,2018,1687,,2024/01/04,to-read,to-read (#1138),to-read,,,,0,0
6979007,Zhuangzi: The Essential Writings: With Selections from Traditional Commentaries (Hackett Classics),Zhuangzi,"Zhuangzi, Zhuangzi",Brook Ziporyn,"=""0872209113""","=""9780872209114""",0,"Hackett Publishing Company, Inc.",Paperback,256,2009,-350,,2024/01/04,to-read,to-read (#1137),to-read,,,,0,0
76546,The Wild Iris,Louise Glück,"Glück, Louise",,"=""0880013346""","=""9780880013345""",0,Ecco,Paperback,65,1993,1992,,2024/01/04,to-read,to-read (#1136),to-read,,,,0,0
24611522,Felicity,Mary Oliver,"Oliver, Mary",,"=""1594206767""","=""9781594206764""",0,Penguin Press,Hardcover,85,2015,2015,,2024/01/04,to-read,to-read (#1135),to-read,,,,0,0
40121965,Brute: Poems,Emily Skaja,"Skaja, Emily",,"=""1555978355""","=""9781555978358""",0,Graywolf Press,Paperback,72,2019,2019,,2024/01/04,to-read,to-read (#1134),to-read,,,,0,0
21532793,War of the Foxes,Richard Siken,"Siken, Richard",,"=""1556594771""","=""9781556594779""",3.0,Copper Canyon Press,Paperback,49,2015,2015,2024/01/04,2023/12/17,,,read,,,,1,0
58536097,A Childhood: The Biography of a Place,Harry Crews,"Crews, Harry",Tobias Wolff,"=""0143135333""","=""9780143135333""",0,Penguin Classics,Paperback,192,2022,1978,,2024/01/04,to-read,to-read (#1133),to-read,,,,0,0
161915,Suddenly Last Summer,Tennessee Williams,"Williams, Tennessee",,"=""0822210940""","=""9780822210948""",0,"Dramatists Play Service, Inc.",Paperback,54,1998,1958,,2024/01/04,to-read,to-read (#1132),to-read,,,,0,0
117564,The Trouble With Being Born,Emil M. Cioran,"Cioran, Emil M.",Richard Howard,"=""""","=""""",0,Arcade Publishing,Paperback,212,1998,1973,,2024/01/04,to-read,to-read (#1131),to-read,,,,0,0
10739,The Moviegoer (Vintage International),Walker Percy,"Percy, Walker",,"=""0375701966""","=""9780375701962""",0,Vintage International,Paperback,242,1998,1961,,2024/01/04,to-read,to-read (#1130),to-read,,,,0,0
44453029,Threshold,Rob Doyle,"Doyle, Rob",,"=""1635574145""","=""9781635574142""",0,Bloomsbury Publishing,Hardcover,336,2020,2020,,2024/01/04,to-read,to-read (#1129),to-read,,,,0,0
12857,The Gambler,Fyodor Dostoevsky,"Dostoevsky, Fyodor",Constance Garnett,"=""""","=""""",0,Modern Library,Paperback,188,2003,1866,,2024/01/03,to-read,to-read (#1128),to-read,,,,0,0
581552,In the Penal Colony,Franz Kafka,"Kafka, Franz",,"=""""","=""""",4.0,Schocken Books,Paperback,52,1974,1918,2024/01/03,2023/09/26,,,read,,,,1,0
199656534,The Heart in Winter,Kevin Barry,"Barry, Kevin",,"=""038555060X""","=""9780385550604""",0,Vintage,Kindle Edition,256,2024,2024,,2024/01/03,to-read,to-read (#1127),to-read,,,,0,0
196774352,Enlightenment,Sarah Perry,"Perry, Sarah",,"=""0063352613""","=""9780063352612""",0,Mariner Books,Hardcover,384,2024,2024,,2024/01/03,to-read,to-read (#1126),to-read,,,,0,0
186872309,My First Book,Honor Levy,"Levy, Honor",,"=""0593656539""","=""9780593656532""",0,Penguin Press,Hardcover,224,2024,2024,,2024/01/03,to-read,to-read (#1125),to-read,,,,0,0
185127021,Death Styles,Joyelle McSweeney,"McSweeney, Joyelle",,"=""1643622307""","=""9781643622309""",0,Nightboat Books,Paperback,136,2024,,,2024/01/03,to-read,to-read (#1124),to-read,,,,0,0
192723639,You Are Here: Poetry in the Natural World,Ada Limon,"Limon, Ada",,"=""1571315683""","=""9781571315687""",0,Milkweed Editions,Hardcover,176,2024,2024,,2024/01/03,to-read,to-read (#1123),to-read,,,,0,0
150778999,New and Selected Poems,Marie Howe,"Howe, Marie",,"=""1324075031""","=""9781324075035""",0,W. W. Norton & Company,Hardcover,192,2024,2024,,2024/01/03,to-read,to-read (#1122),to-read,,,,0,0
141007,"A Chance Meeting : Intertwined Lives of American Writers and Artists, 1854-1967",Rachel Cohen,"Cohen, Rachel",,"=""0099466570""","=""9780099466574""",0,,Paperback,388,2005,2004,,2024/01/03,to-read,to-read (#1121),to-read,,,,0,0
63099208,Wolf at the Table,Adam Rapp,"Rapp, Adam",,"=""0316434167""","=""9780316434164""",0,"Little, Brown and Company",Hardcover,480,2024,2024,,2024/01/03,to-read,to-read (#1120),to-read,,,,0,0
125819274,Ghost Pains,Jessi Jezewska Stevens,"Stevens, Jessi Jezewska",,"=""""","=""""",0,And Other Stories,Paperback,304,2024,2024,,2024/01/03,to-read,to-read (#1119),to-read,,,,0,0
75305025,American Spirits,Russell Banks,"Banks, Russell",,"=""0593536770""","=""9780593536773""",0,Knopf,Hardcover,240,2024,2024,,2024/01/03,to-read,to-read (#1118),to-read,,,,0,0
186872432,Parasol Against the Axe,Helen Oyeyemi,"Oyeyemi, Helen",,"=""0593192362""","=""9780593192368""",0,Riverhead Books,Hardcover,272,2024,2024,,2024/01/03,to-read,to-read (#1117),to-read,,,,0,0
176443312,Fruit of the Dead,Rachel  Lyon,"Lyon, Rachel",,"=""1668020858""","=""9781668020852""",0,Scribner,Hardcover,320,2024,2024,,2024/01/03,to-read,to-read (#1116),to-read,,,,0,0
197063361,In Ascension,Martin MacInnes,"MacInnes, Martin",,"=""0802163467""","=""9780802163462""",0,Black Cat,Paperback,496,2024,2024,,2024/01/03,to-read,to-read (#1115),to-read,,,,0,0
127282849,Corey Fah Does Social Mobility,Isabel Waidner,"Waidner, Isabel",,"=""1644452693""","=""9781644452691""",0,Graywolf Press,Paperback,160,2024,2023,,2024/01/03,to-read,to-read (#1114),to-read,,,,0,0
127282792,Alphabetical Diaries,Sheila Heti,"Heti, Sheila",,"=""0374610789""","=""9780374610784""",0,"Farrar, Straus and Giroux",Hardcover,224,2024,2024,,2024/01/03,to-read,to-read (#1113),to-read,,,,0,0
145625061,Spectral Evidence: Poems,Gregory Pardlo,"Pardlo, Gregory",,"=""1524731781""","=""9781524731786""",0,Knopf,Hardcover,128,2024,2024,,2024/01/03,to-read,to-read (#1112),to-read,,,,0,0
174070104,Nonfiction,Julie Myerson,"Myerson, Julie",,"=""1959030310""","=""9781959030317""",0,Tin House,Paperback,240,2024,2022,,2024/01/03,to-read,to-read (#1111),to-read,,,,0,0
127938747,You Dreamed of Empires,Álvaro Enrigue,"Enrigue, Álvaro",Natasha Wimmer,"=""059354479X""","=""9780593544792""",0,Riverhead,Hardcover,220,2024,2022,,2024/01/03,to-read,to-read (#1110),to-read,,,,0,0
176443548,Here in Avalon,Tara Isabella Burton,"Burton, Tara Isabella",,"=""1982170093""","=""9781982170097""",0,Simon & Schuster,Hardcover,320,2024,2024,,2024/01/03,to-read,to-read (#1109),to-read,,,,0,0
126262032,So Late in the Day: Stories of Women and Men,Claire Keegan,"Keegan, Claire",,"=""0802160859""","=""9780802160850""",5.0,Grove Press,Hardcover,128,2023,2022,2024/01/02,2023/07/08,,,read,,,,1,0
50162215,Mayflies,Andrew O'Hagan,"O'Hagan, Andrew",,"=""0571273688""","=""9780571273683""",0,Faber & Faber,Hardcover,288,2020,2020,,2024/01/02,to-read,to-read (#1108),to-read,,,,0,0
11346,Sula,Toni Morrison,"Morrison, Toni",,"=""0452283868""","=""9780452283862""",0,Plume,Paperback,174,2002,1973,,2024/01/02,to-read,to-read (#1107),to-read,,,,0,0
29034,Twelve Angry Men,Reginald Rose,"Rose, Reginald",David Mamet,"=""0143104403""","=""9780143104407""",5.0,Penguin Classics,Paperback,96,2006,1954,2024/01/02,2022/07/16,20-before-20,20-before-20 (#1),read,"<i>Twelve Angry Men</i> is a short, must-read classic that's a lot of fun!  One open-minded man's willingness to play devil's advocate is the catalyst for an unforgettable debate that is both intense and hilarious.  More than just thoroughly entertaining, the engrossing exchange that takes place as the jurors explore all sides of the case also serves as a thought exercise on psychology, human nature, and the justice system.",,,1,0
253264,Inherit the Wind: The Powerful Courtroom Drama in which Two Men Wage the Legal War of the Century,Jerome Lawrence,"Lawrence, Jerome",Robert E.  Lee,"=""0345501039""","=""9780345501035""",0,Ballantine Books,Paperback,129,2007,1955,,2024/01/02,to-read,to-read (#1106),to-read,,,,0,0
60897858,What Awaits?,Ernie Gammage,"Gammage, Ernie",,"=""""","=""""",0,Gambini Global Publishing,Kindle Edition,116,2022,2022,,2024/01/02,to-read,to-read (#1105),to-read,,,,0,0
406498,Lend Me a Tenor,Ken Ludwig,"Ludwig, Ken",,"=""0573016402""","=""9780573016400""",0,Samuel French Ltd,Paperback,114,1986,1986,,2024/01/02,to-read,to-read (#1104),to-read,,,,0,0
17250,The Crucible,Arthur Miller,"Miller, Arthur",Christopher W.E. Bigsby,"=""0142437336""","=""9780142437339""",0,Penguin Books,Paperback,143,2003,1953,,2024/01/02,to-read,to-read (#1103),to-read,,,,0,0
179142,All My Sons,Arthur Miller,"Miller, Arthur",Christopher Bigsby,"=""0141185465""","=""9780141185460""",0,Penguin Classics,Paperback,112,2000,1947,,2024/01/02,to-read,to-read (#1102),to-read,,,,0,0
13006,Julius Caesar,William Shakespeare,"Shakespeare, William","Harold Bloom, Roma Gill, William Allan Neilson","=""0198320272""","=""9780198320272""",0,Oxford University Press,Paperback,175,2002,1599,,2024/01/02,to-read,to-read (#1101),to-read,,,,0,0
7820036,The Remarkable Incident At Carson Corners (A Play),Kristin Sergel,"Sergel, Kristin",,"=""0871297043""","=""9780871297044""",0,Dramatic Publishing,Paperback,0,2000,1955,,2024/01/02,to-read,to-read (#1100),to-read,,,,0,0
48743735,Six Television Plays,Reginald Rose,"Rose, Reginald",,"=""""","=""""",0,Simon and Schuster,Hardcover,303,1956,,,2024/01/02,to-read,to-read (#1099),to-read,,,,0,0
26892110,The Library at Mount Char,Scott  Hawkins,"Hawkins, Scott",,"=""0553418629""","=""9780553418620""",2.0,Broadway Books,Paperback,390,2016,2015,2023/12/31,2021/11/22,,,read,,,,1,0
58724923,Hidden Pictures,Jason Rekulak,"Rekulak, Jason",,"=""1250819342""","=""9781250819345""",3.0,Flatiron Books,Hardcover,372,2022,2022,2023/12/31,2022/04/13,,,read,,,,1,0
169437,Botchan,Natsume Sōseki,"Sōseki, Natsume",Joel Cohn,"=""4770030487""","=""9784770030481""",0,Kodansha USA,Paperback,171,2007,1906,,2023/12/30,to-read,to-read (#1098),to-read,,,,0,0
127279986,"Hell Bent (Alex Stern, #2)",Leigh Bardugo,"Bardugo, Leigh",,"=""1250859441""","=""9781250859440""",0,Flatiron Books,Paperback,496,2024,2023,,2023/12/30,to-read,to-read (#1097),to-read,,,,0,0
210404,A Sand County Almanac and Sketches Here and There,Aldo Leopold,"Leopold, Aldo",Charles W. Schwartz,"=""0195007778""","=""9780195007770""",0,"Oxford University Press, USA",Paperback,269,1968,1949,,2023/12/30,to-read,to-read (#1096),to-read,,,,0,0
16902,"Walden or, Life in the Woods",Henry David Thoreau,"Thoreau, Henry David",Bill McKibben,"=""""","=""""",3.0,Princeton University Press,Paperback,352,2004,1854,2023/12/29,2022/03/31,,,read,,,,1,0
127823210,"River East, River West",Aube Rey Lescure,"Lescure, Aube Rey",,"=""0063257858""","=""9780063257856""",0,William Morrow,Hardcover,352,2024,2024,,2023/12/29,to-read,to-read (#1095),to-read,,,,0,0
60784815,Couplets,Maggie Millner,"Millner, Maggie",,"=""0374607958""","=""9780374607951""",0,"Farrar, Straus and Giroux",Hardcover,128,2023,2023,,2023/12/28,to-read,to-read (#1094),to-read,,,,0,0
75582270,A Little Luck,Claudia Piñeiro,"Piñeiro, Claudia",Frances Riddle,"=""1913867552""","=""9781913867553""",0,Charco Press,Paperback,211,2023,2015,,2023/12/28,to-read,to-read (#1093),to-read,,,,0,0
92307,Being and Time,Martin Heidegger,"Heidegger, Martin",,"=""0060638508""","=""9780060638504""",0,Harper & Row (NYC/Evanston),Hardcover,589,1962,1927,,2023/12/26,to-read,to-read (#1092),to-read,,,,0,0
180170423,Call Us What We Carry: Poems,Amanda Gorman,"Gorman, Amanda",,"=""0593465083""","=""9780593465080""",0,Viking Books,Paperback,256,2024,2021,,2023/12/23,to-read,to-read (#1091),to-read,,,,0,0
20443559,Enuma Elish: The Babylonian Creation Epic,Timothy J. Stephany,"Stephany, Timothy J.",,"=""""","=""""",0,,Kindle Edition,121,2013,,,2023/12/22,to-read,to-read (#1090),to-read,,,,0,0
12352619,History of Mankind: The Beginnings of Civilization,C. Leonard Woolley,"Woolley, C. Leonard",,"=""""","=""""",0,The New American Library,,,,1966,,2023/12/21,to-read,to-read (#1089),to-read,,,,0,0
826950,Ur of the Chaldees: A Revised and Updated Edition of Sir Leonard Woolley's Excavations at Ur,C. Leonard Woolley,"Woolley, C. Leonard",P.R.S. Moorey,"=""0801415187""","=""9780801415180""",0,Cornell University Press,Hardcover,272,1982,1954,,2023/12/21,to-read,to-read (#1088),to-read,,,,0,0
1715806,The Sumerians,C. Leonard Woolley,"Woolley, C. Leonard",,"=""0393002926""","=""9780393002928""",0,W. W. Norton & Company,Paperback,198,1965,1928,,2023/12/21,to-read,to-read (#1087),to-read,,,,0,0
7790524,Perfume: The Story of a Murderer,Patrick Süskind,"Süskind, Patrick",John E. Woods,"=""0141041153""","=""9780141041155""",4.0,Penguin Books,Paperback,263,2010,1985,2023/12/20,2021/11/22,,,read,"Don't be deceived by Perfume's subtitle-- this is not your average novel about a killer. This is not a ""whodunit""-- rather than having the reader uncover the hidden acts of the murderer, Süskind opts instead to put him on full display, and to leave us guessing which deranged fantasy his evil protagonist will attempt to realize next.  The glorious effect of this strategy, of putting us into the mind of an unhuman entity that is obsessed with scent, is a fascinating, passionate account that earns its spot on the shelf next to the works of Poe and Shelley.",,,1,0
1137702,The Wendigo,Algernon Blackwood,"Blackwood, Algernon",,"=""""","=""""",0,Hard Press,Paperback,48,2006,1910,,2023/12/18,to-read,to-read (#1086),to-read,,,,0,0
6505014,The Temple,H.P. Lovecraft,"Lovecraft, H.P.",,"=""""","=""""",5.0,Classics Unbound,Kindle Edition,30,,1920,2023/12/18,2023/09/24,,,read,,,,1,0
61884779,The Salt Grows Heavy,Cassandra Khaw,"Khaw, Cassandra",,"=""1250830915""","=""9781250830913""",0,Tor Nightfire,Hardcover,106,2023,2023,,2023/12/18,to-read,to-read (#1085),to-read,,,,0,0
60853075,Eastbound,Maylis de Kerangal,"Kerangal, Maylis de",Jessica  Moore,"=""""","=""""",0,Les Fugitives,Paperback,140,2022,2012,,2023/12/18,to-read,to-read (#1084),to-read,,,,0,0
65215103,The Dimensions of a Cave,Greg    Jackson,"Jackson, Greg",,"=""0374298491""","=""9780374298494""",0,"Farrar, Straus and Giroux",Hardcover,480,2023,,,2023/12/18,to-read,to-read (#1083),to-read,,,,0,0
62120814,Landscapes,Christine Lai,"Lai, Christine",,"=""038568424X""","=""9780385684248""",0,Doubleday Canada,Hardcover,296,2023,2023,,2023/12/18,to-read,to-read (#1082),to-read,,,,0,0
264158,The Raven,Edgar Allan Poe,"Poe, Edgar Allan",Gustave Doré,"=""0486290727""","=""9780486290720""",0,Dover Publications,Paperback,64,1996,1845,,2023/12/18,to-read,to-read (#1081),to-read,,,,0,0
101160634,Making It So,Patrick   Stewart,"Stewart, Patrick",,"=""1982167734""","=""9781982167738""",0,Gallery Books,Hardcover,469,2023,2023,,2023/12/17,to-read,to-read (#1080),to-read,,,,0,0
34234631,Mr Salary,Sally Rooney,"Rooney, Sally",,"=""0571351956""","=""9780571351954""",2.0,Faber & Faber,Paperback,33,2019,2016,2023/12/17,2023/08/06,,,read,,,,1,0
2260460,There Will Come Soft Rains,Ray Bradbury,"Bradbury, Ray",,"=""089598962X""","=""9780895989628""",3.0,Perfection Learning,Paperback,30,1989,1950,2023/12/17,2023/07/25,,,read,,,,1,0
195945776,Ankle Snatcher,Grady Hendrix,"Hendrix, Grady",,"=""166251705X""","=""9781662517051""",3.0,Amazon Original Stories,Kindle Edition,28,2023,2023,2023/12/17,2023/12/14,,,read,,,,1,0
143534,The Gift of the Magi,O. Henry,"Henry, O.",Lisbeth Zwerger,"=""141693586X""","=""9781416935865""",3.0,Simon & Schuster Books for Young Readers,Hardcover,26,2006,1905,2023/12/17,2023/09/24,,,read,,,,1,0
52317884,The Jaunt,Stephen  King,"King, Stephen",,"=""""","=""""",4.0,,Unknown Binding,25,,1981,2023/12/17,2023/09/24,,,read,,,,1,0
133938826,Welcome to the Hyunam-Dong Bookshop,Hwang Bo-Reum,"Bo-Reum, Hwang",Shanna Tan,"=""""","=""""",0,Bloomsbury Publishing,Hardcover,307,2024,2022,,2023/12/17,to-read,to-read (#1079),to-read,,,,0,0
38374795,Howards End,E.M. Forster,"Forster, E.M.",,"=""1984295292""","=""9781984295293""",0,Createspace Independent Publishing Platform,Paperback,318,2018,1910,,2023/12/17,to-read,to-read (#1078),to-read,,,,0,0
4711854,The Machine Stops,E.M. Forster,"Forster, E.M.",,"=""140990329X""","=""9781409903291""",0,Dodo Pr,Paperback,35,2008,1909,,2023/12/17,to-read,to-read (#1077),to-read,,,,0,0
3087,A Room with a View,E.M. Forster,"Forster, E.M.",,"=""1420925431""","=""9781420925432""",3.0,Digireads.Com,Paperback,119,2005,1908,2023/12/17,2022/08/18,,,read,,,,1,0
5890,The Woman in White,Wilkie Collins,"Collins, Wilkie",Matthew Sweet,"=""""","=""""",0,Penguin Classics,Paperback,672,2003,1859,,2023/12/15,to-read,to-read (#1076),to-read,,,,0,0
33300,Reasons to Live,Amy Hempel,"Hempel, Amy",,"=""0060976721""","=""9780060976729""",0,HarperPerennial,Paperback,129,1995,1985,,2023/12/14,to-read,to-read (#1074),to-read,,,,0,0
75665931,The Maniac,Benjamín Labatut,"Labatut, Benjamín",,"=""0593654471""","=""9780593654477""",5.0,Penguin Press,Hardcover,368,2023,2023,2023/12/14,2023/09/07,,,read,"Never before has the narrative surrounding artificial intelligence- its origins, development, and implications for the future- been more relevant.<br/><br/>Labatut’s exploration of this topic in The MANIAC is laid out, appropriately, like the three parts of a game of go (or chess)— key players and seeds of ideas are set up in the opening, then the the reader enters the meat of the middlegame with a deep dive into John Von Neumann’s obsession with the mathematical precursors to AI, and, finally, the unforgettable and all-important endgame is reached with the extension and application of those ideas that had been spawned in fits of mania over seventy years prior.  <br/><br/>The result is a captivating micro and macro view of Von Neumann that showcases not only the diverse viewpoints of those close to him but also the path of the waves he made that tore through the world so many years ago-- ones that we still feel the ripples of to this very day.",,,1,0
51204046,"The Boy from the Woods (Wilde, #1)",Harlan Coben,"Coben, Harlan",,"=""1538748142""","=""9781538748145""",0,Grand Central Publishing,Hardcover,371,2020,2020,,2022/06/20,to-read,to-read (#354),to-read,,,,0,0
85163110,How Do You Live?,Genzaburo Yoshino,"Yoshino, Genzaburo","Bruno Navasky, Neil Gaiman","=""164375307X""","=""9781643753072""",0,"Little, Brown Books for Young Readers",Paperback,288,2023,1937,,2023/12/12,to-read,to-read (#1073),to-read,,,,0,0
54110592,How Do You Live?,Genzaburo Yoshino,"Yoshino, Genzaburo","Neil Gaiman, Bruno Navasky","=""1616209771""","=""9781616209773""",0,"Little, Brown Books for Young Readers",Hardcover,288,2021,1937,,2023/12/12,to-read,to-read (#1072),to-read,,,,0,0
10252302,Blue Nights,Joan Didion,"Didion, Joan",,"=""0307267679""","=""9780307267672""",0,Knopf,Hardcover,208,2011,2011,,2023/12/12,to-read,to-read (#1071),to-read,,,,0,0
74405,"The Rebel Angels (The Cornish Trilogy, #1)",Robertson Davies,"Davies, Robertson",,"=""0140062718""","=""9780140062717""",0,Penguin Books,Mass Market Paperback,326,1983,1981,,2023/12/12,to-read,to-read (#1070),to-read,,,,0,0
74406,"Fifth Business (The Deptford Trilogy, #1)",Robertson Davies,"Davies, Robertson",,"=""0141181362""","=""9780141181363""",0,Penguin,Paperback,252,2002,1970,,2023/12/12,to-read,to-read (#1069),to-read,,,,0,0
199347538,"Somewhere Beyond the Sea (Cerulean Chronicles, #2)",T.J. Klune,"Klune, T.J.",,"=""125088120X""","=""9781250881205""",0,Tor Books,Hardcover,416,2024,2024,,2023/12/12,to-read,to-read (#1068),to-read,,,,0,0
157981682,The Book of Love,Kelly Link,"Link, Kelly",,"=""0812996585""","=""9780812996586""",0,Random House,Hardcover,628,2024,2024,,2023/12/12,to-read,to-read (#1067),to-read,,,,0,0
199743738,The Midnight Feast,Lucy Foley,"Foley, Lucy",,"=""0063003104""","=""9780063003101""",0,William Morrow,Hardcover,368,2024,2024,,2023/12/12,to-read,to-read (#1066),to-read,,,,0,0
123847255,The Bullet Swallower,Elizabeth Gonzalez James,"James, Elizabeth Gonzalez",,"=""1668009323""","=""9781668009321""",0,Simon & Schuster,Hardcover,272,2024,2024,,2023/12/12,to-read,to-read (#1065),to-read,,,,0,0
55710260,This Is How You Lose the Time War,Amal El-Mohtar,"El-Mohtar, Amal",Max Gladstone,"=""""","=""""",4.0,Gallery / Saga Press,Kindle Edition,223,2019,2019,2023/12/10,2023/05/15,,,read,"As you might guess from the title, <i>This Is How You Lose the Time War</i> involves time travel and war, but at the heart of this novella is the blissfully poetic correspondence of the two main characters. El-Mohtar and Gladstone layer in lyrical world-building between the letters that plunges the reader deeper into the beauty and mystery of their universe.  As long as the reader enjoys expressive language, the one hang up they may face is the plausibility of the relationship that is central to this story.  But, whether or not their relationship comes off as contrived, accompanying these characters on their journey ends up being a beautiful ride.",,,1,0
395090,Ariel,Sylvia Plath,"Plath, Sylvia",,"=""0060931728""","=""9780060931728""",0,Harper Perennial Modern Classics,Paperback,128,1999,1965,,2023/12/09,to-read,to-read (#1064),to-read,,,,0,0
23841432,Night Sky with Exit Wounds,Ocean Vuong,"Vuong, Ocean",,"=""""","=""""",4.0,Copper Canyon Press,Paperback,89,2016,2016,2023/12/09,2023/11/11,,,read,,,,1,0
12745352,Heaven and Hell,Jón Kalman Stefánsson,"Stefánsson, Jón Kalman",,"=""1849164061""","=""9781849164061""",0,MacLehose Press,Paperback,215,2011,2007,,2023/12/09,to-read,to-read (#1063),to-read,,,,0,0
23492483,"Brooklyn (Eilis Lacey, #1)",Colm Tóibín,"Tóibín, Colm",,"=""1501106473""","=""9781501106477""",0,Scribner,Paperback,288,2015,2009,,2023/12/09,to-read,to-read (#1062),to-read,,,,0,0
53413,Hopscotch,Julio Cortázar,"Cortázar, Julio",Gregory Rabassa,"=""""","=""""",0,Pantheon,Paperback,564,1987,1963,,2023/12/08,to-read,to-read (#1061),to-read,,,,0,0
123942,A Very Easy Death,Simone de Beauvoir,"Beauvoir, Simone de",,"=""0394728998""","=""9780394728995""",0,Pantheon,Paperback,112,1985,1964,,2023/12/08,to-read,to-read (#1060),to-read,,,,0,0
59571658,The Hurting Kind: Poems,Ada Limon,"Limon, Ada",,"=""1639550496""","=""9781639550494""",0,Milkweed Editions,Hardcover,100,2022,2022,,2023/12/08,to-read,to-read (#1059),to-read,,,,0,0
24945396,Bright Dead Things,Ada Limon,"Limon, Ada",,"=""1571314717""","=""9781571314710""",0,Milkweed Editions,Paperback,105,2015,2015,,2023/12/08,to-read,to-read (#1057),to-read,,,,0,0
38402135,The Carrying,Ada Limon,"Limon, Ada",,"=""1571315128""","=""9781571315120""",0,Milkweed Editions,Hardcover,120,2018,2018,,2023/12/08,to-read,to-read (#1058),to-read,,,,0,0
96259,Crush,Richard Siken,"Siken, Richard",Louise Glück,"=""0300107897""","=""9780300107890""",0,Yale University Press,Paperback,80,2005,2005,,2023/12/08,to-read,to-read (#1056),to-read,,,,0,0
56805404,Call Us What We Carry,Amanda Gorman,"Gorman, Amanda",,"=""0593465067""","=""9780593465066""",0,Viking ,Hardcover,228,2021,2021,,2023/12/08,to-read,to-read (#1055),to-read,,,,0,0
58582927,Time Is a Mother,Ocean Vuong,"Vuong, Ocean",,"=""0593300238""","=""9780593300237""",3.0,Penguin Press,Hardcover,114,2022,2022,2023/12/08,2023/09/09,,,read,,,,1,0
52007535,On Earth We're Briefly Gorgeous,Ocean Vuong,"Vuong, Ocean",,"=""0525562044""","=""9780525562047""",4.0,Penguin Books,Paperback,246,2021,2019,2023/12/07,2021/11/24,,,read,,,,1,0
62039277,August Blue,Deborah Levy,"Levy, Deborah",,"=""""","=""""",0,"Farrar, Straus and Giroux",Hardcover,208,2023,2023,,2023/12/06,to-read,to-read (#1054),to-read,,,,0,0
46223297,Permanent Record,Edward Snowden,"Snowden, Edward",,"=""1250237238""","=""9781250237231""",0,Metropolitan Books,Hardcover,339,2019,2019,,2023/12/06,to-read,to-read (#1053),to-read,,,,0,0
54870256,There Is No Antimemetics Division,qntm,"qntm, qntm",Sam  Hughes,"=""""","=""""",0,,Kindle Edition,220,2020,2020,,2023/12/06,to-read,to-read (#1052),to-read,,,,0,0
127547377,I Keep My Exoskeletons to Myself,Mac (Marisa) Crane,"Crane, Mac (Marisa)",,"=""1646222067""","=""9781646222063""",0,Catapult,Paperback,352,2024,2023,,2023/12/05,to-read,to-read (#1051),to-read,,,,0,0
65650229,Wellness,Nathan  Hill,"Hill, Nathan",,"=""0593536118""","=""9780593536117""",4.0,Knopf,Hardcover,611,2023,2023,2023/12/04,2023/07/08,,,read,"Hill might lose you for a minute when he deep dives into several niche topics throughout the course of the book (especially if you aren't interested in psychology, real estate, art/photography, social media, etc.), but he always manages to suck you back into his story that explores anxiety, guilt, love, and more.  He does a great job at keeping the reader interested without revealing a lot, to the point that halfway through the book you may not know where the story is headed, but you are definitely heavily invested in the characters he has thoroughly developed by really getting you inside of their brains.  Ultimately, the balance of humor and seriousness make <i>Wellness</i> an enjoyable, well-rounded story that I would gladly recommend to anyone with an open mind.",,,1,0
16240761,The Son,Philipp Meyer,"Meyer, Philipp",,"=""0062120395""","=""9780062120397""",0,Ecco,Hardcover,561,2013,2013,,2023/12/03,to-read,to-read (#1050),to-read,,,,0,0
63461,Terms of Endearment,Larry McMurtry,"McMurtry, Larry",,"=""075283455X""","=""9780752834559""",0,Orion Paperbacks,Paperback,416,2000,1975,,2023/12/03,to-read,to-read (#1049),to-read,,,,0,0
1981412,Macario,B. Traven,"Traven, B.",,"=""9684030150""","=""9789684030152""",0,Selector S.A. De C.V.,Paperback,112,1997,1950,,2023/12/03,to-read,to-read (#1048),to-read,,,,0,0
54812,"Streets of Laredo (Lonesome Dove, #2)",Larry McMurtry,"McMurtry, Larry",,"=""0684857537""","=""9780684857534""",0,Simon Schuster,Paperback,547,2000,1993,,2023/12/03,to-read,to-read (#1047),to-read,,,,0,0
128048,"Carry On, Mr. Bowditch",Jean Lee Latham,"Latham, Jean Lee",John O'Hara Cosgrave II,"=""0618250743""","=""9780618250745""",0,Houghton Mifflin Company,Paperback,251,2003,1955,,2023/12/02,to-read,to-read (#1046),to-read,,,,0,0
3980,From the Mixed-up Files of Mrs. Basil E. Frankweiler,E.L. Konigsburg,"Konigsburg, E.L.",,"=""0744583276""","=""9780744583274""",0,Gardners Books,Paperback,159,2003,1967,,2023/12/02,to-read,to-read (#1045),to-read,,,,0,0
233711,"Father and I Were Ranchers (Little Britches, #1)",Ralph Moody,"Moody, Ralph",,"=""0803281781""","=""9780803281783""",0,University of Nebraska Bison,Paperback,260,1991,1950,,2023/12/02,to-read,to-read (#1044),to-read,,,,0,0
17184,The Invisible Man,H.G. Wells,"Wells, H.G.",Scott Westerfeld,"=""0451528522""","=""9780451528520""",0,New American Library/Penguin Books,Mass Market Paperback,192,2002,1897,,2023/12/02,to-read,to-read (#1043),to-read,,,,0,0
6440,Ivanhoe,Walter  Scott,"Scott, Walter",Graham Tulloch,"=""""","=""""",0,Penguin Books /Penguin Classics,Paperback,496,2000,1819,,2023/12/02,to-read,to-read (#1042),to-read,,,,0,0
10155,"The Lost World (Professor Challenger, #1)",Arthur Conan Doyle,"Doyle, Arthur Conan",Michael Crichton,"=""0812967259""","=""9780812967258""",0,Random House Publishing Group,Paperback,272,2003,1912,,2023/12/02,to-read,to-read (#1041),to-read,,,,0,0
60194162,Demon Copperhead,Barbara Kingsolver,"Kingsolver, Barbara",,"=""""","=""""",3.0,Harper,Hardcover,560,2022,2022,2023/11/27,2023/07/08,,,read,"Kingsolver’s citation of David Copperfield as THE inspiration for this novel seems unnecessary— let the book stand in its own; Demon Copperhead pretty much does. <br/><br/>The Good: Kingsolver’s passionate narrative causes the reader to feel “all the feels” of the protagonist, you are right there with him during his highest highs and his lowest lows.<br/><br/>The Bad: Unfortunately, this epic comes off a little ""too epic"", a little too self-aware, to the point that some of its moments are too cleanly packaged in a way that is obviously trying to live up to its own hype, and ends up falling a little flat because of it.<br/><br/>In the end, Kingsolver's tale has many beautiful, engrossing moments, but isn't able to weave a strong enough thread between the string of passionate episodes that are explored, ultimately leaving the reader scrambling to piece together a coherent  thematic takeaway.",,,1,0
2074490,The Seed and the Sower,Laurens van der Post,"Post, Laurens van der",,"=""""","=""""",0,Penguin Books Ltd,Paperback,224,1973,1963,,2023/11/24,to-read,to-read (#1040),to-read,,,,0,0
1071726,The Peregrine,J.A. Baker,"Baker, J.A.",Robert Macfarlane,"=""""","=""""",0,NYRB Classics,Paperback,191,2004,1967,,2023/11/21,to-read,to-read (#1039),to-read,,,,0,0
753802,Karmic Traces,Eliot Weinberger,"Weinberger, Eliot",,"=""0811214567""","=""9780811214568""",0,New Directions,Paperback,192,2000,2000,,2023/11/21,to-read,to-read (#1038),to-read,,,,0,0
29082612,The Ghosts of Birds,Eliot Weinberger,"Weinberger, Eliot",,"=""0811226182""","=""9780811226189""",0,New Directions,Paperback,212,2016,2016,,2023/11/21,to-read,to-read (#1037),to-read,,,,0,0
753801,An Elemental Thing,Eliot Weinberger,"Weinberger, Eliot",,"=""0811216942""","=""9780811216944""",0,New Directions,Paperback,208,2007,2007,,2023/11/21,to-read,to-read (#1036),to-read,,,,0,0
63032,2666,Roberto Bolaño,"Bolaño, Roberto",,"=""843396867X""","=""9788433968678""",0,Anagrama,Paperback,1128,2004,2004,,2023/11/21,to-read,to-read (#1035),to-read,,,,0,0
60784757,Birnam Wood,Eleanor Catton,"Catton, Eleanor",,"=""0374110336""","=""9780374110338""",0,"Farrar, Straus and Giroux",Hardcover,424,2023,2023,,2023/11/19,to-read,to-read (#1034),to-read,,,,0,0
41556003,Severance,Ling  Ma,"Ma, Ling",,"=""1250214998""","=""9781250214997""",0,Picador,Paperback,291,2019,2018,,2023/11/19,to-read,to-read (#1033),to-read,,,,0,0
13318653,We the Animals,Justin Torres,"Torres, Justin",,"=""0547844190""","=""9780547844190""",0,Mariner Books,Paperback,128,2012,2011,,2023/11/19,to-read,to-read (#1032),to-read,,,,0,0
60679392,I Keep My Exoskeletons to Myself,Marisa Crane,"Crane, Marisa",,"=""164622129X""","=""9781646221295""",0,Catapult,Hardcover,352,2023,2023,,2023/11/17,to-read,to-read (#1031),to-read,,,,0,0
89717,The Haunting of Hill House,Shirley Jackson,"Jackson, Shirley",Laura Miller,"=""0143039989""","=""9780143039983""",2.0,Penguin Classics,Paperback,182,2006,1959,2023/11/15,2022/07/06,,,read,"1.5<br/><br/>Slow-moving and an empty promise of thrills. <br/><br/>Though influential, The Haunting of Hill House has little to offer in a genre that has far surpassed its humble beginnings, placing Jackson's novel firmly in ""not-worth-the-read"" territory.",,,1,0
62220,So the Wind Won't Blow It All Away,Richard Brautigan,"Brautigan, Richard",,"=""0385292872""","=""9780385292870""",0,Doubleday,Paperback,131,1984,1982,,2023/11/13,to-read,to-read (#1030),to-read,,,,0,0
77156,"Plainsong (Plainsong, #1)",Kent Haruf,"Haruf, Kent",,"=""0375705856""","=""9780375705854""",0,Vintage,Paperback,301,2000,1999,,2023/11/13,to-read,to-read (#1029),to-read,,,,0,0
53438824,Whereabouts,Jhumpa Lahiri,"Lahiri, Jhumpa",,"=""0593318315""","=""9780593318317""",0,Alfred A. Knopf,Hardcover,157,2021,2018,,2023/11/13,to-read,to-read (#1028),to-read,,,,0,0
62069739,When We Cease to Understand the World,Benjamín Labatut,"Labatut, Benjamín",Adrian Nathan West,"=""""","=""""",3.0,New York Review Books,Kindle Edition,193,2022,2020,2023/11/13,2023/09/07,,,read,"Calling all science, math, and history nerds-- this is your book, but with a disclaimer.  <br/>You may or may not enjoy the liberties the author takes with the circumstances he imagines may have surrounded men who were obsessed with unraveling the mysteries of the universe. Whether or not you are disturbed by Labatut's descriptions of their academic compulsions, the threads that connect the people in this book are fascinating. Even if you don't admire the way Labutut fictionalizes the background of the geniuses in When We Cease to Understand the World, you can at least admire his gutsy attempt to do so.",,,1,0
421,The White Album,Joan Didion,"Didion, Joan",,"=""0374532079""","=""9780374532079""",0,FSG Adult,Paperback,224,2009,1979,,2023/11/11,to-read,to-read (#1027),to-read,,,,0,0
6798263,Bluets,Maggie Nelson,"Nelson, Maggie",,"=""1933517409""","=""9781933517407""",4.0,Wave Books,Paperback,99,2009,2009,2023/11/11,2022/06/22,,,read,"3.5<br/><br/>The color blue has countless subtle variations, and Bluets captures all of its nuances through beautiful ruminations.<br/><br/>Nelson's thoughts are fragmented at times, and the transition between them can be a bit jarring, leaving little time for the reader to form coherent connections between them.  However, that's okay, as Bluets is obviously more poetry than prose.  Bluets' blue-hued cogitations may be better consumed in small doses, lest its reading become reminiscent of perusing an exhaustive catalogue of the color.<br/><br/>Despite any shortcomings of Bluets' continuity, the reader is sure to find valuable sapphire gems of insight among its pages. And so, stepping back to view her canvas as whole, Nelson has painted colorful visions with varying brushstrokes that yield an intricate tapestry of blues that is as deep as it is wide.",,,1,0
55077652,The Past Is Red,Catherynne M. Valente,"Valente, Catherynne M.",,"=""1250301130""","=""9781250301130""",3.0,Tordotcom,Hardcover,151,2021,2021,2023/11/10,2021/11/05,,,read,"The Past Is Red scores major points for its imaginative vision of a post-apocalyptic future.  Valente's novel is rife with lengthy descriptions of a world that isn't anchored in recognizable landmarks, and the humor of the narrator serves as much-needed comic relief to any disorientation the reader may feel.  Behind the tough exterior of both the protagonist and the world she lives in, there are treasures to be found, but the reader must show patience in wading through what feels a little like a short story that was made slightly too long in the attempt to be a novel.",,,1,0
179546766,The Morningside,Téa Obreht,"Obreht, Téa",,"=""1984855506""","=""9781984855503""",0,Random House,Hardcover,287,2024,2024,,2023/11/10,to-read,to-read (#1026),to-read,,,,0,0
9717,The Unbearable Lightness of Being,Milan Kundera,"Kundera, Milan",Michael Henry Heim,"=""0571224385""","=""9780571224388""",2.0,Harper Perennial,Paperback,314,2009,1984,2023/11/08,2022/11/05,,,read,"I guess it’s probably a sign the book isn’t that great when a dog ends up being your favorite character. <br/><br/>I’ll admit that parts this book went a bit over my head, but the parts I did understand weren’t that enjoyable.  <br/><br/>There were a lot of moments where Kundera forgot the “show don’t tell” rule of writing.  Yes, there are many cases where authors break this rule to great success, but I don’t consider this novel to be one of them. <br/><br/>Unfortunately, The Unbearable Lightness of Being ventures into “I’m 15 and this is deep” territory too many times to be good. <br/><br/>",,,1,0
44318414,The Dutch House,Ann Patchett,"Patchett, Ann",,"=""0062963678""","=""9780062963673""",2.0,Harper,Hardcover,337,2019,2019,2023/11/06,2023/06/29,,,read,"The Dutch House succeeds as a case study of how a dysfunctional family life affects our protagonist.  The circumstances surrounding the dysfunction, however, are uninteresting. Thus, Patchett resorts to holding the  the reader’s attention through the many meandering thoughts of her characters, very few of which end up being all that memorable. ",,,1,0
58065033,Lessons in Chemistry,Bonnie Garmus,"Garmus, Bonnie",,"=""""","=""""",0,Doubleday Books,Hardcover,390,2022,2022,,2023/11/06,to-read,to-read (#1025),to-read,,,,0,0
23602562,Our Souls at Night,Kent Haruf,"Haruf, Kent",,"=""1101875895""","=""9781101875896""",0,Alfred A. Knopf,Hardcover,179,2015,2015,,2023/11/06,to-read,to-read (#1024),to-read,,,,0,0
56646330,Assembly,Natasha   Brown,"Brown, Natasha",,"=""0316268267""","=""9780316268264""",0,"Little, Brown and Company",Hardcover,112,2021,2021,,2023/11/06,to-read,to-read (#1023),to-read,,,,0,0
53825991,Intimations,Zadie Smith,"Smith, Zadie",,"=""059329761X""","=""9780593297612""",0,Penguin Books,Paperback,97,2020,2020,,2023/11/06,to-read,to-read (#1022),to-read,,,,0,0
57693584,If an Egyptian Cannot Speak English,Noor Naga,"Naga, Noor",,"=""164445081X""","=""9781644450819""",0,Graywolf Press,Paperback,194,2022,2022,,2023/11/06,to-read,to-read (#1021),to-read,,,,0,0
52045757,Minor Detail,Adania Shibli,"Shibli, Adania",Elisabeth Jaquette,"=""191309717X""","=""9781913097172""",0,Fitzcarraldo Editions,Paperback,112,2020,2017,,2023/11/05,to-read,to-read (#1020),to-read,,,,0,0
14201,Jonathan Strange & Mr Norrell,Susanna Clarke,"Clarke, Susanna",,"=""""","=""""",2.0,Tor Books,Paperback,1006,2006,2004,2023/11/02,2023/09/16,,,read,"Imaginative, fascinating, deep, beautiful.<br/><br/>Drawn-out, tedious, tangential.<br/><br/>If you want a study in how a novel can be all of those things at once, dive into reading Jonathan Strange & Mr Norrell. <br/><br/>Otherwise (and unfortunately), this is a book I probably wouldn’t recommend in good conscience.<br/><br/>2.25",,,1,0
143948653,The Sleepless,Victor Manibo,"Manibo, Victor",,"=""1645660710""","=""9781645660712""",0,Erewhon Books,Paperback,380,2023,2022,,2023/11/02,to-read,to-read (#1019),to-read,,,,0,0
199798868,"Long Island (Eilis Lacey, #2)",Colm Tóibín,"Tóibín, Colm",,"=""1476785112""","=""9781476785110""",0,Scribner,Hardcover,294,2024,2024,,2023/11/01,to-read,to-read (#1018),to-read,,,,0,0
41940267,Beowulf,Unknown,"Unknown, Unknown",Maria Dahvana Headley,"=""0374110034""","=""9780374110031""",4.0,FSG,Paperback,140,2020,950,2023/07/17,2023/02/22,,,read,,,,1,0
45144327,An Occurence at Owl Creek Bridge,Ambrose Bierce,"Bierce, Ambrose",,"=""1731557000""","=""9781731557001""",3.0,Independently published,Paperback,25,2018,1890,2023/10/23,2023/09/24,,,read,,,,1,0
28251002,The Nix,Nathan  Hill,"Hill, Nathan",,"=""110194661X""","=""9781101946619""",0,Knopf,Hardcover,625,2016,2016,,2023/10/23,to-read,to-read (#1017),to-read,,,,0,0
120555,The Veldt,Ray Bradbury,"Bradbury, Ray",Gary Kelley,"=""0886821088""","=""9780886821081""",0,Creative Co,Library Binding,45,1987,1950,,2023/10/23,to-read,to-read (#1016),to-read,,,,0,0
13030110,All You Zombies,Robert A. Heinlein,"Heinlein, Robert A.",,"=""""","=""""",2.0,The Heinlein Archives,ebook,13,1959,1959,2023/10/22,2023/10/22,,,read,,,,1,0
18162954,Galatea,Madeline Miller,"Miller, Madeline",,"=""1408848147""","=""""",4.0,Bloomsbury Paperbacks,Kindle Edition,27,2013,2013,2023/10/22,2023/09/24,,,read,,,,1,0
29335205,We Can Get Them For You Wholesale,Neil Gaiman,"Gaiman, Neil",,"=""""","=""""",3.0,www.baen.com/,ebook,10,2015,1984,2023/10/22,2023/10/20,,,read,,,,1,0
17568373,A Sound of Thunder,Ray Bradbury,"Bradbury, Ray",,"=""""","=""""",3.0,http://www.scaryforkids.com/,ebook,15,1951,1951,2023/10/22,2023/09/24,,,read,,,,1,0
18667307,"Tokyo Ghoul, Tome 1 (Tokyo Ghoul, #1)",Sui Ishida,"Ishida, Sui",,"=""2723495612""","=""9782723495615""",3.0,Glénat,Mass Market Paperback,224,2013,2012,2023/10/19,2022/03/23,,,read,,,,1,0
4808763,The Last Question,Isaac Asimov,"Asimov, Isaac","Bob E. Flick, Jim Gallant","=""1884214495""","=""9781884214493""",3.0,Ziggurat Productions,Audio CD,9,2007,1956,2023/10/18,2023/09/24,,,read,,,,1,0
10176119,Harrison Bergeron,Kurt Vonnegut Jr.,"Jr., Kurt Vonnegut",,"=""""","=""""",4.0,The Magazine of Fantasy and Science Fiction,ebook,9,1961,1961,2023/10/18,2023/09/24,,,read,,,,1,0
54493401,Project Hail Mary,Andy Weir,"Weir, Andy",,"=""0593135202""","=""9780593135204""",5.0,Ballantine Books,Hardcover,476,2021,2021,,2023/10/18,,,read,,,,1,0
34928122,Artemis,Andy Weir,"Weir, Andy",,"=""0553448129""","=""9780553448122""",2.0,Crown,Hardcover,305,2017,2017,2023/10/15,2023/10/15,,,read,"Goodreads choice winner? Yikes. 2017 must have been a rough year.<br/><br/>Artemis is full of cringeworthy character voice, boring setting, and unnecessary scientific explanations posing as suspense.",,,1,0
1898,Into Thin Air: A Personal Account of the Mt. Everest Disaster,Jon Krakauer,"Krakauer, Jon",,"=""""","=""""",0,Anchor Books,Paperback,368,1999,1997,,2023/10/11,to-read,to-read (#1015),to-read,,,,0,0
41015038,My Best Friend's Exorcism,Grady Hendrix,"Hendrix, Grady",,"=""""","=""""",0,Quirk Books,Kindle Edition,337,2016,2016,,2023/10/11,to-read,to-read (#1014),to-read,,,,0,0
36911680,The Saturday Night Ghost Club,Craig Davidson,"Davidson, Craig",,"=""0735274827""","=""9780735274822""",0,Knopf Canada,Hardcover,253,2018,2018,,2023/10/11,to-read,to-read (#1013),to-read,,,,0,0
761381,The Halloween Tree,Ray Bradbury,"Bradbury, Ray",,"=""0375803017""","=""9780375803017""",4.0,Yearling,Paperback,145,2001,1972,2023/10/11,2021/09/08,,,read,,,,1,0
13628812,The Rent Collector,Camron Wright,"Wright, Camron",,"=""1609071220""","=""9781609071226""",0,Shadow Mountain,Hardcover,304,2012,2012,,2023/10/10,to-read,to-read (#1012),to-read,,,,0,0
12617,Manufacturing Consent: The Political Economy of the Mass Media,Edward S. Herman,"Herman, Edward S.",Noam Chomsky,"=""0375714499""","=""9780375714498""",0,Pantheon Books,Paperback,412,2002,1988,,2023/10/10,to-read,to-read (#1011),to-read,,,,0,0
1234382,The Swimmer,John Cheever,"Cheever, John",,"=""0517125870""","=""9780517125878""",3.0,Random House Value Publishing,Hardcover,12,1994,1964,2023/10/07,2023/09/24,,,read,,,,1,0
28933769,Ghost Empire,Richard Fidler,"Fidler, Richard",,"=""073333525X""","=""9780733335259""",0,ABC Books/Harper Collins,Hardcover,492,2016,2016,,2023/10/07,to-read,to-read (#1010),to-read,,,,0,0
40867533,The Forest of Wool and Steel,Natsu Miyashita,"Miyashita, Natsu",Philip Gabriel,"=""0857525182""","=""9780857525185""",0,RHUK,Hardcover,224,2019,2015,,2023/10/07,to-read,to-read (#1009),to-read,,,,0,0
28215696,The Cathedral of Mist,Paul Willems,"Willems, Paul","Edward Gauvin, Bette Burgoyne","=""1939663180""","=""9781939663184""",0,Wakefield Press,Paperback,99,2016,1983,,2023/10/06,to-read,to-read (#1008),to-read,,,,0,0
39063,"Titus Groan (Gormenghast, #1)",Mervyn Peake,"Peake, Mervyn",,"=""0879514256""","=""9780879514259""",0,Overlook Press,Paperback,396,1991,1946,,2023/10/06,to-read,to-read (#1007),to-read,,,,0,0
12187,"Ada, or Ardor: A Family Chronicle (Vintage International)",Vladimir Nabokov,"Nabokov, Vladimir",,"=""0679725229""","=""9780679725220""",0,Vintage,Paperback,606,1990,1969,,2023/10/06,to-read,to-read (#1006),to-read,,,,0,0
78433,The Blind Assassin,Margaret Atwood,"Atwood, Margaret",,"=""""","=""""",0,Virago Press Ltd,Paperback,641,2001,2000,,2023/10/06,to-read,to-read (#1005),to-read,,,,0,0
72579,Alias Grace,Margaret Atwood,"Atwood, Margaret",,"=""0385475713""","=""9780385475716""",0,Doubleday Nan A. Talese,Hardcover,468,1996,1996,,2023/10/06,to-read,to-read (#1004),to-read,,,,0,0
56246614,The Visitors,Miranda Rijks,"Rijks, Miranda",,"=""""","=""""",2.0,Inkubator Books,Kindle Edition,278,2020,2020,2023/10/05,2023/10/05,,,read,,,,1,0
156741649,The Kite Runner,Khaled Hosseini,"Hosseini, Khaled",,"=""0593717260""","=""9780593717264""",0,Riverhead Books,Hardcover,352,2023,2003,,2023/10/03,to-read,to-read (#1003),to-read,,,,0,0
4929,Kafka on the Shore,Haruki Murakami,"Murakami, Haruki",Philip Gabriel,"=""""","=""""",2.0,Vintage International,Paperback,467,2006,2002,2023/09/30,2021/10/12,,,read,"2.5 — In Kafka On The Shore I found myself caring less and less about our serious protagonist as the story progressed, but I was delighted each time our deuteragonist, Mr. Nakata (and his accomplice Mr. Hoshino), made an appearance. Whether it was their  hilarious interactions with cats or corporate mascots, Nakata and Hoshino served as welcome relief from Kafka’s increasingly tedious rumination on his trauma and identity.",,,1,0
16735,The Prince of Tides,Pat Conroy,"Conroy, Pat",,"=""0553381547""","=""9780553381542""",0,Dial Press Trade Paperback,Paperback,679,2002,1986,,2023/09/27,to-read,to-read (#1002),to-read,,,,0,0
10956,The Virgin Suicides,Jeffrey Eugenides,"Eugenides, Jeffrey",,"=""0747560595""","=""9780747560593""",0,Bloomsbury Paperbacks,Paperback,250,2002,1993,,2023/09/26,to-read,to-read (#1001),to-read,,,,0,0
46164,Tender Is the Night,F. Scott Fitzgerald,"Fitzgerald, F. Scott",Amor Towles,"=""""","=""""",0,Scribner,Paperback,430,1995,1934,,2023/09/26,to-read,to-read (#999),to-read,,,,0,0
12985,The Tempest,William Shakespeare,"Shakespeare, William","Paul Werstine, David Lindley, Israel Gollancz, Barbara A. Mowat, Arthur Wilson Verity, Georg Brandes, G.B. Harrison, William James Rolfe","=""""","=""""",0,Washington Square Press,Mass Market Paperback,218,2004,1611,,2023/09/26,to-read,to-read (#998),to-read,,,,0,0
11486,"The Color Purple (The Color Purple, #1)",Alice Walker,"Walker, Alice",,"=""""","=""""",0,Pocket,Paperback,295,2004,1982,,2023/09/25,to-read,to-read (#997),to-read,,,,0,0
14942,Mrs. Dalloway,Virginia Woolf,"Woolf, Virginia",Maureen Howard,"=""0151009988""","=""9780151009985""",4.0,Houghton Mifflin Harcourt,Hardcover,194,2002,1925,2023/09/25,2022/04/15,,,read,,,,1,0
817971,Callirhoe,Chariton,"Chariton, Chariton",G.P. Goold,"=""0674995309""","=""9780674995307""",0,Harvard University Press,Hardcover,448,1995,50,,2023/09/25,to-read,to-read (#996),to-read,,,,0,0
15645,Inferno,Dante Alighieri,"Alighieri, Dante",Anthony Esolen,"=""0812970063""","=""9780812970067""",0,Modern Library,Kindle Edition,490,2022,1321,,2023/09/24,to-read,to-read (#995),to-read,,,,0,0
24830,The Illustrated Man,Ray Bradbury,"Bradbury, Ray",,"=""000712774X""","=""9780007127740""",0,Voyager Classics / Harper Collins,Paperback,186,2002,1951,,2023/09/24,to-read,to-read (#994),to-read,,,,0,0
16634,The Glass Bead Game,Hermann Hesse,"Hesse, Hermann","Richard Winston, Clara Winston, Theodore Ziolkowski","=""0312278497""","=""9780312278496""",0,Holt Paperbacks,Paperback,558,1998,1943,,2023/09/24,to-read,to-read (#993),to-read,,,,0,0
2313302,Amulet,Roberto Bolaño,"Bolaño, Roberto",Chris Andrews,"=""0811217469""","=""9780811217460""",0,New Directions,Paperback,184,2008,1999,,2023/09/24,to-read,to-read (#992),to-read,,,,0,0
650775,Collected Ghost Stories,M.R. James,"James, M.R.",,"=""1853268399""","=""9781853268397""",0,Wordsworth Editions Ltd,Hardcover,568,1994,1931,,2023/09/24,to-read,to-read (#991),to-read,,,,0,0
3103,Maurice,E.M. Forster,"Forster, E.M.",,"=""0393310329""","=""9780393310320""",0,W. W. Norton  Company,Paperback,256,2005,1971,,2023/09/24,to-read,to-read (#990),to-read,,,,0,0
8146,The Stories of Vladimir Nabokov,Vladimir Nabokov,"Nabokov, Vladimir",,"=""""","=""""",0,Vintage,Paperback,685,1996,1995,,2023/09/24,to-read,to-read (#989),to-read,,,,0,0
6801755,Flow Down Like Silver,Ki Longfellow,"Longfellow, Ki",,"=""0975925598""","=""9780975925591""",0,Eio Books,Paperback,301,2009,2009,,2023/09/24,to-read,to-read (#988),to-read,,,,0,0
43545,"The Once and Future King (The Once and Future King, #1–5)",T.H. White,"White, T.H.",,"=""""","=""""",0,Ace,Mass Market Paperback,639,1987,1958,,2023/09/24,to-read,to-read (#987),to-read,,,,0,0
47281,Number the Stars,Lois Lowry,"Lowry, Lois",,"=""0440227534""","=""9780440227533""",0,Laurel Leaf,Mass Market Paperback,137,1998,1989,,2023/09/24,to-read,to-read (#986),to-read,,,,0,0
27494,Leaves of Grass,Walt Whitman,"Whitman, Walt",,"=""""","=""""",0,Simon  Schuster,Paperback,624,2006,1855,,2023/09/24,to-read,to-read (#985),to-read,,,,0,0
15997,Paradise Lost,John Milton,"Milton, John",,"=""0140424393""","=""9780140424393""",0,Penguin Classics,Paperback,453,2003,1667,,2023/09/24,to-read,to-read (#984),to-read,,,,0,0
4588,Extremely Loud & Incredibly Close,Jonathan Safran Foer,"Foer, Jonathan Safran",,"=""0618711651""","=""9780618711659""",0,Mariner Books Classics,Paperback,326,2006,2005,,2023/09/24,to-read,to-read (#983),to-read,,,,0,0
12938,King Lear,William Shakespeare,"Shakespeare, William",William James Rolfe,"=""""","=""""",0,Simon & Schuster,Mass Market Paperback,339,2004,1605,,2023/09/24,to-read,to-read (#982),to-read,,,,0,0
12505,The Idiot,Fyodor Dostoevsky,"Dostoevsky, Fyodor","Anna Brailovsky, Joseph Frank, Constance Garnett","=""0679642420""","=""9780679642428""",0,Modern Library,Paperback,667,2003,1869,,2023/09/24,to-read,to-read (#981),to-read,,,,0,0
1845,Into the Wild,Jon Krakauer,"Krakauer, Jon",,"=""0385486804""","=""9780385486804""",0,Anchor Books,Paperback,207,1997,1996,,2023/09/24,to-read,to-read (#980),to-read,,,,0,0
12996,Othello,William Shakespeare,"Shakespeare, William","Barbara A. Mowat, Paul Werstine","=""""","=""""",0,Simon & Schuster,Mass Market Paperback,319,2003,1603,,2023/09/24,to-read,to-read (#979),to-read,,,,0,0
3412,The Thorn Birds,Colleen McCullough,"McCullough, Colleen",,"=""""","=""""",0,Avon Books,Mass Market Paperback,692,1977,1977,,2023/09/24,to-read,to-read (#978),to-read,,,,0,0
2187,Middlesex,Jeffrey Eugenides,"Eugenides, Jeffrey",,"=""0312422156""","=""9780312422158""",0,Picador USA,Paperback,529,2002,2002,,2023/09/24,to-read,to-read (#977),to-read,,,,0,0
1622,A Midsummer Night’s Dream,William Shakespeare,"Shakespeare, William","Barbara A. Mowat, Paul Werstine, Alan Durband, Roma Gill, Catherine Belsey, A.R. Braunmuller","=""0743477545""","=""9780743477543""",0,Simon & Schuster,Mass Market Paperback,298,2016,1595,,2023/09/24,to-read,to-read (#976),to-read,,,,0,0
128029,A Thousand Splendid Suns,Khaled Hosseini,"Hosseini, Khaled",,"=""1594489505""","=""9781594489501""",0,Riverhead Books,Hardcover,372,2007,2007,,2023/09/24,to-read,to-read (#975),to-read,,,,0,0
18619684,The Time Traveler's Wife,Audrey Niffenegger,"Niffenegger, Audrey",,"=""1939126010""","=""9781939126016""",0,Zola Books,ebook,537,2013,2003,,2023/09/24,to-read,to-read (#974),to-read,,,,0,0
14249,Prodigal Summer,Barbara Kingsolver,"Kingsolver, Barbara",,"=""0060959037""","=""9780060959036""",0,Harper Perennial,Paperback,444,2001,2000,,2023/09/24,to-read,to-read (#973),to-read,,,,0,0
223380,Stories of Your Life and Others,Ted Chiang,"Chiang, Ted",,"=""0330426648""","=""9780330426640""",0,Small Beer Press,ebook,281,2010,2002,,2023/09/24,to-read,to-read (#972),to-read,,,,0,0
48464,A Good Man Is Hard to Find and Other Stories,Flannery O'Connor,"O'Connor, Flannery",Lauren Groff,"=""0151365040""","=""9780151365043""",0,Harcourt Brace Jovanovich,Hardcover,252,1992,1955,,2023/09/24,to-read,to-read (#971),to-read,,,,0,0
24280,Les Misérables,Victor Hugo,"Hugo, Victor","Norman MacAfee, Charles E. Wilbour, Lee Fahnestock, Isabel Florence Hapgood","=""0451525264""","=""9780451525260""",0,Signet Classics,Mass Market Paperback,1488,1987,1862,,2023/09/24,to-read,to-read (#970),to-read,,,,0,0
889418,The Star Diaries,Stanisław Lem,"Lem, Stanisław",,"=""0156849054""","=""9780156849050""",0,Harper Voyager,Paperback,286,1985,1957,,2023/09/23,to-read,to-read (#969),to-read,,,,0,0
49203397,These Violent Delights,Micah Nemerever,"Nemerever, Micah",,"=""0062963635""","=""9780062963635""",3.0,Harper,Hardcover,460,2020,2020,2023/09/23,2022/09/24,,,read,,,,1,0
49011,The Bloody Chamber and Other Stories,Angela Carter,"Carter, Angela",,"=""014017821X""","=""9780140178210""",0,Penguin Books,Paperback,126,1990,1979,,2023/09/22,to-read,to-read (#968),to-read,,,,0,0
62951865,Night Watch,Jayne Anne Phillips,"Phillips, Jayne Anne",,"=""0451493338""","=""9780451493330""",0,Knopf,Hardcover,276,2023,2023,,2023/09/22,to-read,to-read (#967),to-read,,,,0,0
3974,The Terror,Dan Simmons,"Simmons, Dan",,"=""0316017442""","=""9780316017442""",0,"Little, Brown and Company",Hardcover,835,2007,2007,,2023/09/21,to-read,to-read (#966),to-read,,,,0,0
168677951,Signal Fires,Dani Shapiro,"Shapiro, Dani",,"=""0593467965""","=""9780593467961""",0,Vintage,Paperback,288,2023,2022,,2023/09/20,to-read,to-read (#965),to-read,,,,0,0
101124861,The Last Chairlift,John Irving,"Irving, John",,"=""150118928X""","=""9781501189289""",0,Simon & Schuster,Paperback,912,2023,2022,,2023/09/18,to-read,to-read (#964),to-read,,,,0,0
1381,The Odyssey,Homer,"Homer, Homer","Robert Fagles, Bernard Knox","=""0143039954""","=""9780143039952""",0,Penguin Classics ,Paperback,541,2006,-800,,2023/09/16,to-read,to-read (#963),to-read,,,,0,0
394535,"Blood Meridian, or, the Evening Redness in the West",Cormac McCarthy,"McCarthy, Cormac",,"=""""","=""""",3.0,Vintage Books,Paperback,351,2010,1985,2023/09/16,2021/09/06,,,read,,,,1,0
91440,"Love Medicine (Love Medicine, #1)",Louise Erdrich,"Erdrich, Louise",,"=""0060786469""","=""9780060786465""",0,Harper Perennial Modern Classics,Paperback,367,2005,1984,,2023/09/15,to-read,to-read (#962),to-read,,,,0,0
19380,Candide,Voltaire,"Voltaire, Voltaire","Rockwell Kent, Walter Jerrold, Don Hagen, Sara Gioacchino Corcos","=""0486266893""","=""9780486266893""",3.0,"Dover Publications, Incorporated",Paperback,129,1991,1759,2023/09/10,2022/01/13,,,read,,,,1,0
243598,The Sheltering Sky,Paul Bowles,"Bowles, Paul",,"=""0141023422""","=""9780141023427""",0,Penguin Books,Paperback,342,2007,1949,,2023/09/10,to-read,to-read (#961),to-read,,,,0,0
56587382,The Island of Missing Trees,Elif Shafak,"Shafak, Elif",,"=""0241434998""","=""9780241434994""",0,VIKIN,Hardcover,354,2021,2021,,2023/09/10,to-read,to-read (#960),to-read,,,,0,0
84596,Selected Works,Marcus Tullius Cicero,"Cicero, Marcus Tullius",Michael    Grant,"=""""","=""""",0,Penguin Classics,Paperback,272,2004,-43,,2023/09/09,to-read,to-read (#959),to-read,,,,0,0
875623,Jerusalem Delivered,Torquato Tasso,"Tasso, Torquato",Anthony Esolen,"=""0801863236""","=""9780801863233""",0,Johns Hopkins University Press,Paperback,504,2000,1581,,2023/09/09,to-read,to-read (#958),to-read,,,,0,0
38153,"Orlando Furioso: Part Two  (Orlando Furioso, #2)",Ludovico Ariosto,"Ariosto, Ludovico",Barbara Reynolds,"=""014044310X""","=""9780140443103""",0,Penguin Classics,Paperback,800,1977,1516,,2023/09/09,to-read,to-read (#957),to-read,,,,0,0
38154,Orlando Furioso,Ludovico Ariosto,"Ariosto, Ludovico","Guido Waldman, William Rose","=""0192836773""","=""9780192836779""",0,Oxford University Press,Paperback,630,1999,1516,,2023/09/09,to-read,to-read (#956),to-read,,,,0,0
765428,"Orlando Furioso: Part One (Orlando Furioso, #1)",Ludovico Ariosto,"Ariosto, Ludovico",Barbara Reynolds,"=""0140443118""","=""9780140443110""",0,Penguin Classics,Paperback,832,1975,1516,,2023/09/09,to-read,to-read (#955),to-read,,,,0,0
77203,The Kite Runner,Khaled Hosseini,"Hosseini, Khaled",,"=""159463193X""","=""9781594631931""",0,Riverhead Books,Paperback,371,2004,2003,,2023/09/09,to-read,to-read (#954),to-read,,,,0,0
3684856,Fool,Christopher Moore,"Moore, Christopher",,"=""0060590319""","=""9780060590314""",0,HarperCollins William Morrow,Hardcover,311,2009,2009,,2023/09/09,to-read,to-read (#953),to-read,,,,0,0
21442812,A Madman's Diary 狂人日記,Lu Xun,"Xun, Lu",魯迅,"=""""","=""""",0,Generic,Unknown Binding,30,,1926,,2023/09/09,to-read,to-read (#952),to-read,,,,0,0
60483,Music for Chameleons,Truman Capote,"Capote, Truman",,"=""0141184612""","=""9780141184616""",0,Penguin,Paperback,262,2001,1980,,2023/09/09,to-read,to-read (#951),to-read,,,,0,0
9919,A Christmas Memory,Truman Capote,"Capote, Truman","Beth Peck, Celeste Holm","=""0375837892""","=""9780375837890""",0,Knopf Books for Young Readers,ebook,48,2006,1956,,2023/09/09,to-read,to-read (#950),to-read,,,,0,0
286962,The Yellow Wall-Paper and Other Writings,Charlotte Perkins Gilman,"Gilman, Charlotte Perkins",Alexander Black,"=""0679783407""","=""9780679783404""",0,Modern Library,Paperback,348,2000,2000,,2023/09/09,to-read,to-read (#949),to-read,,,,0,0
10979,Light in August,William Faulkner,"Faulkner, William","Joseph Blotner, Noel Polk","=""0679732268""","=""9780679732266""",0,Vintage,Paperback,507,1990,1932,,2023/09/09,to-read,to-read (#948),to-read,,,,0,0
37380,The Heart Is a Lonely Hunter,Carson McCullers,"McCullers, Carson",,"=""0618084746""","=""9780618084746""",4.0,Mariner Books,Paperback,359,1961,1940,2023/09/09,2023/08/25,,,read,"McCuller's <i>The Heart Is a Lonely Hunter</i> may start slow, but this is a novel where patience pays off-- as the tale unfolds it becomes more and more engrossing.  The colorful variety of personalities among her cast of characters and the relationships formed between them are fascinating, as are her explorations of the themes of longing and loneliness.",,,1,0
205218,Ethics,Baruch Spinoza,"Spinoza, Baruch","Stuart Hampshire, Edwin M. Curley","=""0140435719""","=""9780140435719""",0,Penguin Classics,Paperback,186,2005,1677,,2023/09/09,to-read,to-read (#947),to-read,,,,0,0
65213595,Starling House,Alix E. Harrow,"Harrow, Alix E.",,"=""1250799058""","=""9781250799050""",0,Tor Books,Hardcover,308,2023,2023,,2023/09/07,to-read,to-read (#946),to-read,,,,0,0
10846336,Salvage the Bones,Jesmyn Ward,"Ward, Jesmyn",,"=""1608195228""","=""9781608195220""",0,Bloomsbury,Hardcover,261,2011,2011,,2023/09/07,to-read,to-read (#945),to-read,,,,0,0
32920226,"Sing, Unburied, Sing",Jesmyn Ward,"Ward, Jesmyn",,"=""""","=""""",0,Scribner,Hardcover,285,2017,2017,,2023/09/07,to-read,to-read (#944),to-read,,,,0,0
122993405,Same Bed Different Dreams,Ed     Park,"Park, Ed",,"=""0812998979""","=""9780812998979""",0,Random House,Hardcover,528,2023,2023,,2023/09/07,to-read,to-read (#943),to-read,,,,0,0
122944244,Hot Springs Drive,Lindsay Hunter,"Hunter, Lindsay",,"=""0802161456""","=""9780802161451""",0,Roxane Gay Books,Hardcover,274,2023,2023,,2023/09/05,to-read,to-read (#942),to-read,,,,0,0
905756,"Mushishi, Vol. 1",Yuki Urushibara,"Urushibara, Yuki",William Flanagan,"=""0345496213""","=""9780345496218""",0,Del Rey,Paperback,229,2007,2000,,2023/09/05,to-read,to-read (#941),to-read,,,,0,0
60433195,"Dandadan, Vol. 1",Yukinobu Tatsu,"Tatsu, Yukinobu","Kumar Sivasubramanian, Jennifer LeBlanc, Sara Linsley, Julian (JR) Robinson","=""1974734633""","=""9781974734634""",0,VIZ Media LLC,Paperback,218,2022,2021,,2023/09/05,to-read,to-read (#940),to-read,,,,0,0
294963,"Rurouni Kenshin, Vol. 1",Nobuhiro Watsuki,"Watsuki, Nobuhiro",,"=""1591162203""","=""9781591162209""",0,VIZ Media LLC,Paperback,201,2003,1994,,2023/09/05,to-read,to-read (#939),to-read,,,,0,0
879090,"Planetes, Volume 1 (Planetes, #1)",Makoto Yukimura,"Yukimura, Makoto",,"=""1591822629""","=""9781591822622""",0,Tokyopop,Paperback,236,2003,2001,,2023/09/05,to-read,to-read (#938),to-read,,,,0,0
19087989,"Vinland Saga Omnibus, Vol. 1",Makoto Yukimura,"Yukimura, Makoto",,"=""1612626602""","=""9781612626604""",0,Kodansha Comics,Kindle Edition,460,2013,,,2023/09/05,to-read,to-read (#937),to-read,,,,0,0
177404,The Waiting Years,Fumiko Enchi,"Enchi, Fumiko",John Bester,"=""477002889X""","=""9784770028891""",0,Kodansha USA,Paperback,204,2002,1957,,2023/09/04,to-read,to-read (#936),to-read,,,,0,0
10000,The Face of Another,Kōbō Abe,"Abe, Kōbō",E. Dale Saunders,"=""0375726535""","=""9780375726538""",0,Vintage,Paperback,238,2003,1964,,2023/09/04,to-read,to-read (#935),to-read,,,,0,0
169439,Sanshirō,Natsume Sōseki,"Sōseki, Natsume",Jay Rubin,"=""1929280106""","=""9781929280100""",0,Penguin Classics,Paperback,248,2009,1908,,2023/09/04,to-read,to-read (#934),to-read,,,,0,0
194743,Return to Tsugaru: Travels of a Purple Tramp,Osamu Dazai,"Dazai, Osamu",,"=""0870118412""","=""9780870118418""",0,Kodansha USA Inc,Paperback,236,1988,1944,,2023/09/04,to-read,to-read (#933),to-read,,,,0,0
1936867,"Run, Melos! and other stories",Osamu Dazai,"Dazai, Osamu",Ralph F. McCarthy,"=""4770022204""","=""9784770022202""",0,講談社 / Kōdansha,Paperback,232,1997,1940,,2023/09/04,to-read,to-read (#932),to-read,,,,0,0
35206,Rashōmon and Seventeen Other Stories,Ryūnosuke Akutagawa,"Akutagawa, Ryūnosuke","Jay Rubin, Haruki Murakami, Yoshihiro Tatsumi","=""0143039849""","=""9780143039846""",0,Penguin Classics,Paperback,268,2006,1927,,2023/09/04,to-read,to-read (#931),to-read,,,,0,0
24874322,The Life of a Stupid Man,Ryūnosuke Akutagawa,"Akutagawa, Ryūnosuke",Jay Rubin,"=""0141397721""","=""9780141397726""",0,Penguin Classics,Paperback,55,2015,1927,,2023/09/04,to-read,to-read (#930),to-read,,,,0,0
7190,The Three Musketeers,Alexandre Dumas,"Dumas, Alexandre","Richard Pevear, Philip Bates, William Barrow, August Zoller, Marisa Zini, Moshe Ukkle, Pierre Toutain-Dorbec, John      Lee, Jacques Georges Clemenc Le Clercq, Natalie Montoto, S.M. Sheley, Daniel Rasmusson, Louis Jourdan, Walter Covell, Michael  Page, Michael Hugh Johnson, Sylvie Thorel-Cailleteau, Milo Winter, Bill Homewood, Arthur Paul John Charles James Gore Sudley, S.N. Rizvi, Giorgio Manganelli, William Robson, Isabel Ely Lord","=""""","=""""",0,Modern Library,Paperback,625,2001,1844,,2023/09/03,to-read,to-read (#929),to-read,,,,0,0
52397,"Parable of the Sower (Earthseed, #1)",Octavia E. Butler,"Butler, Octavia E.",,"=""0446675504""","=""9780446675505""",3.0,Grand Central Publishing,Paperback,368,2000,1993,2023/09/03,2021/10/31,,,read,,,,1,0
168675458,Our Share of Night,Mariana Enriquez,"Enriquez, Mariana","Pablo Gerardo Camacho, Megan McDowell","=""0451495152""","=""9780451495150""",0,Hogarth,Paperback,608,2023,2019,,2023/09/01,to-read,to-read (#928),to-read,,,,0,0
968902,Dying Inside,Robert Silverberg,"Silverberg, Robert",,"=""0743435087""","=""9780743435086""",0,iBooks,Paperback,245,2002,1972,,2023/08/30,to-read,to-read (#927),to-read,,,,0,0
18373,Flowers for Algernon,Daniel Keyes,"Keyes, Daniel",,"=""015603008X""","=""9780156030083""",5.0,Harvest Books,Paperback,311,2004,1966,2023/08/21,2023/08/24,,,read,,,,1,0
13642,A Wizard of Earthsea,Ursula K. Le Guin,"Guin, Ursula K. Le",,"=""""","=""""",0,,Paperback,183,2004,1968,,2023/08/13,to-read,to-read (#926),to-read,,,,1,0
62685463,The Only One Left,Riley Sager,"Sager, Riley",,"=""0593183231""","=""9780593183236""",2.0,Dutton,Kindle Edition,368,2023,2023,2023/08/28,2023/06/04,,,read,,,,1,0
65215374,Illuminations: Stories,Alan Moore,"Moore, Alan",,"=""1639732071""","=""9781639732074""",0,Bloomsbury Publishing,Paperback,464,2023,2022,,2023/08/28,to-read,to-read (#925),to-read,,,,0,0
61153745,On the Savage Side,Tiffany   McDaniel,"McDaniel, Tiffany",,"=""0593320700""","=""9780593320709""",0,Knopf,Hardcover,464,2023,2023,,2023/08/27,to-read,to-read (#924),to-read,,,,0,0
75593713,To Infinity and Beyond: A Journey of Cosmic Discovery,Neil deGrasse Tyson,"Tyson, Neil deGrasse",Lindsey Nyx Walker,"=""1426223307""","=""9781426223303""",0,National Geographic,Hardcover,319,2023,2023,,2023/08/26,to-read,to-read (#923),to-read,,,,0,0
65214488,Other Birds,Sarah Addison Allen,"Allen, Sarah Addison",,"=""1250019877""","=""9781250019875""",0,Griffin,Paperback,322,2023,2022,,2023/08/22,to-read,to-read (#922),to-read,,,,0,0
45186585,Miracle Creek,Angie  Kim,"Kim, Angie",,"=""1250251303""","=""9781250251305""",0,Picador,Paperback,354,2020,2019,,2023/08/20,to-read,to-read (#921),to-read,,,,0,0
65215270,The House of Doors,Tan Twan Eng,"Eng, Tan Twan",,"=""1639731938""","=""9781639731930""",0,Bloomsbury Publishing,Hardcover,306,2023,2023,,2023/08/19,to-read,to-read (#920),to-read,,,,0,0
58884736,The Measure,Nikki Erlick,"Erlick, Nikki",,"=""0063204207""","=""9780063204201""",0,William Morrow,Hardcover,353,2022,2022,,2023/08/18,to-read,to-read (#919),to-read,,,,0,0
65215744,Wednesday's Child: Stories,Yiyun Li,"Li, Yiyun",,"=""0374606374""","=""9780374606374""",0,"Farrar, Straus and Giroux",Hardcover,256,2023,2023,,2023/08/18,to-read,to-read (#918),to-read,,,,0,0
1391817,The Minds of Billy Milligan,Daniel Keyes,"Keyes, Daniel",,"=""0394519434""","=""9780394519432""",0,Random House,Hardcover,374,1981,1981,,2023/08/17,to-read,to-read (#917),to-read,,,,0,0
60224365,"Before Your Memory Fades (Before the Coffee Gets Cold, #3)",Toshikazu Kawaguchi,"Kawaguchi, Toshikazu",Geoffrey Trousselot,"=""0369722698""","=""9780369722690""",2.0,Hanover Square Press,ebook,220,2022,2018,2023/08/17,2022/10/04,,,read,,,,1,0
361279,The Satyricon and The Apocolocyntosis,Petronius,"Petronius, Petronius","Seneca, J.P. Sullivan","=""0140444890""","=""9780140444896""",0,Penguin Books,Paperback,242,1986,66,,2023/08/14,to-read,to-read (#916),to-read,,,,0,0
331256,Roadside Picnic,Arkady Strugatsky,"Strugatsky, Arkady","Boris Strugatsky, Theodore Sturgeon, Antonina W. Bouis","=""0575070536""","=""9780575070530""",0,Gollancz,Paperback,145,2000,1972,,2023/08/13,to-read,to-read (#915),to-read,,,,0,0
59924,The Lathe of Heaven,Ursula K. Le Guin,"Guin, Ursula K. Le",,"=""0060512741""","=""9780060512743""",3.0,Harper Perennial Modern Classics,Paperback,176,2003,1971,2023/08/13,2021/11/07,,,read,,,,1,0
63291996,The Book of Goose,Yiyun Li,"Li, Yiyun",,"=""1250872413""","=""9781250872418""",0,Picador Paper,Paperback,368,2023,2022,,2023/08/13,to-read,to-read (#914),to-read,,,,0,0
1078,"The Good Earth (House of Earth, #1)",Pearl S. Buck,"Buck, Pearl S.","Stephanie Reents, Cynthia Brantley Johnson","=""1416500189""","=""9781416500186""",0,Howard Publishing Co,Mass Market Paperback,418,2005,1931,,2023/08/09,to-read,to-read (#913),to-read,,,,0,0
23492624,Brother,Ania Ahlborn,"Ahlborn, Ania",,"=""147678373X""","=""9781476783734""",0,Gallery Books,Paperback,319,2015,2015,,2023/08/08,to-read,to-read (#912),to-read,,,,0,0
19161835,Confessions,Kanae Minato,"Minato, Kanae",Stephen    Snyder,"=""0316200921""","=""9780316200929""",0,"Little, Brown Paperbacks",Paperback,234,2014,2008,,2023/08/08,to-read,to-read (#911),to-read,,,,0,0
3636,"The Giver (Giver, #1)",Lois Lowry,"Lowry, Lois",,"=""0385732554""","=""9780385732550""",4.0,Ember,Paperback,208,2006,1993,2023/08/08,2021/09/01,,,read,,,,1,0
23807,"The Silence of the Lambs  (Hannibal Lecter, #2)",Thomas  Harris,"Harris, Thomas",,"=""""","=""""",0,Arrow Books,Paperback,421,2002,1988,,2023/08/08,to-read,to-read (#910),to-read,,,,0,0
6468870,Who Goes There?,John W. Campbell Jr.,"Jr., John W. Campbell",William F. Nolan,"=""0982332203""","=""9780982332207""",0,Lightning Source Inc,Paperback,161,2009,1938,,2023/08/08,to-read,to-read (#909),to-read,,,,0,0
59793324,Life Ceremony,Sayaka Murata,"Murata, Sayaka",Ginny Tapley Takemori,"=""0802159583""","=""9780802159588""",0,Grove Press,Hardcover,256,2022,2019,,2023/08/08,to-read,to-read (#908),to-read,,,,0,0
38357895,Convenience Store Woman,Sayaka Murata,"Murata, Sayaka",Ginny Tapley Takemori,"=""""","=""""",3.0,Portobello Books,Paperback,163,2018,2016,2023/08/08,2022/01/14,,,read,,,,1,0
124934102,やさしさを忘れぬうちに,Toshikazu Kawaguchi,"Kawaguchi, Toshikazu",川口 俊和,"=""4763140396""","=""9784763140395""",0,サンマーク出版,Tankōbon,283,2023,2023,,2023/08/07,to-read,to-read (#907),to-read,,,,0,0
66269953,"Before We Say Goodbye (Before the Coffee Gets Cold, #4)",Toshikazu Kawaguchi,"Kawaguchi, Toshikazu",Geoffrey Trousselot,"=""0369747305""","=""9780369747303""",0,Hanover Square Press,ebook,173,2023,2021,,2023/08/07,to-read,to-read (#906),to-read,,,,0,0
33376821,Sweet Bean Paste,Durian Sukegawa,"Sukegawa, Durian",Alison  Watts,"=""1786071959""","=""9781786071958""",0,Oneworld Publications,Paperback,224,2017,2013,,2023/08/07,to-read,to-read (#905),to-read,,,,0,0
51496,Dr. Jekyll and Mr. Hyde,Robert Louis Stevenson,"Stevenson, Robert Louis","Vladimir Nabokov, Dan Chaon, Jerome Charyn, Simon Vestdijk","=""0451528956""","=""9780451528957""",0,Signet Classic,Mass Market Paperback,139,2003,1886,,2022/01/13,,,read,,,,1,0
295,Treasure Island,Robert Louis Stevenson,"Stevenson, Robert Louis",Newell Convers Wyeth,"=""0753453800""","=""9780753453803""",5.0,Kingfisher,Hardcover,352,2001,1882,2023/07/30,2023/06/22,"favorites, 20-before-20","favorites (#4), 20-before-20 (#5)",read,,,,1,0
18135,Romeo and Juliet,William Shakespeare,"Shakespeare, William",,"=""0743477111""","=""9780743477116""",0,Washington Square Press,Mass Market Paperback,281,2002,1590,,2023/08/06,to-read,to-read (#904),to-read,,,,0,0
41713581,The Forester's Daughter,Claire Keegan,"Keegan, Claire",,"=""0571351859""","=""9780571351855""",0,Faber & Faber,Paperback,68,2019,2019,,2023/08/06,to-read,to-read (#903),to-read,,,,0,0
7624,Lord of the Flies,William Golding,"Golding, William",,"=""0140283331""","=""9780140283334""",4.0,Penguin Books ,Paperback,182,1999,1954,2023/08/06,2021/11/25,,,read,,,,1,0
42614095,Mary Ventura and the Ninth Kingdom,Sylvia Plath,"Plath, Sylvia",,"=""0571351735""","=""9780571351732""",4.0,Faber & Faber,Paperback,40,2019,2019,2023/08/06,2023/08/06,,,read,,,,1,0
15798166,"Attack on Titan, Vol. 4",Hajime Isayama,"Isayama, Hajime",,"=""1612622534""","=""9781612622538""",0,Kodansha Comics,Paperback,192,2013,2011,,2023/08/05,to-read,to-read (#902),to-read,,,,0,0
13536803,"Attack on Titan, Vol. 3",Hajime Isayama,"Isayama, Hajime",,"=""1612620264""","=""9781612620268""",0,Kodansha Comics,Paperback,208,2012,2010,,2023/08/05,to-read,to-read (#901),to-read,,,,0,0
13618,"Death Note, Vol. 3: Hard Run (Death Note, #3)",Tsugumi Ohba,"Ohba, Tsugumi","Takeshi Obata, Pookie Rolf","=""1421501708""","=""9781421501703""",5.0,VIZ Media LLC,Paperback,193,2006,2004,2023/08/05,2023/08/05,,,read,,,,1,0
27833670,Dark Matter,Blake Crouch,"Crouch, Blake",,"=""1101904224""","=""9781101904220""",0,Ballantine Books,Hardcover,342,2016,2016,,2023/08/02,to-read,to-read (#900),to-read,,,,0,0
9651654,Norwegian Wood,Haruki Murakami,"Murakami, Haruki",,"=""0307744663""","=""9780307744661""",0,Vintage,Mass Market Paperback,389,2011,1987,,2023/08/01,to-read,to-read (#899),to-read,,,,0,0
63068218,A Horse at Night: On Writing,Amina Cain,"Cain, Amina",,"=""1914198387""","=""9781914198380""",0,Daunt Books,Kindle Edition,97,2022,2022,,2023/08/01,to-read,to-read (#898),to-read,,,,0,0
30305881,The Jungle Book,Rudyard Kipling,"Kipling, Rudyard",,"=""6050446792""","=""9786050446791""",0,Rudyard Kipling,Kindle Edition,117,2016,1894,,2023/07/30,to-read,to-read (#897),to-read,,,,0,0
16283974,دكتور جيكل ومستر هايد,Robert Louis Stevenson,"Stevenson, Robert Louis",محمد عناني,"=""9770931683""","=""9789770931684""",0,دار الشروق,Paperback,170,2012,1886,,2023/07/30,,,read,,,,1,0
114437,Address Unknown,Kathrine Kressmann Taylor,"Taylor, Kathrine Kressmann",,"=""0743412710""","=""9780743412711""",0,Washington Square Press,Paperback,64,2001,1938,,2023/07/29,to-read,to-read (#896),to-read,,,,0,0
1107457,Time Will Darken It (Vintage International),William Maxwell,"Maxwell, William",,"=""0679772588""","=""9780679772583""",0,Knopf Doubleday Publishing Group,Paperback,368,1997,1948,,2023/07/29,to-read,to-read (#895),to-read,,,,0,0
48328,Revolutionary Road,Richard Yates,"Yates, Richard",,"=""""","=""""",0,Methuen,Paperback,355,2001,1961,,2023/07/25,to-read,to-read (#894),to-read,,,,0,0
3297175,And the Hippos Were Boiled in Their Tanks,William S. Burroughs,"Burroughs, William S.",Jack Kerouac,"=""0802118763""","=""9780802118769""",0,Grove Press,Hardcover,214,2008,1945,,2023/07/25,to-read,to-read (#893),to-read,,,,0,0
2984286,A Rose for Emily,William Faulkner,"Faulkner, William",,"=""1563127881""","=""9781563127885""",0,Perfection Learning,Paperback,36,1990,1930,,2023/07/25,to-read,to-read (#892),to-read,,,,0,0
497199,Factotum,Charles Bukowski,"Bukowski, Charles",,"=""0876852630""","=""9780876852637""",0,Ecco,Paperback,205,2002,1975,,2023/07/25,to-read,to-read (#891),to-read,,,,0,0
4009,Nine Stories,J.D. Salinger,"Salinger, J.D.",,"=""0316767727""","=""9780316767729""",4.0,"Little, Brown and Company",Paperback,302,2001,1948,2023/07/25,2023/07/12,,,read,,,,1,0
35519630,Nova,Samuel R. Delany,"Delany, Samuel R.",Horia Cocoş,"=""6068673502""","=""9786068673509""",0,Paladin,Hardcover,306,2017,1968,,2023/07/25,to-read,to-read (#890),to-read,,,,0,0
62627863,Our Share of Night,Mariana Enriquez,"Enriquez, Mariana",,"=""1783789689""","=""9781783789689""",0,Granta Books,Hardcover,736,2022,2019,,2023/07/24,to-read,to-read (#889),to-read,,,,0,0
41145597,The Tale of the Heike (Penguin Classics),Anonymous,"Anonymous, Anonymous","Royall  Tyler, Michael Watson","=""0241386039""","=""9780241386033""",0,Penguin,Kindle Edition,777,2018,1219,,2023/07/23,to-read,to-read (#888),to-read,,,,0,0
1117301,When I Whistle: A Novel (English and Japanese Edition),Shūsaku Endō,"Endō, Shūsaku",Van C. Gessel,"=""080088244X""","=""9780800882440""",0,Taplinger Pub Co,Paperback,273,1980,1974,,2023/07/23,to-read,to-read (#887),to-read,,,,0,0
85083,"The Immortal Game: A History of Chess, or How 32 Carved Pieces on a Board Illuminated Our Understanding of War, Art, Science and the Human Brain",David Shenk,"Shenk, David",,"=""0385510101""","=""9780385510103""",0,Doubleday,Hardcover,352,2006,2006,,2023/07/23,to-read,to-read (#886),to-read,,,,0,0
157108872,Sign Here,Claudia  Lux,"Lux, Claudia",,"=""059354577X""","=""9780593545775""",0,Berkley,Paperback,432,2023,2022,,2023/07/23,to-read,to-read (#885),to-read,,,,0,0
439360,The Poems of Nakahara Chuya,Chūya Nakahara,"Nakahara, Chūya","Maki Sugiyama, Paul Mackintosh","=""0852442556""","=""9780852442555""",0,Gracewing,Paperback,146,1993,1993,,2023/07/20,to-read,to-read (#884),to-read,,,,0,0
23289,The Dead,James Joyce,"Joyce, James",,"=""""","=""9780974960906""",2.0,Melville House Publishing,Paperback,100,2011,1914,2023/07/19,2022/07/16,,,read,,,,1,0
112973639,Now Is Not the Time to Panic,Kevin    Wilson,"Wilson, Kevin",,"=""0062913514""","=""9780062913517""",0,Ecco,Paperback,246,2023,2022,,2023/07/18,to-read,to-read (#883),to-read,,,,0,0
5113,Franny and Zooey,J.D. Salinger,"Salinger, J.D.",,"=""0316769029""","=""9780316769020""",4.0,"Little, Brown Paperbacks",Paperback,201,2001,1957,2023/07/18,2022/07/31,,,read,,,,1,0
11632,The Journals of Sylvia Plath,Sylvia Plath,"Plath, Sylvia",Ted Hughes,"=""0385493916""","=""9780385493918""",0,Anchor,Paperback,400,1998,1982,,2023/07/17,to-read,to-read (#882),to-read,,,,0,0
23198296,"Beowulf: A Translation and Commentary, together with Sellic Spell",J.R.R. Tolkien,"Tolkien, J.R.R.","Christopher Tolkien, Beowulf Poet","=""0007590083""","=""9780007590087""",0,HarperCollins Publishers,ebook,679,2014,2014,,2023/07/17,to-read,to-read (#880),to-read,,,,0,0
736232,"Inanna, Lady of Largest Heart: Poems of the Sumerian High Priestess Enheduanna",Enheduanna,"Enheduanna, Enheduanna","Betty De Shong Meador, Judy Grahn","=""0292752423""","=""9780292752429""",0,University of Texas Press,Paperback,225,2001,-2270,,2023/07/16,to-read,to-read (#879),to-read,,,,0,0
6266881,"Princess, Priestess, Poet: The Sumerian Temple Hymns of Enheduanna",Enheduanna,"Enheduanna, Enheduanna","Betty De Shong Meador, John Maier","=""0292719329""","=""9780292719323""",0,Univ of Texas Pr,Hardcover,308,2009,-2270,,2023/07/16,to-read,to-read (#878),to-read,,,,0,0
125484660,The Pole,J.M. Coetzee,"Coetzee, J.M.",,"=""1324093862""","=""9781324093862""",0,Liveright,Hardcover,166,2023,2023,,2023/07/16,to-read,to-read (#877),to-read,,,,0,0
52741293,Shuggie Bain,Douglas   Stuart,"Stuart, Douglas",,"=""0802148042""","=""9780802148049""",0,Grove Press,Hardcover,430,2020,2020,,2023/07/15,to-read,to-read (#876),to-read,,,,0,0
43890641,Hamnet,Maggie O'Farrell,"O'Farrell, Maggie",,"=""1472223799""","=""9781472223791""",3.0,Tinder Press,Hardcover,372,2020,2020,2023/07/15,2022/08/17,,,read,,,,1,0
46201,The Selected Poetry of Rainer Maria Rilke,Rainer Maria Rilke,"Rilke, Rainer Maria","Stephen Mitchell, Robert Hass","=""0679722017""","=""9780679722014""",0,Vintage,Paperback,356,1989,1926,,2023/07/14,to-read,to-read (#874),to-read,,,,0,0
53111,Duino Elegies,Rainer Maria Rilke,"Rilke, Rainer Maria",David        Young,"=""0393328848""","=""9780393328844""",0,W. W. Norton  Company,Paperback,204,2006,1922,,2023/07/14,to-read,to-read (#875),to-read,,,,0,0
40696246,The Complete Poems of Sappho,Sappho,"Sappho, Sappho",Willis Barnstone,"=""""","=""""",0,Shambhala Publications,Paperback,206,2009,2009,,2023/07/14,to-read,to-read (#873),to-read,,,,0,0
150253,"If Not, Winter: Fragments of Sappho",Sappho,"Sappho, Sappho",Anne Carson,"=""1844080811""","=""9781844080816""",0,Virago,Paperback,397,2003,-550,,2023/07/14,to-read,to-read (#872),to-read,,,,0,0
5114,"Raise High the Roof Beam, Carpenters & Seymour: An Introduction",J.D. Salinger,"Salinger, J.D.",,"=""0316766941""","=""9780316766944""",3.0,Back Bay Books,Paperback,256,2001,1963,2023/07/14,2023/07/12,,,read,,,,1,0
771085,My Bondage and My Freedom,Frederick Douglass,"Douglass, Frederick",John David Smith,"=""0140439188""","=""9780140439182""",0,Penguin Classics,Paperback,432,2003,1855,,2023/07/14,to-read,to-read (#871),to-read,,,,0,0
36529,Narrative of the Life of Frederick Douglass,Frederick Douglass,"Douglass, Frederick",,"=""1580495761""","=""9781580495769""",0,Prestwick House Inc.,Paperback,158,2004,1845,,2023/07/14,to-read,to-read (#870),to-read,,,,0,0
20465673,The Life of Frederick Douglas,Frederick Douglass,"Douglass, Frederick",,"=""1494808935""","=""9781494808938""",0,CreateSpace Independent Publishing Platform,Paperback,106,2013,1881,,2023/07/14,to-read,to-read (#869),to-read,,,,0,0
20941,The Western Canon: The Books and School of the Ages,Harold Bloom,"Bloom, Harold",,"=""1573225142""","=""9781573225144""",0,Riverhead Books,Paperback,546,1995,1994,,2023/07/14,to-read,to-read (#868),to-read,,,,0,0
31277759,The World-Ending Fire: The Essential Wendell Berry,Wendell Berry,"Berry, Wendell",,"=""0241279208""","=""9780241279205""",0,Allen Lane,Hardcover,352,2017,2017,,2023/07/14,to-read,to-read (#867),to-read,,,,0,0
56755560,"The Cat Who Saved Books (The Cat Who..., #1)",Sōsuke Natsukawa,"Natsukawa, Sōsuke",Louise Heal Kawai,"=""0063095726""","=""9780063095724""",0,HarperVia,Hardcover,199,2021,2017,,2023/07/12,to-read,to-read (#866),to-read,,,,0,0
46114,The Waves,Virginia Woolf,"Woolf, Virginia",,"=""0156949601""","=""9780156949606""",0,Harvest Books,Paperback,297,1978,1931,,2023/07/11,to-read,to-read (#864),to-read,,,,0,0
1183167,Bonjour Tristesse,Françoise Sagan,"Sagan, Françoise",Irene Ash,"=""014103291X""","=""9780141032917""",0,Penguin,Paperback,113,2007,1954,,2023/07/11,to-read,to-read (#863),to-read,,,,0,0
39508663,The Travelling Cat Chronicles,Hiro Arikawa,"Arikawa, Hiro",Philip Gabriel,"=""0451491335""","=""9780451491336""",0,Berkley,Hardcover,277,2018,2012,,2023/07/10,to-read,to-read (#862),to-read,,,,0,0
40961230,The Travelling Cat Chronicles,Hiro Arikawa,"Arikawa, Hiro",Philip Gabriel,"=""0735235244""","=""9780735235243""",0,Viking,Kindle Edition,281,2018,2012,,2023/07/10,to-read,to-read (#861),to-read,,,,0,0
50202953,Piranesi,Susanna Clarke,"Clarke, Susanna",,"=""""","=""""",5.0,Bloomsbury,Hardcover,245,2020,2020,2023/03/02,2021/11/22,"favorites, 20-before-20","favorites (#3), 20-before-20 (#12)",read,"Stunning.<br/><br/>This is the kind of novel where you have no idea what to expect after reading the summary. But, after diving in, you find a world so captivating that you get lost in it.",,,1,0
2845024,Anathem,Neal Stephenson,"Stephenson, Neal",,"=""0061474096""","=""9780061474095""",0,William Morrow,Hardcover,937,2008,2008,,2023/07/10,to-read,to-read (#860),to-read,,,,0,0
13651,The Dispossessed: An Ambiguous Utopia,Ursula K. Le Guin,"Guin, Ursula K. Le",,"=""""","=""""",0,Harper Voyager,Paperback,387,1994,1974,,2023/07/10,to-read,to-read (#859),to-read,,,,0,0
1094401,My Confession: Recollections of a Rogue,Samuel E.  Chamberlain,"Chamberlain, Samuel E.",William H. Goetzmann,"=""0876111568""","=""9780876111567""",0,Texas State Historical Assn,Hardcover,400,1997,1850,,2023/07/09,to-read,to-read (#858),to-read,,,,0,0
92303,The Importance of Being Earnest,Oscar Wilde,"Wilde, Oscar",,"=""158049580X""","=""9781580495806""",3.0,Prestwick House,Paperback,89,2005,1895,2023/07/09,2022/03/31,,,read,,,,1,0
5296,An Ideal Husband,Oscar Wilde,"Wilde, Oscar",,"=""048641423X""","=""9780486414232""",3.0,Dover Publications,Paperback,78,2001,1893,2023/07/08,2022/07/16,,,read,,,,1,0
112976321,Again and Again,Jonathan Evison,"Evison, Jonathan",,"=""0593184157""","=""9780593184172""",0,Dutton,Kindle Edition,332,2023,2023,,2023/07/08,to-read,to-read (#857),to-read,,,,0,0
60714160,Hot Springs Drive,Lindsay Hunter,"Hunter, Lindsay",,"=""""","=""""",0,,Hardcover,,2023,2023,,2023/07/08,to-read,to-read (#856),to-read,,,,0,0
60754889,Jonathan Abernathy You Are Kind,Molly McGhee,"McGhee, Molly",,"=""""","=""""",0,Astra House,Unknown Binding,304,2023,2023,,2023/07/08,to-read,to-read (#855),to-read,,,,0,0
124019742,The Golem of Brooklyn,Adam Mansbach,"Mansbach, Adam",,"=""059372982X""","=""9780593729823""",0,One World,Paperback,272,2023,2023,,2023/07/08,to-read,to-read (#854),to-read,,,,0,0
60210807,Wellness,Nathan  Hill,"Hill, Nathan",,"=""""","=""""",0,Knopf,Unknown Binding,624,,2023,,2023/07/08,to-read,to-read (#853),to-read,,,,0,0
101673225,Land of Milk and Honey,C Pam Zhang,"Zhang, C Pam",,"=""0593538242""","=""9780593538241""",0,Riverhead Books,Hardcover,240,2023,2023,,2023/07/08,to-read,to-read (#852),to-read,,,,0,0
75293514,"The Wolves of Eternity (Morgenstjernen, #2)",Karl Ove Knausgård,"Knausgård, Karl Ove",Karl Ove Knausgaard,"=""0593490835""","=""9780593490839""",0,Penguin Press,Hardcover,800,2023,2021,,2023/07/08,to-read,to-read (#850),to-read,,,,0,0
62952130,The Vaster Wilds,Lauren Groff,"Groff, Lauren",,"=""0593418395""","=""9780593418390""",0,Riverhead Books,Hardcover,256,2023,2023,,2023/07/08,to-read,to-read (#849),to-read,,,,0,0
125077927,Do You Remember Being Born?,Sean   Michaels,"Michaels, Sean",,"=""1662602324""","=""9781662602320""",0,Astra House,Hardcover,288,2023,2023,,2023/07/08,to-read,to-read (#848),to-read,,,,0,0
64623149,The Suicide Museum,Ariel Dorfman,"Dorfman, Ariel",,"=""1635423899""","=""9781635423891""",0,Other Press,Paperback,688,2023,2023,,2023/07/08,to-read,to-read (#847),to-read,,,,0,0
75495002,Happiness Falls,Angie  Kim,"Kim, Angie",,"=""0593448200""","=""9780593448205""",0,Hogarth,Hardcover,387,2023,2023,,2023/07/08,to-read,to-read (#846),to-read,,,,0,0
62039166,The Bee Sting,Paul Murray,"Murray, Paul",,"=""0374600309""","=""9780374600303""",0,"Farrar, Straus and Giroux",Hardcover,645,2023,2023,,2023/07/08,to-read,to-read (#845),to-read,,,,0,0
62919813,My Name Is Iris,Brando Skyhorse,"Skyhorse, Brando",,"=""1982177853""","=""9781982177850""",0,Avid Reader Press / Simon & Schuster,Hardcover,257,2023,2023,,2023/07/08,to-read,to-read (#844),to-read,,,,0,0
98653307,The Men Can't Be Saved,Ben Purkert,"Purkert, Ben",,"=""1419767135""","=""9781419767135""",0,Harry N. Abrams,Hardcover,304,2023,2023,,2023/07/08,to-read,to-read (#843),to-read,,,,0,0
90564440,Time's Mouth,Edan Lepucki,"Lepucki, Edan",,"=""1640095721""","=""9781640095724""",0,Counterpoint,Hardcover,416,2023,2023,,2023/07/08,to-read,to-read (#842),to-read,,,,0,0
63249808,The Last Ranger,Peter Heller,"Heller, Peter",,"=""0593535111""","=""9780593535110""",0,Alfred A. Knopf,Hardcover,287,2023,2023,,2023/07/08,to-read,to-read (#841),to-read,,,,0,0
80521,Four Major Plays: A Doll's House / Ghosts / Hedda Gabler / The Master Builder,Henrik Ibsen,"Ibsen, Henrik","James McFarlane, Jens Arup","=""0192833871""","=""9780192833877""",0,Oxford University Press,Paperback,370,1998,1879,,2023/07/08,to-read,to-read (#840),to-read,,,,0,0
122649,Lady Windermere's Fan,Oscar Wilde,"Wilde, Oscar",,"=""014062399X""","=""9780140623994""",4.0,Penguin Books,Paperback,70,1995,1892,2023/07/08,2022/07/16,,,read,,,,1,0
59336625,All the Lovers in the Night,Mieko Kawakami,"Kawakami, Mieko","Sam Bett, David  Boyd","=""1609456998""","=""9781609456993""",0,Europa Editions,Hardcover,224,2022,2011,,2023/07/08,to-read,to-read (#839),to-read,,,,0,0
30593,Pnin,Vladimir Nabokov,"Nabokov, Vladimir",David Lodge,"=""1400041988""","=""9781400041985""",2.0,Everyman's Library,Hardcover,184,2004,1957,2023/07/07,2022/01/14,,,read,,,,1,0
28920,A Pale View of Hills,Kazuo Ishiguro,"Ishiguro, Kazuo",,"=""""","=""""",0,Faber and Faber,Paperback,183,2005,1982,,2023/07/07,to-read,to-read (#838),to-read,,,,0,0
1123549,The Lonesome Gods,Louis L'Amour,"L'Amour, Louis",,"=""0553275186""","=""9780553275186""",0,Bantam,Paperback,545,1984,1983,,2023/07/03,to-read,to-read (#837),to-read,,,,0,0
3673370,To the Lighthouse,Virginia Woolf,"Woolf, Virginia",David Bradshaw,"=""0199536619""","=""9780199536610""",0,Oxford University Press,Paperback,195,2023,1927,,2023/07/03,to-read,to-read (#836),to-read,,,,0,0
175516,The Fall of the House of Usher,Edgar Allan Poe,"Poe, Edgar Allan",,"=""1594561796""","=""9781594561795""",3.0,BookSurge Classics,Paperback,36,2004,1839,,2023/06/29,,,read,,,,1,0
34842610,Recitatif,Toni Morrison,"Morrison, Toni",,"=""""","=""""",2.0,,Audiobook,19,1983,1983,2023/06/30,2022/08/28,,,read,,,,1,0
79649,The Seagull,Anton Chekhov,"Chekhov, Anton",Laurence Senelick,"=""0413771008""","=""9780413771001""",4.0,Methuen Drama,Paperback,65,2009,1895,2023/06/30,2022/07/16,,,read,,,,1,0
13619,"Death Note, Vol. 2: Confluence (Death Note, #2)",Tsugumi Ohba,"Ohba, Tsugumi","Takeshi Obata, Pookie Rolf","=""1421501694""","=""9781421501697""",4.0,VIZ Media LLC,Paperback,197,2005,2004,2023/06/29,2023/05/22,,,read,,,,1,0
878136,Selected Short Stories,Guy de Maupassant,"Maupassant, Guy de",Roger Colet,"=""014044243X""","=""9780140442434""",0,Penguin Books,Paperback,368,1971,1971,,2023/06/29,to-read,to-read (#835),to-read,,,,0,0
385228,On Liberty,John Stuart Mill,"Mill, John Stuart",,"=""""","=""""",0,Penguin Classics,Paperback,187,1985,1859,,2023/06/29,to-read,to-read (#834),to-read,,,,0,0
1038873,Think: A Compelling Introduction to Philosophy,Simon Blackburn,"Blackburn, Simon",,"=""0192100246""","=""9780192100245""",0,"Oxford University Press, USA",Hardcover,312,1999,1999,,2023/06/29,to-read,to-read (#833),to-read,,,,0,0
775346,The Little Friend,Donna Tartt,"Tartt, Donna",,"=""1400031699""","=""9781400031696""",0,Knopf Doubleday Publishing Group,Paperback,624,2003,2002,,2023/06/29,to-read,to-read (#832),to-read,,,,0,0
5697,The Complete Short Novels,Anton Chekhov,"Chekhov, Anton","Richard Pevear, Larissa Volokhonsky","=""140003292X""","=""9781400032921""",0,Vintage Classics,Paperback,548,2005,1896,,2023/06/29,to-read,to-read (#831),to-read,,,,0,0
5693,Selected Stories of Anton Chekhov,Anton Chekhov,"Chekhov, Anton","Richard Pevear, Larissa Volokhonsky","=""0553381008""","=""9780553381009""",0,Modern Library,Paperback,467,2000,1903,,2023/06/29,to-read,to-read (#830),to-read,,,,0,0
114230,Bartleby the Scrivener,Herman Melville,"Melville, Herman",,"=""0974607800""","=""9780974607801""",3.0,Melville House,Paperback,64,2004,1853,2023/06/29,2022/07/16,,,read,,,,1,0
54422554,Decadence: A Literary History,Alex Murray,"Murray, Alex",,"=""1108426298""","=""9781108426299""",0,Cambridge University Press,Hardcover,530,2020,,,2023/06/28,to-read,to-read (#829),to-read,,,,0,0
58662236,Small Things Like These,Claire Keegan,"Keegan, Claire",,"=""0802158749""","=""9780802158741""",4.0,Grove Press,Hardcover,118,2021,2021,2023/06/27,2023/04/04,,,read,,,,1,0
64000510,Sun House,David James Duncan,"Duncan, David James",,"=""0316129372""","=""9780316129374""",0,"Little, Brown and Company",Hardcover,784,2023,2023,,2023/06/27,to-read,to-read (#828),to-read,,,,0,0
63892214,Vampires of El Norte,Isabel Cañas,"Cañas, Isabel",,"=""0593436725""","=""9780593436721""",0,Berkley,Hardcover,371,2023,2023,,2023/06/27,to-read,to-read (#827),to-read,,,,0,0
8143909,Foster,Claire Keegan,"Keegan, Claire",,"=""0571255655""","=""9780571255658""",3.0,Faber & Faber,Paperback,101,2010,2010,2023/06/27,2023/04/04,,,read,,,,1,0
12948,The Turn of the Screw,Henry James,"James, Henry",,"=""0140620613""","=""9780140620610""",2.0,Penguin Books,Paperback,121,1994,1898,2023/06/27,2022/07/16,,,read,,,,1,0
101662773,Thrust,Lidia Yuknavitch,"Yuknavitch, Lidia",,"=""0525534911""","=""9780525534914""",0,Riverhead Books,Paperback,352,2023,2022,,2023/06/27,to-read,to-read (#826),to-read,,,,0,0
61714633,"The Wager: A Tale of Shipwreck, Mutiny and Murder",David Grann,"Grann, David",,"=""0385534264""","=""9780385534260""",0,Doubleday,Hardcover,329,2023,2023,,2023/06/26,to-read,to-read (#825),to-read,,,,0,0
56304450,We,Yevgeny Zamyatin,"Zamyatin, Yevgeny","Bela Shayevich, Margaret Atwood","=""0063068443""","=""9780063068445""",4.0,Ecco,Paperback,304,2021,1924,2023/06/25,2021/11/07,,,read,,,,1,0
153747,"Moby-Dick or, The Whale",Herman Melville,"Melville, Herman","Andrew Delbanco, Tom Quirk","=""0142437247""","=""9780142437247""",0,Penguin Classics ,Paperback,720,2003,1851,,2023/06/22,to-read,to-read (#823),to-read,,,,0,0
2932,Robinson Crusoe,Daniel Defoe,"Defoe, Daniel",Virginia Woolf,"=""""","=""""",3.0,Modern Library,Hardcover,320,2001,1719,2023/06/22,2022/07/22,,,read,,,,1,0
61885029,Starter Villain,John Scalzi,"Scalzi, John",,"=""""","=""""",0,Tor Books,Hardcover,264,2023,2023,,2023/06/20,to-read,to-read (#822),to-read,,,,0,0
10975,The Sound and the Fury,William Faulkner,"Faulkner, William",,"=""""","=""""",0,Vintage International,Paperback,366,1990,1929,,2023/06/20,to-read,to-read (#821),to-read,,,,0,0
5933841,Inherent Vice,Thomas Pynchon,"Pynchon, Thomas",,"=""1594202249""","=""9781594202247""",0,Penguin Press,Hardcover,369,2009,2009,,2023/06/20,to-read,to-read (#820),to-read,,,,0,0
28456,Carpenter's Gothic,William Gaddis,"Gaddis, William",,"=""184354167X""","=""9781843541677""",0,Atlantic Books,Paperback,262,2010,1985,,2023/06/20,to-read,to-read (#819),to-read,,,,0,0
28434,J R,William Gaddis,"Gaddis, William","John David Smith, Frederick R. Karl","=""0140187073""","=""9780140187076""",0,Penguin Books,Paperback,752,1993,1975,,2023/06/20,to-read,to-read (#818),to-read,,,,0,0
27833803,The Hike,Drew Magary,"Magary, Drew",,"=""0399563857""","=""9780399563850""",0,Viking,Hardcover,278,2016,2016,,2023/06/19,to-read,to-read (#817),to-read,,,,0,0
28881,"Lamb: The Gospel According to Biff, Christ’s Childhood Pal",Christopher Moore,"Moore, Christopher",,"=""0380813815""","=""9780380813810""",0,Harper Perennial,Paperback,444,2004,2002,,2023/06/19,to-read,to-read (#816),to-read,,,,0,0
5659,The Wind in the Willows,Kenneth Grahame,"Grahame, Kenneth",Gillian Avery,"=""0143039091""","=""9780143039099""",0,Penguin Books,Paperback,197,2005,1908,,2023/06/19,to-read,to-read (#815),to-read,,,,0,0
15990644,The Island of Doctor Moreau,H.G. Wells,"Wells, H.G.",,"=""0141389397""","=""9780141389394""",0,Penguin Books,Paperback,143,2012,1896,,2023/06/19,to-read,to-read (#814),to-read,,,,0,0
10108463,The Devil All the Time,Donald Ray Pollock,"Pollock, Donald Ray",,"=""038553504X""","=""9780385535045""",0,Doubleday,Hardcover,261,2011,2011,,2023/06/19,to-read,to-read (#813),to-read,,,,0,0
57658,The Treasure of the Sierra Madre,B. Traven,"Traven, B.",,"=""0809001608""","=""9780809001606""",4.0,Hill and Wang,Paperback,308,1984,1935,2023/06/19,2022/10/31,,,read,,,,1,0
134938559,Spells for Forgetting,Adrienne Young,"Young, Adrienne",,"=""0593358538""","=""9780593358535""",0,Dell,Paperback,357,2023,2022,,2023/06/15,to-read,to-read (#812),to-read,,,,0,0
30893022,I Found You,Lisa Jewell,"Jewell, Lisa",,"=""1501154605""","=""9781501154607""",0,Atria Books,Paperback,352,2018,2016,,2023/06/14,to-read,to-read (#811),to-read,,,,0,0
732140,"Nausicaä of the Valley of the Wind, Vol. 3",Hayao Miyazaki,"Miyazaki, Hayao","David R.   Lewis, Toren Smith, Kaori Inoue, Joe Yamazaki, Walden Wong, Izumi Evers","=""1591164109""","=""9781591164104""",0,VIZ Media,Paperback,150,2004,1984,,2023/06/13,to-read,to-read (#810),to-read,,,,0,0
732139,"Nausicaä of the Valley of the Wind, Vol. 2",Hayao Miyazaki,"Miyazaki, Hayao","David R.   Lewis, Toren Smith, Kaori Inoue, Joe Yamazaki, Walden Wong, Izumi Evers","=""1591163501""","=""9781591163503""",4.0,VIZ Media,Paperback,130,2004,1983,2023/06/13,2023/06/13,,,read,,,,1,0
626339,"Nausicaä of the Valley of the Wind, Vol. 1",Hayao Miyazaki,"Miyazaki, Hayao",,"=""1591164087""","=""9781591164081""",4.0,VIZ Media,Paperback,130,2004,1982,2023/06/13,2022/03/23,,,read,,,,1,0
231914,"Kingdom Hearts, Vol. 1 (Kingdom Hearts, #1)",Shiro Amano,"Amano, Shiro",,"=""1598162179""","=""9781598162172""",0,TokyoPop,Paperback,135,2005,2003,,2023/06/13,to-read,to-read (#809),to-read,,,,0,0
3451949,"The Legend of Zelda: Ocarina of Time - Part 2 (Zelda, #2)",Akira Himekawa,"Himekawa, Akira",,"=""1421523280""","=""9781421523286""",3.0,VIZ Media - Children's,Paperback,200,2008,2000,2023/06/13,2022/09/29,,,read,,,,1,0
68783,"Girl, Interrupted",Susanna Kaysen,"Kaysen, Susanna",,"=""0679746048""","=""9780679746041""",0,Vintage ,Paperback,169,1994,1993,,2023/06/11,to-read,to-read (#808),to-read,,,,0,0
75668238,Crying in H Mart,Michelle Zauner,"Zauner, Michelle",,"=""1984898957""","=""9781984898951""",0,Vintage,Paperback,239,2023,2021,,2023/06/09,to-read,to-read (#807),to-read,,,,0,0
22628,The Perks of Being a Wallflower,Stephen Chbosky,"Chbosky, Stephen",,"=""""","=""""",3.0,MTV Books/Pocket Books,Hardcover,213,1999,1999,2023/06/06,2021/10/11,,,read,,,,1,0
5148,A Separate Peace,John Knowles,"Knowles, John",David Levithan,"=""""","=""""",0,Scribner,Paperback,208,2003,1959,,2023/06/05,to-read,to-read (#806),to-read,,,,0,0
122769174,The Rabbit Hutch,Tess Gunty,"Gunty, Tess",,"=""0593467876""","=""9780593467879""",0,Vintage,Paperback,399,2023,2022,,2023/06/04,to-read,to-read (#805),to-read,,,,0,0
6295,Howl and Other Poems,Allen Ginsberg,"Ginsberg, Allen",William Carlos Williams,"=""0872863107""","=""9780872863101""",0,City Lights,Hardcover,56,2001,1956,,2023/06/03,to-read,to-read (#804),to-read,,,,0,0
75498191,Penance,Eliza  Clark,"Clark, Eliza",,"=""0063327856""","=""9780063327856""",0,Harper,Hardcover,336,2023,2023,,2023/06/03,to-read,to-read (#803),to-read,,,,0,0
70401,On the Road,Jack Kerouac,"Kerouac, Jack",,"=""0140042598""","=""9780140042597""",4.0,Penguin Books,Paperback,307,1976,1957,2023/06/02,2023/05/23,,,read,,,,1,0
63876556,Caligula and Three Other Plays,Albert Camus,"Camus, Albert",Ryan Bloom,"=""0593311272""","=""9780593311271""",0,Vintage,Paperback,592,2023,1949,,2023/06/01,to-read,to-read (#802),to-read,,,,0,0
65214176,"Knock Knock, Open Wide",Neil Sharpson,"Sharpson, Neil",,"=""1250785421""","=""9781250785428""",0,Tor Nightfire,Hardcover,326,2023,2023,,2023/05/28,to-read,to-read (#801),to-read,,,,0,0
55077678,When the Sparrow Falls,Neil Sharpson,"Sharpson, Neil",,"=""1250784212""","=""9781250784216""",0,Tor Books,Hardcover,328,2021,2021,,2023/05/28,to-read,to-read (#800),to-read,,,,0,0
2007490,A Woman Appeared to Me,Renée Vivien,"Vivien, Renée","Jeannette Howard Foster, Gayle S. Rubin","=""0930044061""","=""9780930044060""",0,"Naiad Press,U.S.",Paperback,116,1979,1904,,2023/05/25,to-read,to-read (#799),to-read,,,,0,0
12395,Journey to the End of the Night,Louis-Ferdinand Céline,"Céline, Louis-Ferdinand","Ralph Manheim, Angela Cismaş, William T. Vollmann","=""0811216543""","=""9780811216548""",0,New Directions,Paperback,453,2006,1932,,2023/05/25,to-read,to-read (#798),to-read,,,,0,0
203220,Les Fleurs du Mal,Charles Baudelaire,"Baudelaire, Charles","Richard Howard, Cyril Scott, Odilon Redon, Nydia Lamarque","=""0879234628""","=""9780879234621""",0,David R. Godine Publisher,Paperback,365,1983,1857,,2023/05/25,to-read,to-read (#797),to-read,,,,0,0
210255,Against Nature,Joris-Karl Huysmans,"Huysmans, Joris-Karl","Patrick McGuiness, Robert Baldick","=""0140447636""","=""9780140447637""",3.0,Penguin Classics,Paperback,288,2004,1884,2023/05/25,2023/04/17,,,read,,,,1,0
4406,East of Eden,John Steinbeck,"Steinbeck, John",,"=""0142000655""","=""9780142000656""",4.0,Penguin Books,Paperback,601,2002,1952,2023/05/23,2021/09/13,,,read,,,,1,0
13227454,"The Unlikely Pilgrimage of Harold Fry (Harold Fry, #1)",Rachel Joyce,"Joyce, Rachel",,"=""0812993292""","=""9780812993295""",0,Random House,Hardcover,320,2012,2012,,2023/05/22,to-read,to-read (#796),to-read,,,,0,0
1493253,"Hunter x Hunter, Vol. 01 (Hunter x Hunter, #1)",Yoshihiro Togashi,"Togashi, Yoshihiro",,"=""1591167531""","=""9781591167532""",4.0,VIZ Media LLC,Paperback,184,2005,1998,2023/05/22,2022/03/23,,,read,,,,1,0
61423693,Light Bringer (Red Rising #6),Pierce Brown,"Brown, Pierce",,"=""0425285979""","=""9780425285978""",0,Del Rey,Hardcover,683,2023,2023,,2023/05/22,to-read,to-read (#795),to-read,,,,0,0
17333230,The Luminaries,Eleanor Catton,"Catton, Eleanor",,"=""0316074314""","=""9780316074315""",0,"Little, Brown and Company",Hardcover,848,2013,2013,,2023/05/15,to-read,to-read (#794),to-read,,,,0,0
62080151,The Endless Vessel,Charles Soule,"Soule, Charles",,"=""0063043041""","=""9780063043046""",0,Harper Perennial,Hardcover,456,2023,2023,,2023/05/15,to-read,to-read (#793),to-read,,,,0,0
29227774,"Light Bringer (Red Rising Saga, #6)",Pierce Brown,"Brown, Pierce",,"=""1473646804""","=""9781473646803""",0,Hodder & Stoughton,Hardcover,682,2023,2023,,2023/05/15,to-read,to-read (#792),to-read,,,,0,0
62144632,Ed Templeton: Wires Crossed,Ed Templeton,"Templeton, Ed",,"=""1597115363""","=""9781597115360""",0,Aperture,Hardcover,264,2023,,,2023/05/14,to-read,to-read (#791),to-read,,,,0,0
61884811,Cult Classic,Sloane Crosley,"Crosley, Sloane",,"=""1250867177""","=""9781250867179""",0,Picador Paper,Paperback,304,2023,2022,,2023/05/14,to-read,to-read (#790),to-read,,,,0,0
53968569,The Ninth Metal: First in the Comet Cycle – A Gripping Post-Apocalyptic Sci-Fi Thriller of Midwest Mining and Betrayal,Benjamin Percy,"Percy, Benjamin",,"=""1328544869""","=""9781328544865""",0,William Morrow Paperbacks,Paperback,304,2021,2021,,2023/05/13,to-read,to-read (#789),to-read,,,,0,0
61885058,Hidden Pictures,Jason Rekulak,"Rekulak, Jason",,"=""1250819350""","=""9781250819352""",0,Flatiron Books,Paperback,400,2023,2022,,2023/05/10,to-read,to-read (#788),to-read,,,,0,0
51578488,The Glass Hotel,Emily St. John Mandel,"Mandel, Emily St. John",,"=""052556294X""","=""9780525562948""",0,Vintage,Paperback,320,2021,2020,,2023/05/08,to-read,to-read (#787),to-read,,,,0,0
7805,Pale Fire,Vladimir Nabokov,"Nabokov, Vladimir",,"=""""","=""""",4.0,Penguin Books Ltd,Paperback,246,2000,1962,2023/05/06,2022/06/22,,,read,,,,1,0
61885061,Dirt Creek,Hayley Scrivenor,"Scrivenor, Hayley",,"=""1250834775""","=""9781250834775""",0,Flatiron Books,Paperback,336,2023,2022,,2023/05/01,to-read,to-read (#786),to-read,,,,0,0
61489616,Old Babes in the Wood: Stories,Margaret Atwood,"Atwood, Margaret",,"=""0385549075""","=""9780385549073""",2.0,Doubleday,Hardcover,272,2023,2023,2023/04/26,2023/04/26,,,read,,,,1,0
7042,The Tale of Genji,Murasaki Shikibu,"Shikibu, Murasaki","Royall  Tyler, Minora Sugai","=""014243714X""","=""9780142437148""",0,Penguin,Paperback,1182,2003,1000,,2023/04/23,to-read,to-read (#785),to-read,,,,0,0
9833,"Blind Willow, Sleeping Woman",Haruki Murakami,"Murakami, Haruki","Philip Gabriel, Jay Rubin","=""1400044618""","=""9781400044610""",0,Knopf,Hardcover,334,2006,2006,,2023/04/23,to-read,to-read (#784),to-read,,,,0,0
62585959,The Brothers Karamazov,Fyodor Dostoevsky,"Dostoevsky, Fyodor",Michael R. Katz,"=""1631498193""","=""9781631498190""",0,Liveright,Hardcover,928,2023,1879,,2023/04/22,to-read,to-read (#783),to-read,,,,0,0
91239751,Death Valley,Melissa Broder,"Broder, Melissa",,"=""1668024845""","=""9781668024843""",0,Scribner,Hardcover,240,2023,2023,,2023/04/19,to-read,to-read (#782),to-read,,,,0,0
5297,The Picture of Dorian Gray,Oscar Wilde,"Wilde, Oscar",Jeffrey Eugenides,"=""""","=""""",4.0,Random House: Modern Library,Paperback,272,2004,1890,2023/04/19,2021/10/29,,,read,"3.5-- I'm between ""liked"" and ""really liked"". <i>The Picture of Dorian Gray</i> exceeded my expectations in some ways, but didn't quite live up to them in others.  No doubt, Wilde's novel is full of quotable one-liners-- insightful bits of wisdom about life, youth, passion, art, and more. Ironically, a lot of sage advice comes from a despicable character who Wilde expertly crafts in such a way that the reader can only come away with a love/hate relationship.  However, the reader's relationship with the story's protagonist is likely more one-sided-- his depth of character doesn't match his good looks.  In the end, the reader can choose to be put off by Dorian's instability, or to view his malleability as a fascinating study of fickle human nature.",,,1,0
62047987,The Cherry Robbers,Sarai Walker,"Walker, Sarai",,"=""0063271583""","=""9780063271586""",0,Harper Perennial,Paperback,432,2023,2022,,2023/04/11,to-read,to-read (#781),to-read,,,,0,0
62039417,"Wolfsong (Green Creek, #1)",T.J. Klune,"Klune, T.J.",,"=""1250890314""","=""9781250890313""",0,Tor Books,Hardcover,528,2023,2016,,2023/04/10,to-read,to-read (#780),to-read,,,,0,0
60003006,Hex,Jenni Fagan,"Fagan, Jenni",,"=""1846975689""","=""9781846975684""",0,Polygon,Hardcover,104,2022,2022,,2023/04/04,to-read,to-read (#779),to-read,,,,0,0
23129712,The Red Notebook,Antoine Laurain,"Laurain, Antoine","Jane Aitken, Emily Boyce","=""1908313862""","=""9781908313867""",0,Gallic Books,Paperback,159,2015,2014,,2023/04/04,to-read,to-read (#778),to-read,,,,0,0
60880820,The Shards,Bret Easton Ellis,"Ellis, Bret Easton",,"=""059353560X""","=""9780593535608""",4.0,Alfred A. Knopf,Hardcover,608,2023,2023,2023/03/19,2023/02/26,,,read,,,,1,0
59808026,The Dawn of Everything: A New History of Humanity,David Graeber,"Graeber, David",David Wengrow,"=""1250858801""","=""9781250858801""",0,Picador Paper,Paperback,720,2023,2021,,2023/03/16,to-read,to-read (#777),to-read,,,,0,0
16599,Vampire Hunter D,Hideyuki Kikuchi,"Kikuchi, Hideyuki","Yoshitaka Amano, Kevin Leahy","=""1595820124""","=""9781595820129""",0,Dark Horse Books & Digital Manga Publishing,Paperback,268,2005,1983,,2023/03/14,to-read,to-read (#776),to-read,,,,0,0
61897936,The Red Arrow,William   Brewer,"Brewer, William",,"=""0593314433""","=""9780593314432""",0,Vintage,Paperback,272,2023,2022,,2023/03/11,to-read,to-read (#775),to-read,,,,0,0
24909347,"Obsidio (The Illuminae Files, #3)",Amie Kaufman,"Kaufman, Amie",Jay Kristoff,"=""055349919X""","=""9780553499193""",3.0,Knopf Books for Young Readers,Hardcover,618,2018,2018,2023/03/05,2022/10/15,,,read,3.5,,,1,0
55815120,The Cistern,Susanna Clarke,"Clarke, Susanna",,"=""1526622653""","=""9781526622655""",0,Bloomsbury,ebook,,,,,2023/03/02,to-read,to-read (#774),to-read,,,,0,0
28220854,"Futuristic Violence and Fancy Suits (Zoey Ashe, #1)",David  Wong,"Wong, David",Jason Pargin,"=""1250097754""","=""9781250097750""",0,St. Martin's Griffin,Paperback,384,2016,2015,,2023/03/01,to-read,to-read (#773),to-read,,,,0,0
60652997,"Hell Bent (Ninth House Trilogy, #2)",Leigh Bardugo,"Bardugo, Leigh",,"=""1250313104""","=""9781250313102""",5.0,Flatiron Books,Hardcover,481,2023,2023,2023/02/26,2023/01/01,,,read,"RHCP fans, prepare to be offended by Bardugo's latest entry in the Alex Stern saga.  Those who enjoyed book 1, prepare to be delighted-- Hell Bent is even more fun than Ninth House.  The balance of action, sarcasm and wit, and blissful occultism make for a tale that is worthy of entry into dark academia hall of fame.",,,1,0
676737,Grendel,John Gardner,"Gardner, John",,"=""0679723110""","=""9780679723110""",0,Random House Vintage Books,Paperback,174,2010,1971,,2023/02/22,to-read,to-read (#772),to-read,,,,0,0
62645180,The Librarianist,Patrick deWitt,"deWitt, Patrick",,"=""0063085127""","=""9780063085121""",0,Ecco,Hardcover,352,2023,2023,,2023/02/22,to-read,to-read (#771),to-read,,,,0,0
102146148,What's Our Problem?: A Self-Help Book for Societies,Tim Urban,"Urban, Tim",,"=""""","=""9798987722602""",0,Wait But Why,Kindle Edition,746,2023,2023,,2023/02/21,to-read,to-read (#770),to-read,,,,0,0
65213633,"Zoey Is Too Drunk for This Dystopia (Zoey Ashe, #3)",Jason Pargin,"Pargin, Jason",,"=""1250285933""","=""9781250285935""",0,St. Martin's Press,Hardcover,416,2023,2023,,2023/02/16,to-read,to-read (#769),to-read,,,,0,0
60965426,The Creative Act: A Way of Being,Rick Rubin,"Rubin, Rick",,"=""0593652886""","=""9780593652886""",0,Penguin Press,Hardcover,406,2023,2023,,2023/02/15,to-read,to-read (#768),to-read,,,,0,0
18770398,Night Film,Marisha Pessl,"Pessl, Marisha",,"=""0812979788""","=""9780812979787""",4.0,Random House Trade Paperbacks,Paperback,640,2014,2013,2023/02/11,2022/07/11,,,read,"Night Film is a lot of fun! Pessl’s balanced writing is both concise and vivid. Night Film has a little bit of everything to enjoy- humor, existentialism, trippiness, and mystery that keeps you guessing until the very end. ",,,1,0
62334530,None of This Is True,Lisa Jewell,"Jewell, Lisa",,"=""1982179007""","=""9781982179007""",0,Atria Books,Hardcover,390,2023,2023,,2023/02/11,to-read,to-read (#767),to-read,,,,0,0
30319086,If We Were Villains,M.L. Rio,"Rio, M.L.",,"=""125009528X""","=""9781250095282""",3.0,Flatiron Books,Hardcover,354,2017,2017,2023/02/05,2022/04/29,,,read,,,,1,0
8852,Macbeth,William Shakespeare,"Shakespeare, William","Barbara A. Mowat, Paul Werstine","=""0743477103""","=""9780743477109""",0,Simon & Schuster,Mass Market Paperback,249,2013,1623,,2023/02/05,to-read,to-read (#766),to-read,,,,0,0
51497,The Strange Case of Dr. Jekyll and Mr. Hyde and Other Tales of Terror,Robert Louis Stevenson,"Stevenson, Robert Louis",Robert Mighall,"=""0141439734""","=""9780141439730""",3.0,Penguin Classics,Paperback,224,2003,1886,2023/02/05,2022/09/30,,,read,3.5,,,1,0
63367193,Unlikely Animals,Annie  Hartnett,"Hartnett, Annie",,"=""059316024X""","=""9780593160244""",0,Ballantine Books,Paperback,384,2023,2022,,2023/02/01,to-read,to-read (#765),to-read,,,,0,0
65678329,The Books of Jacob,Olga Tokarczuk,"Tokarczuk, Olga",Jennifer  Croft,"=""059308750X""","=""9780593087503""",0,Riverhead Books,Paperback,992,2023,2014,,2023/01/31,to-read,to-read (#764),to-read,,,,0,0
59112754,Verity,Colleen Hoover,"Hoover, Colleen",,"=""1538724731""","=""9781538724736""",2.0,Grand Central Publishing,Paperback,314,2021,2018,2023/01/29,2021/12/07,,,read,,,,1,0
63249718,Silver Nitrate,Silvia Moreno-Garcia,"Moreno-Garcia, Silvia",,"=""0593355369""","=""9780593355367""",0,Del Rey,Hardcover,318,2023,2023,,2023/01/27,to-read,to-read (#763),to-read,,,,0,0
61897491,The Ferryman,Justin Cronin,"Cronin, Justin",,"=""0385691661""","=""9780385691666""",0,Orion,Hardcover,560,2023,2023,,2023/01/27,to-read,to-read (#762),to-read,,,,0,0
61282437,The Ferryman,Justin Cronin,"Cronin, Justin",,"=""052561947X""","=""9780525619475""",0,Ballantine Books,Hardcover,538,2023,2023,,2023/01/27,to-read,to-read (#761),to-read,,,,0,0
61884842,The Deep Sky,Yume Kitasei,"Kitasei, Yume",,"=""1250875331""","=""9781250875334""",0,Flatiron Books,Hardcover,399,2023,2023,,2023/01/27,to-read,to-read (#760),to-read,,,,0,0
5129,Brave New World,Aldous Huxley,"Huxley, Aldous",,"=""0060929871""","=""9780060929879""",4.0,HarperPerennial / Perennial Classics,Paperback,288,1998,1932,2023/01/25,2022/01/05,,,read,,,,1,0
60312248,The Backbone of the World,Stephen Graham Jones,"Jones, Stephen Graham",,"=""1542034442""","=""""",0,Amazon Original Stories,Kindle Edition,54,2022,2022,,2023/01/25,to-read,to-read (#759),to-read,,,,0,0
60149573,Our Missing Hearts,Celeste Ng,"Ng, Celeste",,"=""0593492544""","=""9780593492543""",0,Penguin Press,Hardcover,335,2022,2022,,2022/10/04,to-read,to-read (#758),to-read,,,,0,0
61273738,Tell Me an Ending,Jo Harkin,"Harkin, Jo",,"=""1982164336""","=""9781982164331""",0,Scribner,Paperback,448,2023,2022,,2023/01/22,to-read,to-read (#757),to-read,,,,0,0
43263680,"Ninth House (Ninth House Trilogy, #1)",Leigh Bardugo,"Bardugo, Leigh",,"=""1250313074""","=""9781250313072""",0.0,Flatiron Books,Hardcover,461,2019,2019,2021/12/10,2021/11/29,,,read,"This book is a seriously effective mixture of ""badass"", like an adult version of some of the YA magical fiction I've loved over the years.  If you're in the mood for an edgy amalgam of ghosts, magic, murder, and more, this one definitely hits the spot.",,,2,0
62673108,The Making of Another Major Motion Picture Masterpiece,Tom Hanks,"Hanks, Tom",,"=""052565559X""","=""9780525655596""",0,Knopf,Hardcover,448,2023,2023,,2023/01/15,to-read,to-read (#755),to-read,,,,0,0
63876143,Glory,NoViolet Bulawayo,"Bulawayo, NoViolet",,"=""0525561153""","=""9780525561156""",0,Penguin Books,Paperback,416,2023,2022,,2023/01/15,to-read,to-read (#754),to-read,,,,0,0
61111246,Victory City,Salman Rushdie,"Rushdie, Salman",,"=""0593243390""","=""9780593243398""",0,Random House,Hardcover,336,2023,2023,,2023/01/12,to-read,to-read (#753),to-read,,,,0,0
12419,A Calendar of Wisdom: Daily Thoughts to Nourish the Soul,Leo Tolstoy,"Tolstoy, Leo",Peter Sekirin,"=""""","=""""",0,Scribner,Hardcover,384,1997,1906,,2023/01/11,to-read,to-read (#752),to-read,,,,0,0
70535,"2001: A Space Odyssey (Space Odyssey, #1)",Arthur C. Clarke,"Clarke, Arthur C.",,"=""""","=""""",4.0,Roc,Paperback,297,2000,1968,2023/01/11,2021/09/02,,,read,,,,1,0
61240297,Snow Crash,Neal Stephenson,"Stephenson, Neal",,"=""059359973X""","=""9780593599730""",0,Del Rey,Hardcover,576,2022,1992,,2023/01/04,to-read,to-read (#751),to-read,,,,0,0
61813107,Ascension,Nicholas Binge,"Binge, Nicholas",,"=""0593539583""","=""9780593539583""",0,Riverhead Books,Hardcover,344,2023,2023,,2023/01/02,to-read,to-read (#750),to-read,,,,0,0
61273860,Cold People,Tom Rob Smith,"Smith, Tom Rob",,"=""1982198400""","=""9781982198404""",0,Scribner,Hardcover,354,2023,2023,,2023/01/02,to-read,to-read (#749),to-read,,,,0,0
3215762,Gas Light,Patrick Hamilton,"Hamilton, Patrick",,"=""""","=""""",0,Constable and Company Ltd.,Paperback,82,1939,1939,,2023/01/02,to-read,to-read (#748),to-read,,,,0,0
58782841,Nine Lives,Peter  Swanson,"Swanson, Peter",,"=""0062980084""","=""9780062980083""",0,William Morrow Paperbacks,Paperback,336,2023,2022,,2022/12/10,to-read,to-read (#747),to-read,,,,0,0
59808607,The Book of Goose,Yiyun Li,"Li, Yiyun",,"=""037460634X""","=""9780374606343""",0,"Farrar, Straus and Giroux",Hardcover,348,2022,2022,,2022/12/07,to-read,to-read (#746),to-read,,,,0,0
58065397,The Red Arrow,William   Brewer,"Brewer, William",Will  Brewer,"=""0593320123""","=""9780593320129""",0,Knopf,Hardcover,272,2022,2022,,2022/12/07,to-read,to-read (#745),to-read,,,,0,0
59577177,"Also a Poet: Frank O'Hara, My Father, and Me",Ada Calhoun,"Calhoun, Ada",,"=""0802159788""","=""9780802159786""",0,Grove Press,Hardcover,272,2022,2022,,2022/12/07,to-read,to-read (#744),to-read,,,,0,0
59900070,Stay True,Hua Hsu,"Hsu, Hua",,"=""0385547773""","=""9780385547772""",0,Doubleday,Hardcover,208,2022,2022,,2022/12/07,to-read,to-read (#743),to-read,,,,0,0
59697335,Saint Sebastian's Abyss,Mark Haber,"Haber, Mark",,"=""1566896363""","=""9781566896368""",0,Coffee House Press,Paperback,144,2022,2022,,2022/12/07,to-read,to-read (#742),to-read,,,,0,0
60188762,Fairy Tale,Stephen  King,"King, Stephen",,"=""""","=""""",0,Scribner,Kindle Edition,608,2022,2022,,2022/11/19,to-read,to-read (#740),to-read,,,,0,0
60784417,"Red Team Blues (Martin Hench, #1)",Cory Doctorow,"Doctorow, Cory",,"=""1250865840""","=""9781250865847""",0,Tor Books,Hardcover,213,2023,2023,,2022/11/16,to-read,to-read (#739),to-read,,,,0,0
44890081,My Dark Vanessa,Kate Elizabeth Russell,"Russell, Kate Elizabeth",,"=""006294150X""","=""9780062941503""",4.0,William Morrow,Hardcover,373,2020,2020,2022/11/15,2022/01/07,,,read,,,,1,0
39948345,Uncommon Type,Tom Hanks,"Hanks, Tom",,"=""1101911948""","=""9781101911945""",0,Vintage,Paperback,403,2018,2017,,2022/11/15,to-read,to-read (#738),to-read,,,,0,0
61089494,The Steppenwolf,Hermann Hesse,"Hesse, Hermann",Kurt Beals,"=""1324036818""","=""9781324036814""",0,W. W. Norton & Company,Hardcover,227,2023,1927,,2022/11/14,to-read,to-read (#737),to-read,,,,0,0
12781,The Satanic Verses,Salman Rushdie,"Rushdie, Salman",,"=""0312270828""","=""9780312270827""",0,Picador,Paperback,561,1997,1988,,2022/07/23,to-read,to-read (#736),to-read,,,,0,0
60471573,Liberation Day,George Saunders,"Saunders, George",,"=""0525509593""","=""9780525509592""",2.0,Random House,Hardcover,256,2022,2022,2022/11/09,2022/08/16,,,read,,,,1,0
7606,The Annotated Lolita,Vladimir Nabokov,"Nabokov, Vladimir",Alfred Appel Jr.,"=""0679727299""","=""9780679727293""",4.0,Vintage Books,Paperback,457,1991,1955,2022/11/05,2022/07/06,,,read,,,,1,0
60320396,The Last Chairlift,John Irving,"Irving, John",,"=""1501189271""","=""9781501189272""",0,Simon & Schuster,Hardcover,889,2022,2022,,2022/11/03,to-read,to-read (#735),to-read,,,,0,0
53341634,Unsettled Ground,Claire Fuller,"Fuller, Claire",,"=""0241457440""","=""9780241457443""",0,Fig Tree,Hardcover,289,2021,2021,,2022/11/02,to-read,to-read (#734),to-read,,,,0,0
58085265,The Monster's Bones: The Discovery of T. Rex and How It Shook Our World,David K. Randall,"Randall, David K.",,"=""1324006536""","=""9781324006534""",0,W. W. Norton & Company,Hardcover,288,2022,2022,,2022/11/02,to-read,to-read (#733),to-read,,,,0,0
60012504,Maybe You Should Talk to Someone: The Journal: 52 Weekly Sessions to Transform Your Life,Lori Gottlieb,"Gottlieb, Lori",,"=""0358667216""","=""9780358667216""",0,Harper,Hardcover,240,2022,,,2022/11/01,to-read,to-read (#732),to-read,,,,0,0
61354037,A Guest at the Feast: Essays,Colm Tóibín,"Tóibín, Colm",,"=""1476785201""","=""9781476785202""",0,Scribner,Hardcover,336,2023,2022,,2022/11/01,to-read,to-read (#731),to-read,,,,0,0
53317528,The Copenhagen Trilogy (The Copenhagen Trilogy #1-3),Tove Ditlevsen,"Ditlevsen, Tove","Tiina Nunnally, Michael Favala Goldman","=""0374602395""","=""9780374602390""",0,"Farrar, Straus and Giroux",Hardcover,371,2021,1971,,2022/10/31,to-read,to-read (#730),to-read,,,,0,0
51283868,The Hole,Hiroko Oyamada,"Oyamada, Hiroko",David  Boyd,"=""0811228878""","=""9780811228879""",0,New Directions,Paperback,92,2020,2014,,2022/10/31,to-read,to-read (#729),to-read,,,,0,0
20647479,Trialogue: A Tale of More,Colin Wright,"Wright, Colin",,"=""1938793382""","=""9781938793387""",2.0,Asymmetrical Press,Kindle Edition,57,2014,2014,,2022/03/30,,,read,,,,1,0
54373691,"Tales from the Cafe (Before the Coffee Gets Cold, #2)",Toshikazu Kawaguchi,"Kawaguchi, Toshikazu",Geoffrey Trousselot,"=""1529050863""","=""9781529050868""",2.0,Picador,Paperback,192,2020,2017,2022/10/20,2022/10/04,,,read,,,,1,0
61126612,Alone With You in the Ether,Olivie Blake,"Blake, Olivie",,"=""1250888166""","=""9781250888167""",0,Tor Books,Hardcover,288,2022,2020,,2022/10/18,to-read,to-read (#728),to-read,,,,0,0
57945316,Babel,R.F. Kuang,"Kuang, R.F.",,"=""0063021420""","=""9780063021426""",2.0,Harper Voyager,Hardcover,544,2022,2022,2022/10/17,2022/07/27,,,read,,,,1,0
34449,The Makioka Sisters,Jun'ichirō Tanizaki,"Tanizaki, Jun'ichirō",Edward G. Seidensticker,"=""0679761640""","=""9780679761648""",0,Vintage,Paperback,530,1995,1948,,2022/10/16,to-read,to-read (#727),to-read,,,,0,0
28375,The Flight of Icarus,Raymond Queneau,"Queneau, Raymond",Barbara  Wright,"=""0811204839""","=""9780811204835""",0,New Directions,Paperback,191,1973,1968,,2022/10/16,to-read,to-read (#726),to-read,,,,0,0
62798,The Temple of the Golden Pavilion,Yukio Mishima,"Mishima, Yukio",Ivan Morris,"=""0679433155""","=""9780679433156""",0,Everyman's Library,Hardcover,247,1995,1956,,2022/10/16,to-read,to-read (#725),to-read,,,,0,0
5797,Vanity Fair,William Makepeace Thackeray,"Thackeray, William Makepeace",John Carey,"=""""","=""""",0,Penguin Books,Paperback,867,2003,1847,,2022/10/15,to-read,to-read (#724),to-read,,,,0,0
55654594,"Memento (The Illuminae Files, #0.5)",Amie Kaufman,"Kaufman, Amie",Jay Kristoff,"=""0593379411""","=""9780593379417""",0,Knopf Books for Young Readers,ebook,84,2020,2020,,2022/10/15,to-read,to-read (#723),to-read,,,,0,0
29236299,"Gemina (The Illuminae Files, #2)",Amie Kaufman,"Kaufman, Amie","Jay Kristoff, Marie Lu","=""0553499165""","=""9780553499162""",4.0,Knopf Books for Young Readers,Library Binding,659,2016,2016,2022/10/15,2022/09/04,,,read,,,,1,0
61133361,Sign Here,Claudia  Lux,"Lux, Claudia",,"=""0593545788""","=""9780593545782""",0,Berkley,Kindle Edition,412,2022,2022,,2022/10/15,to-read,to-read (#722),to-read,,,,0,0
56769575,Stiff: The Curious Lives of Human Cadavers,Mary Roach,"Roach, Mary",,"=""0393881725""","=""9780393881721""",0,W. W. Norton & Company,Paperback,320,2021,2003,,2022/10/15,to-read,to-read (#721),to-read,,,,0,0
60280284,"Before Your Memory Fades (Before the Coffee Gets Cold, #3)",Toshikazu Kawaguchi,"Kawaguchi, Toshikazu",,"=""133542928X""","=""9781335429285""",0,Hanover Square Press,Hardcover,320,2022,2018,,2022/10/15,to-read,to-read (#720),to-read,,,,0,0
93157,The Monk,Matthew Gregory Lewis,"Lewis, Matthew Gregory",,"=""0140436030""","=""9780140436037""",0,Penguin Classics,Paperback,385,1998,1796,,2022/10/13,to-read,to-read (#719),to-read,,,,0,0
24611819,"The Peripheral (Jackpot, #1)",William Gibson,"Gibson, William",,"=""0425276236""","=""9780425276235""",0,Berkley,Paperback,485,2015,2014,,2022/10/12,to-read,to-read (#718),to-read,,,,0,0
59785164,"Demon in the Wood (Grishaverse, #0)",Leigh Bardugo,"Bardugo, Leigh",Dani Pendergast,"=""1250624649""","=""9781250624642""",0,Roaring Brook Press,Hardcover,203,2022,2022,,2022/10/11,to-read,to-read (#717),to-read,,,,0,0
60604379,The Children on the Hill,Jennifer  McMahon,"McMahon, Jennifer",,"=""1982153962""","=""9781982153960""",0,Gallery/Scout Press,Paperback,352,2022,2022,,2022/10/10,to-read,to-read (#716),to-read,,,,0,0
60321051,The Gwendy Collection: Gwendy's Button Box / Gwendy's Magic Feather / Gwendy's Final Task,Stephen  King,"King, Stephen",Richard  Chizmar,"=""1668003724""","=""9781668003725""",0,Gallery Books,Paperback,688,2022,2022,,2022/10/10,to-read,to-read (#715),to-read,,,,0,0
62107410,Let the Right One In,John Ajvide Lindqvist,"Lindqvist, John Ajvide",,"=""1250902967""","=""9781250902962""",0,Griffin,Paperback,480,2022,2004,,2022/10/07,to-read,to-read (#714),to-read,,,,0,0
110457,Nadja,André Breton,"Breton, André",Richard Howard,"=""0802150268""","=""9780802150264""",3.0,Grove Press,Paperback,160,1994,1928,2022/10/04,2022/06/22,,,read,,,,1,0
34273236,Little Fires Everywhere,Celeste Ng,"Ng, Celeste",,"=""0735224293""","=""9780735224292""",0,Penguin Press,Hardcover,338,2017,2017,,2022/10/04,to-read,to-read (#713),to-read,,,,0,0
44421460,"Before the Coffee Gets Cold (Before the Coffee Gets Cold, #1)",Toshikazu Kawaguchi,"Kawaguchi, Toshikazu",Geoffrey Trousselot,"=""1529029589""","=""9781529029581""",3.0,Picador,Paperback,213,2019,2015,2022/10/04,2022/06/26,,,read,,,,1,0
91540,Kwaidan: Stories and Studies of Strange Things,Lafcadio Hearn,"Hearn, Lafcadio",,"=""0804836620""","=""9780804836623""",0,Tuttle Publishing,Paperback,256,2005,1904,,2022/10/03,to-read,to-read (#712),to-read,,,,0,0
45967,The Blind Owl,Sadegh Hedayat,"Hedayat, Sadegh",D.P. Costello,"=""0802131808""","=""9780802131805""",0,Grove Press,Paperback,148,1957,1937,,2022/10/03,to-read,to-read (#711),to-read,,,,0,0
2175,Madame Bovary,Gustave Flaubert,"Flaubert, Gustave","Mark Overstall, Malcolm Bowie, Margaret Mauldon","=""0192840398""","=""9780192840394""",0,Oxford University Press,Paperback,329,2004,1856,,2022/10/02,to-read,to-read (#710),to-read,,,,0,0
378,The Phantom Tollbooth,Norton Juster,"Juster, Norton","Jules Feiffer, Maurice Sendak","=""0394820371""","=""9780394820378""",5.0,Random House Bullseye Books,Paperback,256,1996,1961,2022/10/02,2022/09/20,,,read,,,,1,0
58491879,Glory,NoViolet Bulawayo,"Bulawayo, NoViolet",,"=""0525561137""","=""9780525561132""",0,Viking,Hardcover,416,2022,2022,,2022/10/01,to-read,to-read (#709),to-read,,,,0,0
58934632,Winterset Hollow,Jonathan Edward Durham,"Durham, Jonathan Edward",,"=""1625862083""","=""9781625862082""",0,Credo House Publishers,Paperback,274,2021,2021,,2022/10/01,to-read,to-read (#708),to-read,,,,0,0
60621178,"The Last Town (Wayward Pines, #3)",Blake Crouch,"Crouch, Blake",,"=""0593598504""","=""9780593598504""",0,Ballantine Books,Paperback,320,2022,2014,,2022/10/01,to-read,to-read (#707),to-read,,,,0,0
60621177,"Wayward (Wayward Pines, #2)",Blake Crouch,"Crouch, Blake",,"=""0593598482""","=""9780593598481""",0,Ballantine Books,Paperback,343,2022,2013,,2022/10/01,to-read,to-read (#706),to-read,,,,0,0
60456894,Malibu Rising,Taylor Jenkins Reid,"Reid, Taylor Jenkins",,"=""1524798673""","=""9781524798673""",0,Ballantine Books,Paperback,389,2022,2021,,2022/10/01,to-read,to-read (#705),to-read,,,,0,0
58293924,"Book of Night (Book of Night, #1)",Holly Black,"Black, Holly",,"=""1250812194""","=""9781250812193""",2.0,Tor Books,Hardcover,304,2022,2022,2022/09/30,2022/09/21,,,read,"This was one of those books I knew I had to read because if I didn’t I would always wonder how good it was— the premise sounded too good to ignore. But, it turned out to be like a hastily thrown together dish that was decent enough to keep me eating, but that wasn’t the meal I hoped it would be. Truly, Book Of Night has most (if not all) the ingredients of a great book, but there’s something about the way that it is put together that is just average and “blah”.  The poor execution of this story, one that has so much potential, is sure to leave  the reader with the hollow feeling of disappointment. ",,,1,0
816085,Harvest Home,Thomas Tryon,"Tryon, Thomas",,"=""0394485289""","=""9780394485287""",0,Alfred A. Knopf,Hardcover,401,1973,1973,,2022/09/30,to-read,to-read (#704),to-read,,,,0,0
58978299,The Devil Takes You Home,Gabino Iglesias,"Iglesias, Gabino",,"=""0316426911""","=""9780316426916""",0,Mulholland Books,Hardcover,320,2022,2022,,2022/09/30,to-read,to-read (#703),to-read,,,,0,0
60467282,The Making of Another Major Motion Picture Masterpiece: A novel,Tom Hanks,"Hanks, Tom",,"=""1984834029""","=""9781984834027""",0,Random House Audio,Audio CD,0,2023,2023,,2022/09/30,to-read,to-read (#702),to-read,,,,0,0
156538,North and South,Elizabeth Gaskell,"Gaskell, Elizabeth",,"=""0140620192""","=""9780140620191""",0,Penguin Books,Paperback,521,1994,1855,,2022/09/30,to-read,to-read (#701),to-read,,,,0,0
142492,Vile Bodies,Evelyn Waugh,"Waugh, Evelyn",,"=""0316926116""","=""9780316926119""",0,Back Bay Books,Paperback,322,1999,1930,,2022/09/30,to-read,to-read (#700),to-read,,,,0,0
3451948,"The Legend of Zelda: Ocarina of Time - Part 1 (Zelda, #1)",Akira Himekawa,"Himekawa, Akira",,"=""1421523272""","=""9781421523279""",5.0,VIZ Media - Children's,Paperback,200,2008,2000,2022/09/29,2022/09/29,,,read,,,,1,0
6656,The Divine Comedy: Inferno - Purgatorio - Paradiso,Dante Alighieri,"Alighieri, Dante","Allen Mandelbaum, Eugenio Montale, Peter Armour, Sandro Botticelli","=""0679433139""","=""9780679433132""",0,Everyman's Library,Hardcover,798,1995,1304,,2022/09/28,to-read,to-read (#699),to-read,,,,0,0
12914,The Aeneid,Virgil,"Virgil, Virgil",Robert Fitzgerald,"=""0679729526""","=""9780679729525""",0,Vintage,Paperback,442,1990,-19,,2022/09/28,to-read,to-read (#698),to-read,,,,0,0
1371,The Iliad,Homer,"Homer, Homer","Robert Fagles, Bernard Knox","=""0140275363""","=""9780140275360""",0,Penguin Classics,Paperback,614,1999,-750,,2022/09/28,to-read,to-read (#697),to-read,,,,0,0
59573299,Signal Fires,Dani Shapiro,"Shapiro, Dani",,"=""0593534727""","=""9780593534724""",0,Knopf,Hardcover,229,2022,2022,,2022/09/27,to-read,to-read (#696),to-read,,,,0,0
1857440,"John Dies at the End (John Dies at the End, #1)",David  Wong,"Wong, David",Jason Pargin,"=""0978970764""","=""9780978970765""",4.0,Permuted Press,Paperback,362,2007,2007,2022/09/26,2022/07/30,,,read,,,,1,0
3835,Don Quixote,Miguel de Cervantes Saavedra,"Saavedra, Miguel de Cervantes","Edith Grossman, Harold Bloom","=""0060934344""","=""9780060934347""",0,Ecco,Paperback,940,2005,1605,,2022/09/25,currently-reading,currently-reading (#1),currently-reading,,,,1,0
6514,The Bell Jar,Sylvia Plath,"Plath, Sylvia",,"=""""","=""""",4.0,Harper Perennial Modern Classics,Paperback,294,2006,1963,2022/09/22,2022/04/29,,,read,,,,1,0
39863515,An Anonymous Girl,Greer Hendricks,"Hendricks, Greer",Sarah Pekkanen,"=""1250133734""","=""9781250133731""",0,St. Martin's Press,Hardcover,375,2019,2019,,2022/09/22,to-read,to-read (#695),to-read,,,,0,0
38633526,"Vita Nostra (Vita Nostra, #1)",Marina Dyachenko,"Dyachenko, Marina","Sergey Dyachenko, Julia Meitov Hersey","=""0062694596""","=""9780062694591""",0,Harper Voyager,Hardcover,408,2018,2007,,2022/09/21,to-read,to-read (#694),to-read,,,,0,0
23019294,A Head Full of Ghosts,Paul Tremblay,"Tremblay, Paul",,"=""0062363239""","=""9780062363237""",0,William Morrow,Hardcover,287,2015,2015,,2022/09/21,to-read,to-read (#693),to-read,,,,0,0
51579220,Carrier Wave,Robert Brockway,"Brockway, Robert",,"=""""","=""""",0,Brockwar Press: The Fightin'est Press in the West,Kindle Edition,843,2020,2015,,2022/09/21,to-read,to-read (#692),to-read,,,,0,0
99561,Looking for Alaska,John  Green,"Green, John",,"=""1435249151""","=""9781435249158""",0,Speak,Paperback,221,2006,2005,,2022/09/21,to-read,to-read (#691),to-read,,,,0,0
11870085,The Fault in Our Stars,John  Green,"Green, John",,"=""""","=""""",0,Dutton Books,Hardcover,313,2012,2012,,2022/09/21,to-read,to-read (#690),to-read,,,,0,0
144800,The Raw Shark Texts,Steven  Hall,"Hall, Steven",,"=""1841959111""","=""9781841959115""",3.0,Canongate U.S.,Hardcover,427,2007,2007,2022/09/19,2022/07/11,,,read,,,,1,0
3985,The Amazing Adventures of Kavalier & Clay,Michael Chabon,"Chabon, Michael",,"=""0312282990""","=""9780312282998""",0,Picador USA,Paperback,639,2001,2000,,2022/09/19,to-read,to-read (#689),to-read,,,,0,0
19534,The Brothers K,David James Duncan,"Duncan, David James",,"=""055337849X""","=""9780553378498""",0,Dial Press Trade Paperback,Paperback,645,1996,1992,,2022/09/19,to-read,to-read (#688),to-read,,,,0,0
41447687,Radicalized,Cory Doctorow,"Doctorow, Cory",,"=""1789541093""","=""9781789541090""",0,Head of Zeus,Hardcover,304,2019,2019,,2022/09/19,to-read,to-read (#687),to-read,,,,0,0
41085118,Unauthorized Bread,Cory Doctorow,"Doctorow, Cory",,"=""1250220076""","=""9781250220073""",0,Tor Books,Paperback,112,2019,2019,,2022/09/19,to-read,to-read (#686),to-read,,,,0,0
40597810,Daisy Jones & The Six,Taylor Jenkins Reid,"Reid, Taylor Jenkins",,"=""1524798622""","=""9781524798628""",3.0,Ballantine Books,Hardcover,368,2019,2019,2022/09/18,2022/09/14,,,read,,,,1,0
50392746,Daisy Jones & The Six,Taylor Jenkins Reid,"Reid, Taylor Jenkins",,"=""1524798649""","=""9781524798642""",0,Ballantine Books,Paperback,367,2020,2019,,2022/09/14,to-read,to-read (#685),to-read,,,,0,0
60430268,Sugar Street,Jonathan  Dee,"Dee, Jonathan",,"=""080216000X""","=""9780802160003""",0,Grove Press,Hardcover,208,2022,2022,,2022/09/13,to-read,to-read (#684),to-read,,,,0,0
34066798,A Gentleman in Moscow,Amor Towles,"Towles, Amor",,"=""""","=""""",5.0,Penguin Books,Paperback,495,2019,2016,2022/09/13,2022/01/20,20-before-20,20-before-20 (#10),read,,,,1,0
146548,4.48 Psychosis,Sarah Kane,"Kane, Sarah",,"=""0413748308""","=""9780413748300""",2.0,Methuen Drama,Paperback,48,2000,2000,2022/09/12,2022/08/02,,,read,,,,1,0
23398763,Everything I Never Told You,Celeste Ng,"Ng, Celeste",,"=""0143127551""","=""9780143127550""",0,Penguin Books,Paperback,336,2015,2014,,2022/09/12,to-read,to-read (#683),to-read,,,,0,0
58696,David Copperfield,Charles Dickens,"Dickens, Charles","Edward Killoran Brown, Jeremy Tambling, Phiz","=""""","=""""",0,Penguin ,Paperback,882,2004,1850,,2022/09/11,to-read,to-read (#682),to-read,,,,0,0
79653,Tristram Shandy; and A Sentimental Journey,Laurence Sterne,"Sterne, Laurence",,"=""0679600914""","=""9780679600916""",0,Modern Library,Hardcover,832,1995,1941,,2022/09/11,to-read,to-read (#681),to-read,,,,0,0
61101658,The Storied Life of A.J. Fikry,Gabrielle Zevin,"Zevin, Gabrielle",,"=""1643753614""","=""9781643753614""",0,Algonquin Books,Paperback,288,2022,2014,,2022/09/10,to-read,to-read (#680),to-read,,,,0,0
29906980,Lincoln in the Bardo,George Saunders,"Saunders, George",,"=""0812995341""","=""9780812995343""",1.0,Random House,Hardcover,368,2017,2017,2022/09/09,2022/07/23,,,read,"Hour one: This seems promising, an interesting juxtaposition of real quotes and fictional narrative.<br/>Hour two: How many more characters are going to be introduced?<br/>Hour three: okay, officially feeling lost, but I’m sure it’s going to click any time now.<br/>Hour four: what the hell is going on?!<br/>Hour five: how many more ghost penises are we going to hear about?<br/>Hour six: I’ve lost all hope this is going to get good or make any sense.<br/>Hour seven: Please, for the love of all that is holy make it stop, please please spare me. I will never get these hours of my life back. ",,,1,0
62774,The Gate,Natsume Sōseki,"Sōseki, Natsume","Francis Mathy, Damian Flanagan","=""0720612500""","=""9780720612509""",0,Peter Owen Publishers,Paperback,213,2005,1910,,2022/09/08,to-read,to-read (#679),to-read,,,,0,0
34462,Naomi,Jun'ichirō Tanizaki,"Tanizaki, Jun'ichirō",Anthony H. Chambers,"=""0375724745""","=""9780375724749""",0,Vintage,Paperback,237,2001,1924,,2022/09/08,to-read,to-read (#678),to-read,,,,0,0
53256108,All's Well,Mona Awad,"Awad, Mona",,"=""""","=""""",0,Simon & Schuster,Hardcover,352,2021,2021,,2022/09/07,to-read,to-read (#677),to-read,,,,0,0
42815544,"Bunny (Bunny, #1)",Mona Awad,"Awad, Mona",,"=""0525559736""","=""9780525559733""",4.0,Viking,Hardcover,307,2019,2019,2022/09/07,2022/08/20,,,read,"<i>Bunny</i> is so many things all at once— brash, beautiful, unapologetic, hilarious, ironic, and bizarre. But most of all, it is a fresh take on dark academia. Awad successfully puts the reader in the palm of her hand by making them constantly question what is happening, why, and what will happen next. Even though the plot is dizzying, you can’t help but enjoy the ride and appreciate the beautiful, clever prose  you encounter along the way.",,,1,0
57539677,Case Study,Graeme Macrae Burnet,"Burnet, Graeme Macrae",,"=""1913393194""","=""9781913393199""",0,Saraband,Hardcover,278,2021,2021,,2022/09/07,to-read,to-read (#676),to-read,,,,0,0
59808588,Toad,Katherine Dunn,"Dunn, Katherine",Molly Crabapple,"=""0374602328""","=""9780374602321""",0,MCD,Hardcover,352,2022,2022,,2022/09/07,to-read,to-read (#675),to-read,,,,0,0
252,"Sexus (The Rosy Crucifixion, #1)",Henry Miller,"Miller, Henry",,"=""0802151809""","=""9780802151803""",0,Grove Press,Paperback,506,1994,1949,,2022/09/06,to-read,to-read (#674),to-read,,,,0,0
55836522,Maxwell's Demon,Steven  Hall,"Hall, Steven",,"=""0802149200""","=""9780802149206""",0,Grove Press,Hardcover,352,2021,2021,,2022/09/05,to-read,to-read (#673),to-read,,,,0,0
320,One Hundred Years of Solitude,Gabriel García Márquez,"Márquez, Gabriel García",Gregory Rabassa,"=""""","=""""",0,Harper,Mass Market Paperback,417,2003,1967,,2022/09/05,to-read,to-read (#672),to-read,,,,0,0
29633724,The Humans,Stephen Karam,"Karam, Stephen",Samuel G. Freedman,"=""1559365420""","=""9781559365420""",0,Theatre Communications Group,Paperback,168,2016,2015,,2022/09/05,to-read,to-read (#671),to-read,,,,0,0
96530,The Caretaker,Harold Pinter,"Pinter, Harold",,"=""0822201844""","=""9780822201847""",3.0,Dramatist's Play Service,Paperback,43,1962,1960,2022/09/05,2022/08/04,,,read,,,,1,0
23395680,"Illuminae (The Illuminae Files, #1)",Amie Kaufman,"Kaufman, Amie",Jay Kristoff,"=""0553499114""","=""9780553499117""",4.0,Knopf Books for Young Readers,Hardcover,608,2015,2015,2022/09/04,2022/08/16,,,read,"4.25– A wild ride, and one that was a bit disorienting at first due to its dizzying line up of characters and space ships. Once you get your bearings though, <i>Illuminae</i> becomes an fast-paced, immersive experience that combines the best of sci-fi, zombies, and even adds a touch of romance. Frequently cited as a novel that must be read in its physical format, <i>Illuminae</i> doesn’t disappoint with its illustrations, and innovative text formatting that put the story over the top. Plus, the book adds the icing on the cake with the poetic and philosophical musings of an artificially intelligent spaceship navigation system. *chef’s kiss*",,,1,0
1130209,Timaeus,Plato,"Plato, Plato",Donald J. Zeyl,"=""0872204464""","=""9780872204461""",0,Hackett Publishing Company,Paperback,112,2000,-360,,2022/09/04,to-read,to-read (#670),to-read,,,,0,0
59816829,Small Pleasures,Clare Chambers,"Chambers, Clare",,"=""0063090996""","=""9780063090996""",0,Mariner Books,Paperback,368,2022,2021,,2022/09/04,to-read,to-read (#669),to-read,,,,0,0
68428,"Mistborn: The Final Empire (Mistborn, #1)",Brandon Sanderson,"Sanderson, Brandon",,"=""""","=""9780765311788""",0,Tor Books,Hardcover,541,2006,2006,,2021/11/07,to-read,to-read (#668),to-read,,,,0,0
162332,The Sailor Who Fell from Grace with the Sea,Yukio Mishima,"Mishima, Yukio",John Nathan,"=""""","=""""",0,Vintage,Paperback,181,1994,1963,,2022/09/04,to-read,to-read (#667),to-read,,,,0,0
1156110,Micromegas,Voltaire,"Voltaire, Voltaire",Theo Cuff,"=""0140389024""","=""9780140389029""",3.0,Penguin Classics,Mass Market Paperback,38,1995,1752,2022/09/04,2022/08/28,,,read,,,,1,0
59838811,Upgrade,Blake Crouch,"Crouch, Blake",,"=""0593157532""","=""9780593157534""",3.0,Ballantine Books,Hardcover,352,2022,2022,2022/09/03,2022/02/01,,,read,"With <i>Upgrade</i>, Crouch executes a well-paced story while delving into many interesting aspects of genetics. However, the hardest hitting aspects of the novel clearly aren’t the suspense or character development, but rather the ethical implications of gene editing for the human race.  Even so, it feels like the gene tech itself could have played a more mind-blowing role that it did in this story. In the end, Crouch’s insight into human nature is by far the most memorable aspect of <i>Upgrade</i>.",,,1,0
53835,The Age of Innocence,Edith Wharton,"Wharton, Edith",Maureen Howard,"=""159308143X""","=""9781593081430""",0,Barnes & Noble Classics,Paperback,293,2004,1920,,2022/09/03,to-read,to-read (#666),to-read,,,,0,0
17728,The House of Mirth,Edith Wharton,"Wharton, Edith",Nina Bawden,"=""1844082938""","=""9781844082933""",0,Virago UK,Paperback,351,2006,1905,,2022/09/03,to-read,to-read (#665),to-read,,,,0,0
2305,The Ghost Stories of Edith Wharton,Edith Wharton,"Wharton, Edith",Laszlo Kubinyi,"=""0684842572""","=""9780684842578""",0,Scribner,Paperback,303,1997,1934,,2022/09/03,to-read,to-read (#664),to-read,,,,0,0
258079,The Go-Between,L.P. Hartley,"Hartley, L.P.",Colm Tóibín,"=""0940322994""","=""9780940322998""",0,New York Review of Books,Paperback,326,2002,1953,,2022/09/03,to-read,to-read (#663),to-read,,,,0,0
64341,The Metamorphosis of Prime Intellect,Roger    Williams,"Williams, Roger",,"=""1411602196""","=""9781411602199""",0,Lulu.com,Paperback,175,2003,2006,,2022/09/02,to-read,to-read (#662),to-read,,,,0,0
52373510,Gone to See the River Man,Kristopher Triana,"Triana, Kristopher",,"=""""","=""""",0,Cemetery Dance Publications,Kindle Edition,182,2020,2020,,2022/09/02,to-read,to-read (#661),to-read,,,,0,0
1647985,The Watcher,Charles   Maclean,"Maclean, Charles",,"=""0140070850""","=""9780140070859""",0,Penguin Books,Paperback,343,1984,1982,,2022/09/02,to-read,to-read (#660),to-read,,,,0,0
567678,The Wasp Factory,Iain Banks,"Banks, Iain",,"=""""","=""""",0,Simon & Schuster (NYC),Paperback,184,1998,1984,,2022/09/02,to-read,to-read (#659),to-read,,,,0,0
6962917,The Resurrectionist,Wrath James White,"White, Wrath James",,"=""0843963123""","=""9780843963120""",0,Leisure Books,Paperback,324,2009,2009,,2022/09/02,to-read,to-read (#658),to-read,,,,0,0
323208,The Restraint of Beasts,Magnus Mills,"Mills, Magnus",,"=""0684865114""","=""9780684865119""",0,Touchstone,Paperback,224,1999,1998,,2022/09/02,to-read,to-read (#657),to-read,,,,0,0
28958508,The Notebook Trilogy,Ágota Kristóf,"Kristóf, Ágota",,"=""1925240894""","=""9781925240894""",0,Text Publishing ,Paperback,480,2016,1991,,2022/09/02,to-read,to-read (#656),to-read,,,,0,0
330077,The Maimed,Hermann Ungar,"Ungar, Hermann","Pavel Růt, Kevin Blahut","=""8086264130""","=""9788086264134""",0,Twisted Spoon Press,Paperback,220,2002,1922,,2022/09/02,to-read,to-read (#655),to-read,,,,0,0
70240,The Atrocity Exhibition,J.G. Ballard,"Ballard, J.G.","Phoebe Gloeckner, Ana Barrado, V. Vale, Andrea Juno, William S. Burroughs","=""1889307033""","=""9781889307039""",0,Re/Search Publications,Paperback,130,1990,1969,,2022/09/02,to-read,to-read (#654),to-read,,,,0,0
17225311,Tampa,Alissa Nutting,"Nutting, Alissa",,"=""0062280562""","=""9780062280565""",0,Ecco,Kindle Edition,266,2013,2013,,2022/09/02,to-read,to-read (#653),to-read,,,,0,0
18877989,People Who Eat Darkness: The True Story of a Young Woman Who Vanished from the Streets of Tokyo—and the Evil That Swallowed Her Up,Richard Lloyd Parry,"Parry, Richard Lloyd",,"=""1466820020""","=""9781466820029""",0,FSG Originals,Kindle Edition,465,2012,2010,,2022/09/02,to-read,to-read (#652),to-read,,,,0,0
38180,On the Beach,Nevil Shute,"Shute, Nevil",,"=""""","=""""",0,House of Stratus Ltd,Paperback,296,2002,1957,,2022/09/02,to-read,to-read (#651),to-read,,,,0,0
7437,Naked Lunch: The Restored Text,William S. Burroughs,"Burroughs, William S.","James Grauerholz, Barry Miles","=""0802140181""","=""9780802140180""",0,Grove Press,Paperback,289,2004,1959,,2022/09/02,to-read,to-read (#650),to-read,,,,0,0
135836,"Trainspotting (Mark Renton, #2)",Irvine Welsh,"Welsh, Irvine",,"=""0099465892""","=""9780099465898""",0,Vintage,Paperback,431,1994,1993,,2022/09/02,to-read,to-read (#649),to-read,,,,0,0
23961,Marabou Stork Nightmares,Irvine Welsh,"Welsh, Irvine",,"=""0393315630""","=""9780393315639""",0,W. W. Norton & Company,Paperback,280,1997,1997,,2022/09/02,to-read,to-read (#648),to-read,,,,0,0
157685,Les Chants de Maldoror,Comte de Lautréamont,"Lautréamont, Comte de","Guy Wernham, Nataliya Mavlevich","=""0811200825""","=""9780811200820""",0,New Directions,Paperback,342,1965,1869,,2022/09/02,to-read,to-read (#647),to-read,,,,0,0
123656,The Book of Lies,Aleister Crowley,"Crowley, Aleister",,"=""0877285160""","=""9780877285168""",0,Samuel Weiser,Paperback,196,2010,1913,,2022/09/02,to-read,to-read (#646),to-read,,,,0,0
17810,In the Miso Soup,Ryū Murakami,"Murakami, Ryū",Ralph McCarthy,"=""014303569X""","=""9780143035695""",0,Penguin,Paperback,217,2006,1997,,2022/09/02,to-read,to-read (#645),to-read,,,,0,0
15320,Exquisite Corpse,Poppy Z. Brite,"Brite, Poppy Z.",,"=""0684836270""","=""9780684836270""",0,Gallery Books,Paperback,240,1997,1996,,2022/09/02,to-read,to-read (#644),to-read,,,,0,0
147590,Endless Night,Richard Laymon,"Laymon, Richard",,"=""0843951842""","=""9780843951844""",0,Dorchester Pub Co Inc,Paperback,471,2004,1993,,2022/09/02,to-read,to-read (#643),to-read,,,,0,0
12014,Complicity,Iain Banks,"Banks, Iain",,"=""0349105715""","=""9780349105710""",0,Abacus,Paperback,313,2003,1993,,2022/09/02,to-read,to-read (#642),to-read,,,,0,0
764347,"Unwind (Unwind, #1)",Neal Shusterman,"Shusterman, Neal",,"=""""","=""""",0,Simon & Schuster Books for Young Readers,Hardcover,337,2007,2007,,2022/09/01,to-read,to-read (#641),to-read,,,,0,0
25562497,My Eyes Are Black Holes,Logan Ryan Smith,"Smith, Logan Ryan",,"=""1512016616""","=""9781512016611""",0,Transmission Press,Paperback,178,2015,2015,,2022/09/01,to-read,to-read (#640),to-read,,,,0,0
168499,A Season in Hell,Arthur Rimbaud,"Rimbaud, Arthur","Paul Schmidt, Robert Mapplethorpe","=""0821224581""","=""9780821224588""",0,Bulfinch,Hardcover,95,1998,1873,,2022/09/01,to-read,to-read (#638),to-read,,,,0,0
153025,Heart-Shaped Box,Joe  Hill,"Hill, Joe",,"=""0061147931""","=""9780061147937""",0,William Morrow,Hardcover,376,2007,2007,,2022/09/01,to-read,to-read (#637),to-read,,,,0,0
943402,Let the Right One In,John Ajvide Lindqvist,"Lindqvist, John Ajvide",,"=""1847241697""","=""9781847241696""",0,Quercus,Hardcover,513,2007,2004,,2022/09/01,to-read,to-read (#636),to-read,,,,0,0
36236125,Invisible Monsters,Chuck Palahniuk,"Palahniuk, Chuck",,"=""0393355950""","=""9780393355956""",0,W. W. Norton & Company,Paperback,304,2018,1999,,2022/09/01,to-read,to-read (#635),to-read,,,,0,0
49110165,Sorrow and Bliss,Meg Mason,"Mason, Meg",,"=""""","=""""",0,4th Estate - AU,Paperback,352,2021,2020,,2022/09/01,to-read,to-read (#634),to-read,,,,0,0
48595115,Leonard and Hungry Paul,Ronan Hession,"Hession, Ronan",,"=""161219849X""","=""9781612198491""",0,Melville House,Kindle Edition,252,2020,2019,,2022/09/01,to-read,to-read (#633),to-read,,,,0,0
55410610,Panenka,Ronan Hession,"Hession, Ronan",,"=""1910422673""","=""9781910422670""",0,Bluemoose ,Hardcover,164,2021,2021,,2022/09/01,to-read,to-read (#632),to-read,,,,0,0
60621176,"Pines (Wayward Pines, #1)",Blake Crouch,"Crouch, Blake",,"=""0593598326""","=""9780593598320""",0,Ballantine Books,Paperback,300,2022,2012,,2022/09/01,to-read,to-read (#631),to-read,,,,0,0
7173336,The Mountain Between Us,Charles Martin,"Martin, Charles",,"=""0767927001""","=""9780767927000""",2.0,Broadway Books,Hardcover,326,2010,2010,2022/08/29,2022/08/28,,,read,"In <i>The Mountain Between Us</i>, any suspense related to whether or not the protagonists survive is overshadowed by the entertaining banter between them and inner monologues of quieter moments.  Some of this novel's cheesier moments may make you gag, and the plot may be a bit predictable, but there are still some gems of wisdom to be found in the character's backstories and how they affect each other while facing the prospect of death together.",,,1,0
60165381,This Is What It Sounds Like: What the Music You Love Says About You,Susan Rogers,"Rogers, Susan",Ogi Ogas,"=""0393541258""","=""9780393541250""",0,W. W. Norton & Company,Hardcover,288,2022,2022,,2022/08/30,to-read,to-read (#630),to-read,,,,0,0
8779896,The Monkey's Paw,W.W. Jacobs,"Jacobs, W.W.",,"=""1583419195""","=""9781583419199""",4.0,Creative Educ,Library Binding,32,2010,1902,,2022/07/31,,,read,,,,1,0
104627,Krapp's Last Tape & Embers,Samuel Beckett,"Beckett, Samuel",,"=""0571062091""","=""9780571062096""",0,Faber & Faber,Paperback,48,1998,1958,,2022/08/28,to-read,to-read (#629),to-read,,,,0,0
78457,The Unnamable,Samuel Beckett,"Beckett, Samuel",,"=""039417030X""","=""9780394170305""",0,Grove Press,Paperback,186,1978,1953,,2022/08/28,to-read,to-read (#628),to-read,,,,0,0
104613,Watt,Samuel Beckett,"Beckett, Samuel",,"=""0714506109""","=""9780714506104""",0,Riverrun Press,Paperback,256,1976,1953,,2022/08/28,to-read,to-read (#627),to-read,,,,0,0
54042,Malone Dies,Samuel Beckett,"Beckett, Samuel",,"=""0802151175""","=""9780802151179""",0,Grove Pr,Paperback,127,1978,1951,,2022/08/28,to-read,to-read (#626),to-read,,,,0,0
333314,Murphy,Samuel Beckett,"Beckett, Samuel",,"=""0802150373""","=""9780802150370""",0,Grove Press,Paperback,288,1994,1938,,2022/08/28,to-read,to-read (#625),to-read,,,,0,0
104608,Happy Days,Samuel Beckett,"Beckett, Samuel",,"=""0571066534""","=""9780571066537""",0,Faber Paperbacks,Paperback,48,1987,1961,,2022/08/28,to-read,to-read (#624),to-read,,,,0,0
446542,Molloy,Samuel Beckett,"Beckett, Samuel",Patrick Bowles,"=""0802151361""","=""9780802151360""",0,Grove Press,Hardcover,241,1955,1951,,2022/08/28,to-read,to-read (#623),to-read,,,,0,0
17620753,Fox 8,George Saunders,"Saunders, George",,"=""0812995325""","=""9780812995329""",5.0,Random House,ebook,21,2013,2013,2022/08/28,2022/07/23,,,read,,,,1,0
261240,The Cask of Amontillado,Edgar Allan Poe,"Poe, Edgar Allan",,"=""1594561869""","=""9781594561863""",3.0,BookSurge,Paperback,24,2009,1846,,2022/07/31,,,read,,,,1,0
42983724,Drive Your Plow Over the Bones of the Dead,Olga Tokarczuk,"Tokarczuk, Olga",Antonia Lloyd-Jones,"=""0525541330""","=""9780525541332""",0,Riverhead Books,Hardcover,274,2019,2009,,2022/08/28,to-read,to-read (#622),to-read,,,,0,0
6434561,Men without Women,Ernest Hemingway,"Hemingway, Ernest",,"=""""","=""9780099909309""",0,Arrow Books,Paperback,132,2004,1927,,2022/08/28,to-read,to-read (#621),to-read,,,,0,0
13239950,Hills Like White Elephants,Ernest Hemingway,"Hemingway, Ernest",,"=""""","=""""",2.0,,Paperback,6,1927,1927,,2022/07/31,,,read,,,,1,0
144634,The Floating Opera,John Barth,"Barth, John",,"=""0553201778""","=""9780553201772""",0,Bantam Doubleday Dell,Mass Market Paperback,240,1979,1956,,2022/08/28,to-read,to-read (#620),to-read,,,,0,0
249,Tropic of Cancer,Henry Miller,"Miller, Henry",Anaïs Nin,"=""0802131786""","=""9780802131782""",0,Grove Press,Paperback,352,1994,1934,,2022/08/28,to-read,to-read (#619),to-read,,,,0,0
59415,Terra Nostra (Latin American Literature),Carlos Fuentes,"Fuentes, Carlos","Margaret Sayers Peden, Milan Kundera, Jorge Volpi","=""1564782875""","=""9781564782878""",0,Dalkey Archive Press,Paperback,785,2003,1975,,2022/08/28,to-read,to-read (#618),to-read,,,,0,0
49083140,Boy Parts,Eliza  Clark,"Clark, Eliza",,"=""1910312649""","=""9781910312643""",0,Influx Press,ebook,304,2020,2020,,2022/08/27,to-read,to-read (#617),to-read,,,,0,0
45289222,Writers & Lovers,Lily King,"King, Lily",,"=""""","=""""",0,Grove Press,Hardcover,320,2020,2020,,2022/08/27,to-read,to-read (#616),to-read,,,,0,0
50623864,The Invisible Life of Addie LaRue,V.E. Schwab,"Schwab, V.E.",Victoria Schwab,"=""0765387565""","=""9780765387561""",3.0,Tor Books,Hardcover,448,2020,2020,2022/08/27,2021/09/02,,,read,"3.5-- There's no denying that when <i>The Invisible Life of Addie LaRue</i> is good, it's <b>good</b>.  There are compelling characters, sharp dialogue, and beautiful imagery. But, I found that in the several instances that it was lacking, it dragged and annoyed-- there were several repetitive elements that came off as self-indulgent, and it was easy to get lost as to which setting and timeline were happening, to the point that the storyline shifts felt a bit superfluous.",,,1,0
117354,"How to Be a Hermit, or a Bachelor Keeps House",Will Cuppy,"Cuppy, Will",,"=""0871401444""","=""9780871401441""",0,W W Norton & Co Inc,Paperback,328,1987,1929,,2022/08/24,to-read,to-read (#615),to-read,,,,0,0
3617211,The Stars My Destination,Alfred Bester,"Bester, Alfred",,"=""053115050X""","=""9780531150504""",0,Franklin Watts,Paperback,197,1987,1956,,2022/08/24,to-read,to-read (#614),to-read,,,,0,0
59559145,Spells for Forgetting,Adrienne Young,"Young, Adrienne",,"=""0593358511""","=""9780593358511""",0,Delacorte Press,Hardcover,351,2022,2022,,2022/08/24,to-read,to-read (#613),to-read,,,,0,0
72085,Hojoki: Visions of a Torn World,Kamo no Chōmei,"Chōmei, Kamo no",Michael Hofmann,"=""1880656221""","=""9781880656228""",2.0,Stone Bridge Press,Paperback,96,1996,1212,,2022/08/22,,,read,,,,1,0
905459,Wolf Solent,John Cowper Powys,"Powys, John Cowper",,"=""0375703071""","=""9780375703072""",0,Knopf Doubleday Publishing Group,Paperback,640,1998,1929,,2022/08/22,to-read,to-read (#612),to-read,,,,0,0
158217,Journey by Moonlight,Antal Szerb,"Szerb, Antal",Len Rix,"=""1901285502""","=""9781901285505""",0,Pushkin Press,Paperback,299,2001,1937,,2022/08/22,to-read,to-read (#611),to-read,,,,0,0
1230315,The Complete Poems of Edwin Muir (ASLS Annual Volumes),Edwin Muir,"Muir, Edwin",,"=""0948877138""","=""9780948877131""",0,Association for Scottish Literary Studies,Hardcover,402,1991,1991,,2022/08/22,to-read,to-read (#610),to-read,,,,0,0
88077,The Magic Mountain,Thomas Mann,"Mann, Thomas",John E. Woods,"=""""","=""9780593688137""",0,Vintage,Kindle Edition,706,1996,1924,,2022/08/22,to-read,to-read (#609),to-read,,,,0,0
60353770,"The Fellowship of the Ring (The Lord of the Rings, #1)",J.R.R. Tolkien,"Tolkien, J.R.R.",,"=""0593500482""","=""9780593500484""",0,Del Rey,Mass Market Paperback,480,2022,1954,,2022/08/22,to-read,to-read (#608),to-read,,,,0,0
18866087,The Walking Dead #1,Robert Kirkman,"Kirkman, Robert",Tony Moore,"=""1106926714""","=""9781106926715""",3.0,Image - Skybound,Kindle Edition,33,2009,2003,2022/08/21,2022/08/21,,,read,,,,1,0
17694052,ワンパンマン 1 一撃 [One Punch Man 1: Ichigeki],ONE,"ONE, ONE","Yusuke Murata, 村田雄介","=""408870701X""","=""9784088707013""",4.0,集英社 [Shūeisha],Paperback,200,2012,2012,2022/08/21,2022/08/07,,,read,,,,1,0
32336635,The Enigma of Reason,Hugo Mercier,"Mercier, Hugo",Dan Sperber,"=""0674368304""","=""9780674368309""",0,Harvard University Press,Hardcover,384,2017,2017,,2022/08/20,to-read,to-read (#607),to-read,,,,0,0
18405,Gone with the Wind,Margaret Mitchell,"Mitchell, Margaret",,"=""0446365386""","=""9780446365383""",0,Warner Books,Mass Market Paperback,1037,1993,1936,,2022/08/20,to-read,to-read (#606),to-read,,,,0,0
6185,Wuthering Heights,Emily Brontë,"Brontë, Emily","Richard J. Dunn, Charlotte Brontë, John Bugg, Robert Heindel","=""""","=""""",0,Norton,Paperback,464,2002,1847,,2022/08/20,to-read,to-read (#605),to-read,,,,0,0
929,Memoirs of a Geisha,Arthur Golden,"Golden, Arthur",,"=""1400096898""","=""9781400096893""",0,Vintage Books USA,Mass Market Paperback,503,2005,1997,,2022/08/20,to-read,to-read (#604),to-read,,,,0,0
33574273,"A Wrinkle in Time (Time Quintet, #1)",Madeleine L'Engle,"L'Engle, Madeleine",,"=""1250153271""","=""9781250153272""",0,Square Fish,Paperback,218,2017,1962,,2022/08/20,to-read,to-read (#603),to-read,,,,0,0
10210,Jane Eyre,Charlotte Brontë,"Brontë, Charlotte",Michael Mason,"=""0142437204""","=""9780142437209""",0,Penguin,Paperback,532,2003,1847,,2022/08/20,to-read,to-read (#602),to-read,,,,0,0
5107,The Catcher in the Rye,J.D. Salinger,"Salinger, J.D.",,"=""0316769177""","=""9780316769174""",4.0,Back Bay Books,Paperback,277,2001,1951,2022/08/20,2022/01/11,,,read,,,,1,0
35394973,The Mad Patagonian,Javier Pedro Zabala,"Zabala, Javier Pedro","Tomás García Guerrero, Peter Damian Bellis","=""0965475670""","=""9780965475679""",0,River Boat Books,Paperback,1268,2018,,,2022/08/17,to-read,to-read (#601),to-read,,,,0,0
59807968,Leech,Hiron Ennes,"Ennes, Hiron",,"=""125081118X""","=""9781250811189""",0,Tor Books,Hardcover,323,2022,2022,,2022/08/16,to-read,to-read (#600),to-read,,,,0,0
41952241,"Goodbye, Again: Essays, Reflections, and Illustrations",Jonny Sun,"Sun, Jonny",,"=""0062880853""","=""9780062880857""",0,Harper Perennial,Hardcover,224,2021,2021,,2022/08/16,to-read,to-read (#599),to-read,,,,0,0
33503495,No Time To Spare: Thinking About What Matters,Ursula K. Le Guin,"Guin, Ursula K. Le",Karen Joy Fowler,"=""1328661598""","=""9781328661593""",0,Harper,Hardcover,215,2017,2017,,2022/08/16,to-read,to-read (#598),to-read,,,,0,0
35642245,Feel Free,Zadie Smith,"Smith, Zadie",,"=""1594206252""","=""9781594206252""",0,Penguin Press,Hardcover,452,2018,2018,,2022/08/16,to-read,to-read (#597),to-read,,,,0,0
43126457,Trick Mirror: Reflections on Self-Delusion,Jia Tolentino,"Tolentino, Jia",,"=""0525510540""","=""9780525510543""",0,Random House,Hardcover,303,2019,2019,,2022/08/16,to-read,to-read (#596),to-read,,,,0,0
60385658,Exiles (Exiles #1),Ashley Saunders,"Saunders, Ashley",Leslie Saunders,"=""1542033977""","=""9781542033978""",0,47North,Kindle Edition,267,2022,2022,,2022/08/16,to-read,to-read (#595),to-read,,,,0,0
58662507,"Nona the Ninth (The Locked Tomb, #3)",Tamsyn Muir,"Muir, Tamsyn",,"=""1250854113""","=""9781250854117""",0,Tordotcom,Hardcover,480,2022,2022,,2022/08/16,to-read,to-read (#594),to-read,,,,0,0
60382889,"Malice House (Malice Compendium, #1)",Megan Shepherd,"Shepherd, Megan",,"=""1368089283""","=""9781368089289""",0,Hyperion Avenue,Hardcover,384,2022,2022,,2022/08/16,to-read,to-read (#593),to-read,,,,0,0
59358268,Sign Here,Claudia  Lux,"Lux, Claudia",,"=""0593545761""","=""9780593545768""",0,Berkley,Hardcover,416,2022,2022,,2022/08/16,to-read,to-read (#592),to-read,,,,0,0
60097451,Motherthing,Ainslie Hogarth,"Hogarth, Ainslie",,"=""0593467027""","=""9780593467022""",0,Vintage,Paperback,288,2022,2022,,2022/08/16,to-read,to-read (#591),to-read,,,,0,0
54025856,Graveneye,Sloane Leong,"Leong, Sloane",Anna Bowles,"=""1952203171""","=""9781952203176""",0,"TKO Studios, LLC.",Paperback,178,2021,2021,,2022/08/16,to-read,to-read (#590),to-read,,,,0,0
60310692,Sweet Land of Liberty: A History of America in 11 Pies,Rossi Anastopoulo,"Anastopoulo, Rossi",,"=""1419754874""","=""9781419754876""",0,Harry N. Abrams,Hardcover,336,2022,,,2022/08/16,to-read,to-read (#589),to-read,,,,0,0
60320817,"Star Wars Everyday: A Year of Activities, Recipes, and Crafts from a Galaxy Far, Far Away (Star Wars books for families, Star Wars party)",Ashley Eckstein,"Eckstein, Ashley","Kelly Knox, Elena P. Craig","=""1647226244""","=""9781647226244""",0,Insight Editions,Hardcover,192,2022,,,2022/08/16,to-read,to-read (#588),to-read,,,,0,0
60316996,Bliss on Toast: 75 Simple Recipes,Prue Leith,"Leith, Prue",,"=""1639730710""","=""9781639730711""",0,Bloomsbury Publishing,Hardcover,192,2022,,,2022/08/16,to-read,to-read (#587),to-read,,,,0,0
32874746,If We Were Villains,M.L. Rio,"Rio, M.L.",,"=""""","=""""",0,Flatiron Books,ebook,370,2017,2017,,2022/08/16,to-read,to-read (#586),to-read,,,,0,0
59856020,The Sentence,Louise Erdrich,"Erdrich, Louise",,"=""0062671138""","=""9780062671134""",0,Harper Perennial,Paperback,386,2022,2021,,2022/08/15,to-read,to-read (#585),to-read,,,,0,0
58687813,Heartbroke,Chelsea Bieker,"Bieker, Chelsea",,"=""1646221273""","=""9781646221271""",0,Catapult,Hardcover,288,2022,2022,,2022/08/14,to-read,to-read (#584),to-read,,,,0,0
58438631,Mouth to Mouth,Antoine Wilson,"Wilson, Antoine",,"=""198218180X""","=""9781982181802""",0,Avid Reader Press / Simon & Schuster,Hardcover,179,2022,2022,,2022/08/14,to-read,to-read (#583),to-read,,,,0,0
53208061,Never Have I Ever,Isabel Yap,"Yap, Isabel",,"=""1618731823""","=""9781618731821""",0,Small Beer Press,Paperback,297,2021,2021,,2022/08/14,to-read,to-read (#582),to-read,,,,0,0
55782435,The Book of Accidents,Chuck Wendig,"Wendig, Chuck",,"=""0399182136""","=""9780399182136""",0,Del Rey,Hardcover,530,2021,2021,,2022/08/14,to-read,to-read (#581),to-read,,,,0,0
53387949,The Burning Girls,C.J. Tudor,"Tudor, C.J.",,"=""198482502X""","=""9781984825025""",0,Ballantine Books,Hardcover,333,2021,2021,,2022/08/14,to-read,to-read (#580),to-read,,,,0,0
54621094,The Last House on Needless Street,Catriona Ward,"Ward, Catriona",,"=""1788166167""","=""9781788166164""",0,Viper,Hardcover,337,2021,2021,,2022/08/14,to-read,to-read (#579),to-read,,,,0,0
56015023,This Is Your Mind on Plants,Michael Pollan,"Pollan, Michael",,"=""0593296907""","=""9780593296905""",0,Penguin Press,Hardcover,288,2021,2021,,2022/08/14,to-read,to-read (#578),to-read,,,,0,0
853510,"Murder on the Orient Express (Hercule Poirot, #10)",Agatha Christie,"Christie, Agatha",,"=""0007119313""","=""9780007119318""",0,HarperCollins,Paperback,347,2007,1934,,2022/08/14,to-read,to-read (#577),to-read,,,,0,0
13356706,"The Fellowship of the Ring (The Lord of the Rings, #1)",J.R.R. Tolkien,"Tolkien, J.R.R.",,"=""0547928211""","=""9780547928210""",0,William Morrow Paperbacks,Paperback,407,2012,1954,,2022/08/14,to-read,to-read (#576),to-read,,,,0,0
9917996,'Salem's Lot,Stephen  King,"King, Stephen",,"=""""","=""""",0,Anchor,Mass Market Paperback,653,2011,1975,,2022/08/14,to-read,to-read (#575),to-read,,,,0,0
40940649,I Am Legend,Richard Matheson,"Matheson, Richard",,"=""0795315635""","=""9780795315633""",5.0, RosettaBooks ,Kindle Edition,101,2011,1954,2022/05/12,2021/09/02,"favorites, 20-before-20","favorites (#2), 20-before-20 (#9)",read,,,,1,0
50614,Citizen Vince,Jess Walter,"Walter, Jess",,"=""0060989297""","=""9780060989293""",0,Regan,Paperback,304,2006,2005,,2022/08/14,to-read,to-read (#574),to-read,,,,0,0
331332,Religion and Nothingness (Nanzan Studies in Religion and Culture) (Volume 1),Keiji Nishitani,"Nishitani, Keiji","Winston L. King, Jan Van Bragt","=""0520049462""","=""9780520049468""",0,University of California Press,Paperback,317,1983,1961,,2022/08/14,to-read,to-read (#573),to-read,,,,0,0
31795,The Story of Philosophy: The Lives and Opinions of the World's Greatest Philosophers,Will Durant,"Durant, Will",,"=""0671739166""","=""9780671739164""",0,Pocket Books,Paperback,704,1991,1926,,2022/08/13,to-read,to-read (#572),to-read,,,,0,0
1237398,"One Piece, Volume 1: Romance Dawn",Eiichiro Oda,"Oda, Eiichiro",,"=""1569319014""","=""9781569319017""",5.0,VIZ Media LLC,Paperback,207,2003,1997,2022/08/13,2022/03/23,,,read,,,,1,0
17349,The Demon-Haunted World: Science as a Candle in the Dark,Carl Sagan,"Sagan, Carl",Ann Druyan,"=""0345409469""","=""9780345409461""",0,Ballantine Books,Paperback,459,1997,1995,,2022/08/12,to-read,to-read (#571),to-read,,,,0,0
59221892,Groupies,Sarah Priscus,"Priscus, Sarah",,"=""0063218038""","=""9780063218031""",0,William Morrow,Kindle Edition,384,2022,2022,,2022/08/12,to-read,to-read (#570),to-read,,,,0,0
179780,"The Exorcist (The Exorcist, #1)",William Peter Blatty,"Blatty, William Peter",,"=""""","=""""",0,HarperTorch,Mass Market Paperback,385,1994,1971,,2022/08/11,to-read,to-read (#569),to-read,,,,0,0
6587879,Horns,Joe  Hill,"Hill, Joe",,"=""0061147958""","=""9780061147951""",0,William Morrow,Hardcover,370,2010,2010,,2022/08/11,to-read,to-read (#568),to-read,,,,0,0
33574090,"What the Hell Did I Just Read (John Dies at the End, #3)",David  Wong,"Wong, David",Jason Pargin,"=""1250040205""","=""9781250040206""",0,St. Martin's Press,Hardcover,375,2017,2017,,2022/08/11,to-read,to-read (#567),to-read,,,,0,0
12924261,"This Book Is Full of Spiders (John Dies at the End, #2)",David  Wong,"Wong, David",Jason Pargin,"=""0312546343""","=""9780312546342""",0,St. Martin’s Press,Hardcover,406,2012,2012,,2022/08/11,to-read,to-read (#566),to-read,,,,0,0
59808251,"If This Book Exists, You're in the Wrong Universe (John Dies at the End, #4)",Jason Pargin,"Pargin, Jason",,"=""1250195829""","=""9781250195821""",0,St. Martin's Press,Hardcover,432,2022,2022,,2022/08/11,to-read,to-read (#565),to-read,,,,0,0
52828,Don Juan,Molière,"Molière, Molière",Richard Wilbur,"=""015601310X""","=""9780156013109""",0,Ecco,Paperback,146,2001,1665,,2022/08/11,to-read,to-read (#564),to-read,,,,0,0
60103487,Bad Strings,Henry Hinder,"Hinder, Henry",,"=""""","=""""",0,Outside Publishing,Kindle Edition,207,2022,,,2022/08/11,to-read,to-read (#563),to-read,,,,0,0
30659,Meditations,Marcus Aurelius,"Aurelius, Marcus",Martin Hammond,"=""0140449337""","=""9780140449334""",0,Penguin Books,Paperback,254,2006,180,,2022/08/11,to-read,to-read (#562),to-read,,,,0,0
51985,Existentialism is a Humanism,Jean-Paul Sartre,"Sartre, Jean-Paul","Arlette Elkaïm-Sartre, Annie Cohen-Solal, Carol Macomber","=""0300115466""","=""9780300115468""",0,Yale University Press,Paperback,122,2007,1946,,2022/08/11,to-read,to-read (#561),to-read,,,,0,0
91950,The Myth of Sisyphus,Albert Camus,"Camus, Albert",Justin O'Brien,"=""""","=""""",5.0,Penguin Classics,Paperback,192,2013,1942,2022/08/11,2022/07/03,,,read,,,,1,0
207617,Islands and Other Essays,Jean Grenier,"Grenier, Jean","Steven Light, Albert Camus","=""1892295954""","=""9781892295958""",0,Green Integer Books,Paperback,128,2004,1933,,2022/08/11,to-read,to-read (#560),to-read,,,,0,0
284066,The Wind-Up Bird Chronicle,Haruki Murakami,"Murakami, Haruki",Jay Rubin,"=""""","=""""",0,Vintage International,Paperback,607,2002,1994,,2022/08/11,to-read,to-read (#559),to-read,,,,0,0
24972,The Sickness Unto Death: A Christian Psychological Exposition for Upbuilding and Awakening,Søren Kierkegaard,"Kierkegaard, Søren","Howard Vincent Hong, Edna Hatlestad Hong","=""0691020280""","=""9780691020280""",0,Princeton University Press,Paperback,226,1983,1849,,2022/08/10,to-read,to-read (#558),to-read,,,,0,0
24970,Either/Or: A Fragment of Life,Søren Kierkegaard,"Kierkegaard, Søren","Alastair Hannay, Victor Eremita","=""""","=""""",0,Penguin Classics,Paperback,633,1992,1843,,2022/08/10,to-read,to-read (#557),to-read,,,,0,0
24965,Fear and Trembling,Søren Kierkegaard,"Kierkegaard, Søren",Alastair Hannay,"=""0143037579""","=""9780143037576""",0,Penguin Books,Paperback,152,2006,1843,,2022/08/10,to-read,to-read (#556),to-read,,,,0,0
32536122,Torquemada (French Edition),Victor Hugo,"Hugo, Victor",,"=""1372931449""","=""9781372931444""",0,Wentworth Press,Hardcover,442,2016,1989,,2022/08/10,to-read,to-read (#555),to-read,,,,0,0
57903929,Illuminations: Stories,Alan Moore,"Moore, Alan",,"=""1635578809""","=""9781635578805""",0,Bloomsbury,Hardcover,456,2022,2022,,2022/08/10,to-read,to-read (#554),to-read,,,,0,0
11437,Where I'm Calling From: Selected Stories,Raymond Carver,"Carver, Raymond",,"=""0679722319""","=""9780679722311""",0,Vintage Contemporaries,Paperback,544,2000,1988,,2022/08/09,to-read,to-read (#553),to-read,,,,0,0
11446,"Will You Please Be Quiet, Please?",Raymond Carver,"Carver, Raymond",,"=""0099449897""","=""9780099449898""",0,Vintage Random House ,Paperback,181,2003,1976,,2022/08/09,to-read,to-read (#552),to-read,,,,0,0
11449,Cathedral,Raymond Carver,"Carver, Raymond",,"=""0679723692""","=""9780679723691""",0,Vintage Contemporaries,Paperback,230,1989,1983,,2022/08/09,to-read,to-read (#551),to-read,,,,0,0
11438,What We Talk About When We Talk About Love,Raymond Carver,"Carver, Raymond",,"=""0679723056""","=""9780679723059""",0,Vintage Contemporaries,Paperback,159,1989,1981,,2022/08/09,to-read,to-read (#550),to-read,,,,0,0
6690979,"Black Butler I (Black Butler, #1)",Yana Toboso,"Toboso, Yana",Tomo Kimura,"=""0316080845""","=""9780316080842""",0,Yen Press,Paperback,194,2010,2007,,2022/08/09,to-read,to-read (#549),to-read,,,,0,0
13531561,"Attack on Titan, Vol. 2",Hajime Isayama,"Isayama, Hajime",,"=""1612620256""","=""9781612620251""",0,Kodansha Comics,Paperback,189,2012,2010,,2022/08/09,to-read,to-read (#548),to-read,,,,0,0
13615,"Death Note, Vol. 1: Boredom (Death Note, #1)",Tsugumi Ohba,"Ohba, Tsugumi","Takeshi Obata, Pookie Rolf","=""1421501686""","=""9781421501680""",5.0,VIZ Media LLC,Paperback,195,2005,2004,2022/08/09,2022/03/23,,,read,,,,1,0
30763882,Fever Dream,Samanta Schweblin,"Schweblin, Samanta","Megan McDowell, Ruth Sepp","=""0399184597""","=""9780399184598""",3.0,Riverhead Books,Hardcover,183,2017,2014,2022/08/08,2022/07/22,,,read,,,,1,0
29588376,"The Lies of Locke Lamora (Gentleman Bastard, #1)",Scott Lynch,"Lynch, Scott",,"=""""","=""""",0,Spectra,Kindle Edition,752,2016,2006,,2022/08/07,to-read,to-read (#547),to-read,,,,0,0
2880,"Bleach, Vol. 1",Tite Kubo,"Kubo, Tite",,"=""1591164419""","=""9781591164418""",0,VIZ Media LLC,Paperback,192,2004,2002,,2022/08/07,to-read,to-read (#546),to-read,,,,0,0
96358,Batman: The Killing Joke,Alan Moore,"Moore, Alan","Brian Bolland, Tim Sale","=""0930289455""","=""9780930289454""",3.0,DC Comics,Paperback,50,1995,1988,2022/08/07,2022/03/23,,,read,,,,1,0
248871,"Berserk, Vol. 1 (Berserk, #1)",Kentaro Miura,"Miura, Kentaro",,"=""1593070209""","=""9781593070205""",3.0,Dark Horse Manga,Paperback,224,2003,1990,2022/08/07,2022/03/23,,,read,,,,1,0
32585,Hunger,Knut Hamsun,"Hamsun, Knut",,"=""0486431681""","=""9780486431680""",0,Dover Publications,Paperback,134,2003,1890,,2022/08/07,to-read,to-read (#545),to-read,,,,0,0
89231,Augustus,John  Williams,"Williams, John",,"=""1400076730""","=""9781400076734""",0,Vintage,Paperback,336,2004,1972,,2022/08/07,to-read,to-read (#544),to-read,,,,0,0
166997,Stoner,John  Williams,"Williams, John",John McGahern,"=""1590171993""","=""9781590171998""",4.0,New York Review Books,Paperback,292,2006,1965,2022/08/07,2021/09/30,,,read,,,,1,0
59808487,Starry Messenger: Cosmic Perspectives on Civilization,Neil deGrasse Tyson,"Tyson, Neil deGrasse",,"=""1250861500""","=""9781250861504""",4.0,Henry Holt and Co.,Hardcover,271,2022,2022,2022/08/06,2022/06/11,,,read,"July 2022: ARC or Advanced Reader Copy, won in Goodreads giveaway -- thank you.<br/><br/>A quick, easy read-- <i>Starry Messenger</i> is a natural extension of the cosmic perspective ideas that Tyson touched on in <i>Astrophysics for People in a Hurry</i>.  It's easy to get behind the spirit of the book-- taking a step back and looking at the big picture can give us the reset we need to view human civilization from a more unbiased perspective.  Tyson excels when he focuses on exploring what our discoveries of the universe have revealed to us about life on earth, but at times it feels like the word ""scientific"" could be substituted for ""cosmic"" in the subtitle of the book.  As always, Tyson's humor is a welcome constant and helps to make up for any lack of continuity in the ""cosmic"" theme.  Once you get past the fact that <i>Starry Messenger</i> is loosely focused on the concept of what cosmic truths can teach us, you can really settle in and enjoy Tyson's quirky musings on the absurd and insightful aspects of humanity, and its hopeful striving for enlightenment and happiness.",,,1,0
31434883,Eleanor Oliphant Is Completely Fine,Gail Honeyman,"Honeyman, Gail",,"=""0735220689""","=""9780735220683""",4.0,Pamela Dorman Books / Viking,Hardcover,336,2017,2017,2022/08/05,2022/06/26,,,read,,,,1,0
53208150,Blood Meridian: Or the Evening Redness in the West,Cormac McCarthy,"McCarthy, Cormac",,"=""0679728759""","=""9780679728757""",0,Vintage Books,Paperback,337,1992,1985,,2022/08/05,to-read,to-read (#543),to-read,,,,0,0
231560,Uncle Vanya,Anton Chekhov,"Chekhov, Anton",,"=""1406507881""","=""9781406507881""",0,Dodo Pr,Paperback,116,2006,1897,,2022/08/04,to-read,to-read (#542),to-read,,,,0,0
94578,The Gay Science: With a Prelude in Rhymes and an Appendix of Songs,Friedrich Nietzsche,"Nietzsche, Friedrich",Walter Kaufmann,"=""0394719859""","=""9780394719856""",0,Random House,Mass Market Paperback,396,1974,1882,,2022/08/03,to-read,to-read (#541),to-read,,,,0,0
6329013,On the Origin of Species (Large Print Edition),Charles Darwin,"Darwin, Charles",,"=""0554267381""","=""9780554267388""",0,BiblioLife,Hardcover,616,2008,1859,,2022/08/03,to-read,to-read (#540),to-read,,,,0,0
3836,Don Quixote,Miguel de Cervantes Saavedra,"Saavedra, Miguel de Cervantes","Roberto González Echevarría, John Rutherford","=""""","=""""",0,Penguin Books,Paperback,1023,2003,1605,,2022/08/03,to-read,to-read (#539),to-read,,,,0,0
161037,Lanark: A Life in Four Books,Alasdair Gray,"Gray, Alasdair",Janice Galloway,"=""184195120X""","=""9781841951201""",0,Canongate Books,Hardcover,560,2003,1981,,2022/08/02,to-read,to-read (#538),to-read,,,,0,0
28588315,Multiple Choice,Alejandro Zambra,"Zambra, Alejandro",Megan McDowell,"=""0143109197""","=""9780143109198""",0,Penguin Books,Paperback,128,2016,2014,,2022/08/02,to-read,to-read (#537),to-read,,,,0,0
52379865,For Your Own Good,Samantha  Downing,"Downing, Samantha",,"=""0593100972""","=""9780593100974""",0,Berkley,Hardcover,373,2021,2021,,2022/08/02,to-read,to-read (#536),to-read,,,,0,0
58890783,Either/Or,Elif Batuman,"Batuman, Elif",,"=""0525557598""","=""9780525557593""",0,Penguin Press,Hardcover,368,2022,2022,,2022/08/02,to-read,to-read (#535),to-read,,,,0,0
58725061,The Great Man Theory,Teddy Wayne,"Wayne, Teddy",,"=""1635578728""","=""9781635578720""",0,Bloomsbury Publishing,Hardcover,307,2022,2022,,2022/08/02,to-read,to-read (#534),to-read,,,,0,0
59892212,The Deceptions,Jill Bialosky,"Bialosky, Jill",,"=""164009024X""","=""9781640090248""",0,Counterpoint,Hardcover,304,2022,2022,,2022/08/02,to-read,to-read (#533),to-read,,,,0,0
59089911,The Long Answer,Anna Hogeland,"Hogeland, Anna",,"=""0593418131""","=""9780593418130""",0,Riverhead Books,Hardcover,304,2022,2022,,2022/08/02,to-read,to-read (#532),to-read,,,,0,0
59147138,The Novelist,Jordan Castro,"Castro, Jordan",,"=""1593767137""","=""9781593767136""",0,Soft Skull,Hardcover,196,2022,2022,,2022/08/02,to-read,to-read (#531),to-read,,,,0,0
58724773,Dirt Creek,Hayley Scrivenor,"Scrivenor, Hayley",,"=""1250834759""","=""9781250834751""",0,Flatiron Books,Hardcover,336,2022,2022,,2022/08/02,to-read,to-read (#530),to-read,,,,0,0
59877157,Lungfish,Meghan Gilliss,"Gilliss, Meghan",,"=""1646220919""","=""9781646220915""",0,Catapult,Hardcover,320,2022,2022,,2022/08/02,to-read,to-read (#529),to-read,,,,0,0
123933,No Exit,Jean-Paul Sartre,"Sartre, Jean-Paul",,"=""0573613052""","=""9780573613050""",0,Concord Theatricals,Paperback,60,1958,1944,,2022/08/02,to-read,to-read (#528),to-read,,,,0,0
34080,The Waste Land,T.S. Eliot,"Eliot, T.S.",Michael North,"=""0393974995""","=""9780393974997""",0,W.W. Norton & Company,Paperback,288,2001,1922,,2022/08/02,to-read,to-read (#527),to-read,,,,0,0
12287,Endgame,Samuel Beckett,"Beckett, Samuel",,"=""0571070671""","=""9780571070671""",3.0,Faber and Faber,Paperback,60,1989,1957,2022/08/01,2022/07/16,,,read,,,,1,0
449407,Pensées,Blaise Pascal,"Pascal, Blaise","T.S. Eliot, A.J. Krailsheimer, George Iancu Ghidu","=""""","=""""",0,Penguin Classics,Paperback,334,1995,1670,,2022/07/31,to-read,to-read (#526),to-read,,,,0,0
9998,The Woman in the Dunes,Kōbō Abe,"Abe, Kōbō","Machi Abe, E. Dale Saunders","=""0679733787""","=""9780679733782""",0,Vintage,Paperback,241,1991,1962,,2022/07/31,to-read,to-read (#525),to-read,,,,0,0
22912016,Scratch,Steve Himmer,"Himmer, Steve",,"=""1940430844""","=""9781940430843""",3.0,Dark House Press,Paperback,211,2016,2016,2022/07/30,2022/07/10,,,read,,,,1,0
16286,The Magus,John Fowles,"Fowles, John",,"=""0316296198""","=""9780316296199""",0,"Little, Brown Paperbacks",Paperback,656,2001,1965,,2022/07/30,to-read,to-read (#524),to-read,,,,0,0
2761,The Denial of Death,Ernest Becker,"Becker, Ernest",Sam Keen,"=""""","=""""",0,Free Press,Paperback,336,1997,1973,,2022/07/30,to-read,to-read (#523),to-read,,,,0,0
99245,Nightfall,Isaac Asimov,"Asimov, Isaac",Robert Silverberg,"=""0553290991""","=""9780553290998""",0,Bantam Books,Mass Market Paperback,339,2012,1990,,2022/07/30,to-read,to-read (#522),to-read,,,,0,0
116236,The Education of Little Tree,Forrest Carter,"Carter, Forrest",Rennard Strickland,"=""0826328091""","=""9780826328090""",0,UNM Press,Paperback,216,2001,1976,,2022/07/30,to-read,to-read (#521),to-read,,,,0,0
168642,In Cold Blood,Truman Capote,"Capote, Truman",,"=""0679745580""","=""9780679745587""",0,Vintage,Paperback,343,1994,1966,,2022/07/30,to-read,to-read (#520),to-read,,,,0,0
6149884,The Human Chord,Algernon Blackwood,"Blackwood, Algernon",,"=""1587156504""","=""9781587156502""",0,Borgo Pr,Paperback,212,2002,1910,,2022/07/30,to-read,to-read (#519),to-read,,,,0,0
57771216,Sleepwalk,Dan Chaon,"Chaon, Dan",,"=""1250175216""","=""9781250175212""",3.0,Henry Holt and Co.,Hardcover,320,2022,2022,2022/07/28,2022/05/17,,,read,"3.5– Sleepwalk is wacky and unforgettable. The main character is one of the most quirky protagonists in recent memory, and the plot takes some truly crazy turns.  However, I feel like the novelty of these aspects wears off a bit somewhere past the midpoint of the novel.  Still, the book is undeniably unique and one that I might recommend just to someone looking for a fun, unexpected read. ",,,1,0
102324,"Swamp Thing, Vol. 1: Saga of the Swamp Thing",Alan Moore,"Moore, Alan","Stephen R. Bissette, John Totleben","=""0930289226""","=""9780930289225""",0,"DC Comics, Inc.",Paperback,173,1987,1983,,2022/07/26,to-read,to-read (#518),to-read,,,,0,0
58724748,Stay Awake,Megan Goldin,"Goldin, Megan",,"=""1250280664""","=""9781250280664""",0,St. Martin's Press,Hardcover,340,2022,2022,,2022/07/26,to-read,to-read (#517),to-read,,,,0,0
59807954,Other Birds,Sarah Addison Allen,"Allen, Sarah Addison",,"=""1250019869""","=""9781250019868""",0,St. Martin's Press,Hardcover,290,2022,2022,,2022/07/26,to-read,to-read (#516),to-read,,,,0,0
5805,V for Vendetta,Alan Moore,"Moore, Alan","David   Lloyd, Steve Whitaker, Siobhan Dodds","=""1401207928""","=""9781401207922""",3.0,Vertigo,Hardcover,296,2005,1990,2022/07/26,2021/11/25,,,read,,,,1,0
7815,The Year of Magical Thinking,Joan Didion,"Didion, Joan",,"=""1400078431""","=""9781400078431""",0,Vintage,Paperback,227,2007,2005,,2022/07/25,to-read,to-read (#515),to-read,,,,0,0
25604557,The Art of X-Ray Reading,Roy Peter Clark,"Clark, Roy Peter",,"=""0316282170""","=""9780316282178""",0,"Little, Brown and Company",Hardcover,288,2016,2016,,2022/07/25,to-read,to-read (#514),to-read,,,,0,0
60182432,Mirth: A Novel,Kathleen George,"George, Kathleen",,"=""1646032713""","=""9781646032716""",0,Regal House Publishing,Paperback,292,2022,,,2022/07/23,to-read,to-read (#513),to-read,,,,0,0
60618073,Three Days in the Pink Tower,E.V. Knight,"Knight, E.V.",,"=""""","=""9781951971076""",0,Creature Publishing,Paperback,154,2022,,,2022/07/23,to-read,to-read (#512),to-read,,,,0,0
58695612,Watersong,Clarissa Goenawan,"Goenawan, Clarissa",,"=""1914484118""","=""9781914484117""",0,Scribe UK,Paperback,304,2022,2022,,2022/07/23,to-read,to-read (#511),to-read,,,,0,0
60763352,Suburban Death Project,Aimee Parkison,"Parkison, Aimee",,"=""0991378040""","=""9780991378043""",0,Unbound Edition Press,Hardcover,170,2022,,,2022/07/23,to-read,to-read (#510),to-read,,,,0,0
61037858,O0,Andrew Joron,"Joron, Andrew",,"=""173632487X""","=""9781736324875""",0,Black Square Editions,Paperback,208,2022,,,2022/07/23,to-read,to-read (#509),to-read,,,,0,0
60132890,Doom Town,Gabriel Blackwell,"Blackwell, Gabriel",,"=""1953409091""","=""9781953409096""",0,Zerogram Press,Paperback,202,2022,,,2022/07/23,to-read,to-read (#508),to-read,,,,0,0
4473,A Prayer for Owen Meany,John Irving,"Irving, John",,"=""0552135399""","=""9780552135399""",0,Black Swan,Paperback,637,1990,1989,,2022/07/23,to-read,to-read (#507),to-read,,,,0,0
7069,The World According to Garp,John Irving,"Irving, John",,"=""0345915593""","=""9780345915597""",0,Ballantine Books,Hardcover,610,1999,1978,,2022/07/23,to-read,to-read (#506),to-read,,,,0,0
4687,The Cider House Rules,John Irving,"Irving, John",,"=""0786226749""","=""9780786226740""",0,Thorndike Press,Hardcover,973,2000,1985,,2022/07/23,to-read,to-read (#505),to-read,,,,0,0
11768,The Hotel New Hampshire,John Irving,"Irving, John",,"=""0552992097""","=""9780552992091""",0,BLACK SWAN,Paperback,520,1999,1981,,2022/07/23,to-read,to-read (#504),to-read,,,,0,0
24611567,Songs of a Dead Dreamer and Grimscribe,Thomas Ligotti,"Ligotti, Thomas",Jeff Vandermeer,"=""0143107763""","=""9780143107767""",0,Penguin Books,Paperback,448,2015,2015,,2022/07/23,to-read,to-read (#503),to-read,,,,0,0
2452401,Teatro Grottesco,Thomas Ligotti,"Ligotti, Thomas",,"=""0978991176""","=""9780978991173""",0,Mythos Books LLC,Hardcover,312,2007,2006,,2022/07/23,to-read,to-read (#502),to-read,,,,0,0
8524528,The Conspiracy Against the Human Race,Thomas Ligotti,"Ligotti, Thomas",Ray Brassier,"=""098242969X""","=""9780982429693""",0,Hippocampus Press,Hardcover,240,2010,2011,,2022/07/23,to-read,to-read (#501),to-read,,,,0,0
605684,"War & War (Apocalypse Quartet, #3)",László Krasznahorkai,"Krasznahorkai, László",George Szirtes,"=""0811216098""","=""9780811216098""",0,New Directions,Paperback,288,2006,1999,,2022/07/23,to-read,to-read (#500),to-read,,,,0,0
16241799,Seiobo There Below,László Krasznahorkai,"Krasznahorkai, László",Ottilie Mulzet,"=""0811219674""","=""9780811219679""",0,New Directions,Paperback,451,2013,2008,,2022/07/23,to-read,to-read (#499),to-read,,,,0,0
29082608,The Last Wolf / Herman,László Krasznahorkai,"Krasznahorkai, László","John Batki, George Szirtes","=""0811226085""","=""9780811226080""",0,New Directions,Hardcover,128,2016,2016,,2022/07/23,to-read,to-read (#498),to-read,,,,0,0
119512,"The Melancholy of Resistance (Apocalypse Quartet, #2)",László Krasznahorkai,"Krasznahorkai, László",George Szirtes,"=""""","=""""",0,New Directions,Paperback,314,2002,1989,,2022/07/23,to-read,to-read (#497),to-read,,,,0,0
14295,Pastoralia,George Saunders,"Saunders, George",,"=""0747553866""","=""9780747553861""",0,Bloomsbury Publishing,Paperback,188,2001,2000,,2022/07/23,to-read,to-read (#496),to-read,,,,0,0
28747,CivilWarLand in Bad Decline,George Saunders,"Saunders, George",,"=""0099595818""","=""9780099595816""",0,Vintage,Paperback,179,1997,1996,,2022/07/23,to-read,to-read (#495),to-read,,,,0,0
40611069,Slade House,David  Mitchell,"Mitchell, David",,"=""0812998693""","=""9780812998696""",0,Random House,Kindle Edition,241,2015,2015,,2022/07/23,to-read,to-read (#494),to-read,,,,0,0
14316,Black Swan Green,David  Mitchell,"Mitchell, David",,"=""0812974018""","=""9780812974010""",0,Random House,Paperback,296,2007,2006,,2022/07/23,to-read,to-read (#493),to-read,,,,0,0
6819,Ghostwritten,David  Mitchell,"Mitchell, David",,"=""0375724508""","=""9780375724503""",0,Vintage,Paperback,426,2001,1999,,2022/07/23,to-read,to-read (#492),to-read,,,,0,0
6820,Number9Dream,David  Mitchell,"Mitchell, David",,"=""0812966929""","=""9780812966923""",0,Random House Trade Paperbacks,Paperback,401,2003,2001,,2022/07/23,to-read,to-read (#491),to-read,,,,0,0
52597312,Utopia Avenue,David  Mitchell,"Mitchell, David",,"=""0812997433""","=""9780812997439""",0,Random House,Hardcover,574,2020,2020,,2022/07/23,to-read,to-read (#490),to-read,,,,0,0
7141642,The Thousand Autumns of Jacob de Zoet,David  Mitchell,"Mitchell, David",,"=""1400065453""","=""9781400065455""",0,Random House,Hardcover,479,2010,2010,,2022/07/23,to-read,to-read (#489),to-read,,,,0,0
20819685,The Bone Clocks,David  Mitchell,"Mitchell, David",,"=""1400065674""","=""9781400065677""",0,Random House,Hardcover,624,2014,2014,,2022/07/23,to-read,to-read (#488),to-read,,,,0,0
400,Libra,Don DeLillo,"DeLillo, Don",,"=""0140156046""","=""9780140156041""",0,Penguin,Paperback,480,1991,1988,,2022/07/23,to-read,to-read (#487),to-read,,,,0,0
11761,Underworld,Don DeLillo,"DeLillo, Don",,"=""0330369954""","=""9780330369954""",0,Picador,Paperback,827,1999,1997,,2022/07/23,to-read,to-read (#486),to-read,,,,0,0
409,Against the Day,Thomas Pynchon,"Pynchon, Thomas",,"=""159420120X""","=""9781594201202""",0,Penguin Press,Hardcover,1085,2006,2006,,2022/07/23,to-read,to-read (#485),to-read,,,,0,0
5809,V.,Thomas Pynchon,"Pynchon, Thomas",Carlos Martín Ramírez,"=""2020418770""","=""9782020418775""",0,Seuil,Mass Market Paperback,640,2001,1963,,2022/07/23,to-read,to-read (#484),to-read,,,,0,0
4831,Shame,Salman Rushdie,"Rushdie, Salman",,"=""""","=""""",0,Vintage,Paperback,287,1995,1983,,2022/07/23,to-read,to-read (#483),to-read,,,,0,0
9865,The Moor's Last Sigh,Salman Rushdie,"Rushdie, Salman",,"=""009959241X""","=""9780099592419""",0,Vintage,Paperback,434,1996,1995,,2022/07/23,to-read,to-read (#482),to-read,,,,0,0
4830,Shalimar the Clown,Salman Rushdie,"Rushdie, Salman",,"=""0679783482""","=""9780679783480""",0,Random House Trade Paperbacks,Paperback,398,2006,2005,,2022/07/23,to-read,to-read (#481),to-read,,,,0,0
14836,Midnight’s Children,Salman Rushdie,"Rushdie, Salman",,"=""0099578514""","=""9780099578512""",0,Vintage,Paperback,647,1995,1981,,2022/07/23,to-read,to-read (#480),to-read,,,,0,0
12497,No Country for Old Men,Cormac McCarthy,"McCarthy, Cormac",,"=""""","=""""",0,Knopf Doubleday Publishing Group,Paperback,309,2006,2005,,2022/07/23,to-read,to-read (#479),to-read,,,,0,0
239239,The Prestige,Christopher Priest,"Priest, Christopher",,"=""0312858868""","=""9780312858865""",0,Tom Doherty Associates Tor Books,Paperback,404,1997,1995,,2022/07/22,to-read,to-read (#478),to-read,,,,0,0
7733,Gulliver’s Travels,Jonathan Swift,"Swift, Jonathan",,"=""0141439491""","=""9780141439495""",0,Penguin,Paperback,306,2017,1726,,2022/07/22,to-read,to-read (#477),to-read,,,,0,0
25223427,An Octoroon,Branden Jacobs-Jenkins,"Jacobs-Jenkins, Branden",,"=""""","=""9780822232261""",0,"Dramatists Play Service, Inc.",Paperback,64,2015,2015,,2022/07/22,to-read,to-read (#476),to-read,,,,0,0
2437710,August: Osage County,Tracy Letts,"Letts, Tracy",,"=""1559363304""","=""9781559363303""",0,Theatre Communications Group,Paperback,138,2008,2008,,2022/07/22,to-read,to-read (#475),to-read,,,,0,0
133974,The Pillowman,Martin McDonagh,"McDonagh, Martin",,"=""0571220320""","=""9780571220328""",0,Faber & Faber,Paperback,104,2004,2003,,2022/07/22,to-read,to-read (#474),to-read,,,,0,0
384597,Arcadia,Tom Stoppard,"Stoppard, Tom",,"=""0571169341""","=""9780571169344""",3.0,Faber & Faber,Paperback,101,1994,1993,2022/07/22,2022/07/16,,,read,,,,1,0
427282,The Periodic Table,Primo Levi,"Levi, Primo",Raymond Rosenthal,"=""0805210415""","=""9780805210415""",0,Schocken,Paperback,233,1995,1975,,2022/07/22,to-read,to-read (#472),to-read,,,,0,0
32620332,The Seven Husbands of Evelyn Hugo,Taylor Jenkins Reid,"Reid, Taylor Jenkins",,"=""1501139231""","=""9781501139239""",4.0,Atria Books,Hardcover,389,2017,2017,2022/07/22,2022/04/29,,,read,,,,1,0
57535792,The Magician,Colm Tóibín,"Tóibín, Colm",,"=""1476785104""","=""9781476785103""",0,Scribner,Kindle Edition,504,2021,2021,,2022/07/22,to-read,to-read (#471),to-read,,,,0,0
13453029,"Wool Omnibus (Silo, #1)",Hugh Howey,"Howey, Hugh",,"=""""","=""""",0,Broad Reach Publishing,Paperback,509,2012,2012,,2022/07/20,to-read,to-read (#470),to-read,,,,0,0
59576076,The Rabbit Hutch,Tess Gunty,"Gunty, Tess",,"=""""","=""""",0,Knopf,Hardcover,399,2022,2022,,2022/07/20,to-read,to-read (#469),to-read,,,,0,0
43306206,"The Courage to Be Disliked: How to Free Yourself, Change Your Life and Achieve Real Happiness",Ichiro Kishimi,"Kishimi, Ichiro",Fumitake Koga,"=""""","=""""",0,Allen & Unwin,Paperback,288,2019,2013,,2022/07/19,to-read,to-read (#468),to-read,,,,0,0
57693639,Pure Colour,Sheila Heti,"Heti, Sheila",,"=""0374603944""","=""9780374603946""",0,"Farrar, Straus and Giroux",Hardcover,224,2022,2022,,2022/07/18,to-read,to-read (#467),to-read,,,,0,0
59089704,This Time Tomorrow,Emma Straub,"Straub, Emma",,"=""052553900X""","=""9780525539001""",4.0,Riverhead Books,Hardcover,310,2022,2022,2022/07/17,2022/04/05,,,read,"3.75– This Time Tomorrow is an honest, heartfelt novel that surpasses the typical time travel tropes enough to offer a unique perspective on the genre. ",,,1,0
43708884,"The Boy, the Mole, the Fox and the Horse",Charlie Mackesy,"Mackesy, Charlie",,"=""1529105102""","=""9781529105100""",4.0,Ebury Press,Hardcover,128,2019,2019,,2021/09/06,,,read,,,,1,0
32767,At the Mountains of Madness,H.P. Lovecraft,"Lovecraft, H.P.",China Miéville,"=""0812974417""","=""9780812974416""",0,The Modern Library,Paperback,194,2005,1936,,2022/07/16,to-read,to-read (#466),to-read,,,,0,0
4799,"Cannery Row (Cannery Row, #1)",John Steinbeck,"Steinbeck, John",,"=""014200068X""","=""9780142000687""",0,Penguin Books,Paperback,181,2002,1943,,2022/07/16,to-read,to-read (#465),to-read,,,,0,0
608474,"The Sign of Four (Sherlock Holmes, #2)",Arthur Conan Doyle,"Doyle, Arthur Conan",Peter Ackroyd,"=""""","=""""",0,Penguin Classics,Paperback,129,2001,1890,,2022/07/16,to-read,to-read (#464),to-read,,,,0,0
58345,The Awakening,Kate Chopin,"Chopin, Kate",,"=""0543898083""","=""9780543898081""",0,Elibron Classics,Paperback,195,2006,1899,,2022/07/16,to-read,to-read (#462),to-read,,,,0,0
1617,Night,Elie Wiesel,"Wiesel, Elie","Marion Wiesel, François Mauriac","=""0374500010""","=""9780374500016""",0,Hill & Wang,Paperback,120,2006,1956,,2022/07/16,to-read,to-read (#461),to-read,,,,0,0
37793,A Doll's House,Henrik Ibsen,"Ibsen, Henrik",,"=""1406914835""","=""9781406914832""",0,Hard Press,Paperback,122,2007,1879,,2022/07/16,to-read,to-read (#460),to-read,,,,0,0
205476,Our Town,Thornton Wilder,"Wilder, Thornton",Donald Margulies,"=""0060512636""","=""9780060512637""",0,Harper Perennial Modern Classics,Paperback,181,2003,1938,,2022/07/16,to-read,to-read (#459),to-read,,,,0,0
7714,Pygmalion,George Bernard Shaw,"Shaw, George Bernard",,"=""0486282228""","=""9780486282220""",0,Dover Publications,Paperback,82,1994,1913,,2022/07/16,to-read,to-read (#458),to-read,,,,0,0
72159,Cat on a Hot Tin Roof,Tennessee Williams,"Williams, Tennessee",,"=""0811216012""","=""9780811216012""",0,New Directions,Paperback,208,2004,1955,,2022/07/16,to-read,to-read (#457),to-read,,,,0,0
14940,Who's Afraid of Virginia Woolf?,Edward Albee,"Albee, Edward",,"=""""","=""""",0,Berkley,Paperback,272,2006,1962,,2022/07/16,to-read,to-read (#456),to-read,,,,0,0
5517,A Raisin in the Sun,Lorraine Hansberry,"Hansberry, Lorraine",,"=""0375508333""","=""9780375508332""",0,Random House,Hardcover,162,2002,1959,,2022/07/16,to-read,to-read (#455),to-read,,,,0,0
72003,Angels in America,Tony Kushner,"Kushner, Tony",,"=""1559362316""","=""9781559362313""",0,Theatre Communications Group,Paperback,304,2003,1991,,2022/07/16,to-read,to-read (#454),to-read,,,,0,0
12083,Long Day’s Journey into Night,Eugene O'Neill,"O'Neill, Eugene",Harold Bloom,"=""0300093055""","=""9780300093056""",0,Yale University Press,Paperback,192,2002,1956,,2022/07/16,to-read,to-read (#453),to-read,,,,0,0
10037,No Exit and Three Other Plays,Jean-Paul Sartre,"Sartre, Jean-Paul","Stuart Gilbert, Lionel Abel","=""""","=""""",0,Vintage,Paperback,275,1989,1947,,2022/07/16,to-read,to-read (#452),to-read,,,,0,0
18525,Dr. Faustus,Christopher Marlowe,"Marlowe, Christopher",,"=""0486282082""","=""9780486282084""",0,Dover Publications,Paperback,64,1994,1588,,2022/07/16,to-read,to-read (#451),to-read,,,,0,0
403098,A Man for All Seasons: A Play in Two Acts,Robert Bolt,"Bolt, Robert",,"=""0679728228""","=""9780679728221""",0,Vintage,Paperback,163,1990,1960,,2022/07/16,to-read,to-read (#450),to-read,,,,0,0
178599,Arsenic and Old Lace,Joseph Kesselring,"Kesselring, Joseph",,"=""0856761222""","=""9780856761225""",0,Central Books,Paperback,104,1998,1939,,2022/07/16,to-read,to-read (#449),to-read,,,,0,0
64417,The Threepenny Opera,Bertolt Brecht,"Brecht, Bertolt","Kurt Weill, John Willett, Ralph Manheim","=""1559702524""","=""9781559702522""",0,Arcade Publishing,Paperback,124,1994,1928,,2022/07/16,to-read,to-read (#448),to-read,,,,0,0
9199653,West Side Story,Arthur Laurents,"Laurents, Arthur",Stephen Sondheim,"=""155936372X""","=""9781559363723""",0,Theatre Communications Group,Paperback,112,2012,1957,,2022/07/16,to-read,to-read (#447),to-read,,,,0,0
22327,The Miracle Worker: A Play,William  Gibson,"Gibson, William",,"=""0743457587""","=""9780743457583""",0,Pocket,Mass Market Paperback,120,2002,1960,,2022/07/16,to-read,to-read (#446),to-read,,,,0,0
847168,A View from the Bridge: A Play in Two Acts,Arthur Miller,"Miller, Arthur",,"=""0140481354""","=""9780140481358""",0,Penguin Books,Paperback,96,1977,1955,,2022/07/16,to-read,to-read (#444),to-read,,,,0,0
15698,Caligula,Albert Camus,"Camus, Albert",Pierre-Louis Rey,"=""""","=""""",0,Gallimard ,Mass Market Paperback,224,1993,1944,,2022/07/16,to-read,to-read (#445),to-read,,,,0,0
688700,Hedda Gabler and Other Plays,Henrik Ibsen,"Ibsen, Henrik",Una Ellis-Fermor,"=""014044016X""","=""9780140440164""",0,Penguin Classics,Paperback,368,1988,1950,,2022/07/16,to-read,to-read (#443),to-read,,,,0,0
383018,Arms and the Man,George Bernard Shaw,"Shaw, George Bernard",,"=""1599869209""","=""9781599869209""",0,Filiquarian,Paperback,116,2007,1898,,2022/07/16,to-read,to-read (#442),to-read,,,,0,0
334286,Equus,Peter Shaffer,"Shaffer, Peter",,"=""0140260706""","=""9780140260700""",0,Penguin Books,Paperback,112,1984,1973,,2022/07/16,to-read,to-read (#441),to-read,,,,0,0
160194,Noises Off: A Play in Three Acts,Michael Frayn,"Frayn, Michael",,"=""1400031605""","=""9781400031603""",0,Knopf Doubleday Publishing Group,Paperback,176,2002,1982,,2022/07/16,to-read,to-read (#440),to-read,,,,0,0
667488,Blithe Spirit,Noël Coward,"Coward, Noël",,"=""0413771970""","=""9780413771971""",0,Bloomsbury Methuen Drama,Paperback,130,2002,1941,,2022/07/16,to-read,to-read (#439),to-read,,,,0,0
150147,The Zoo Story and Other Plays,Edward Albee,"Albee, Edward",,"=""0140251138""","=""9780140251135""",0,Penguin,Paperback,142,1960,1959,,2022/07/16,to-read,to-read (#438),to-read,,,,0,0
246035,An Enemy of the People,Henrik Ibsen,"Ibsen, Henrik",Ivor John Carnegie Brown,"=""1595406441""","=""9781595406446""",0,1st World Library,Paperback,160,2004,1882,,2022/07/16,to-read,to-read (#437),to-read,,,,0,0
900682,An Inspector Calls,J.B. Priestley,"Priestley, J.B.",,"=""3150092183""","=""9783150092187""",0,Reclam,Paperback,117,1987,1945,,2022/07/16,to-read,to-read (#436),to-read,,,,0,0
2993680,Pirates of Penzance,W.S. Gilbert,"Gilbert, W.S.",,"=""0571527930""","=""9780571527939""",0,Alfred Music,Paperback,999,1998,1879,,2022/07/16,to-read,to-read (#435),to-read,,,,0,0
858313,The Children's Hour,Lillian Hellman,"Hellman, Lillian",,"=""0822202050""","=""9780822202059""",0,Concord Theatricals,Paperback,75,1953,1934,,2022/07/16,to-read,to-read (#434),to-read,,,,0,0
279660,The Lion in Winter,James Goldman,"Goldman, James",,"=""0812973356""","=""9780812973358""",0,Random House,Paperback,103,2004,1966,,2022/07/16,to-read,to-read (#433),to-read,,,,0,0
111734,The Iceman Cometh,Eugene O'Neill,"O'Neill, Eugene",Harold Bloom,"=""0300117434""","=""9780300117431""",0,Yale University Press,Paperback,236,2006,1946,,2022/07/16,to-read,to-read (#432),to-read,,,,0,0
156377,The Elephant Man,Bernard Pomerance,"Pomerance, Bernard",,"=""0802130410""","=""9780802130419""",0,Grove Press,Paperback,72,1994,1979,,2022/07/16,to-read,to-read (#431),to-read,,,,0,0
98264,Betrayal,Harold Pinter,"Pinter, Harold",,"=""0571160824""","=""9780571160822""",0,Faber & Faber,Paperback,144,1998,1978,,2022/07/16,to-read,to-read (#430),to-read,,,,0,0
142262,The Inspector General,Nikolai Gogol,"Gogol, Nikolai",,"=""0486285006""","=""9780486285009""",0,Dover Publications,Paperback,80,2011,1835,,2022/07/16,to-read,to-read (#429),to-read,,,,0,0
74090,The Birthday Party,Harold Pinter,"Pinter, Harold",,"=""0571160786""","=""9780571160785""",0,Faber & Faber,Paperback,96,1991,1957,,2022/07/16,to-read,to-read (#428),to-read,,,,0,0
139389,Deathtrap: A Thriller in Two Acts,Ira Levin,"Levin, Ira",,"=""0822202948""","=""9780822202943""",0,Concord Theatricals,Paperback,80,1978,1978,,2022/07/16,to-read,to-read (#427),to-read,,,,0,0
12220,A Streetcar Named Desire,Tennessee Williams,"Williams, Tennessee",,"=""0822210894""","=""9780822210894""",0,Concord Theatricals,Paperback,107,1998,1947,,2022/07/16,to-read,to-read (#426),to-read,,,,0,0
436562,R.U.R.,Karel Čapek,"Čapek, Karel",,"=""""","=""""",5.0,"Dover Publications, Inc.",Paperback,58,2001,1920,2022/07/16,2022/03/05,,,read,,,,1,0
18297019,7 or 8 Ways to End the World,Colin Wright,"Wright, Colin",,"=""193879320X""","=""9781938793202""",4.0,Asymmetrical Press,Kindle Edition,55,2013,2013,2022/07/15,2022/03/30,,,read,,,,1,0
13126010,The Second Most Dangerous Job in America,Steve Himmer,"Himmer, Steve",,"=""0984040528""","=""9780984040520""",3.0,Atticus Books,Kindle Edition,57,2012,2012,2022/07/14,2022/07/10,,,read,,,,1,0
537094,The Overcoat,Nikolai Gogol,"Gogol, Nikolai",,"=""1419176528""","=""9781419176524""",5.0,Kessinger Pub Co,Paperback,57,2004,1842,2022/07/14,2022/07/03,,,read,,,,1,0
40864030,"A Prayer for the Crown-Shy (Monk & Robot, #2)",Becky Chambers,"Chambers, Becky",,"=""""","=""""",5.0,Tordotcom,Kindle Edition,152,2022,2022,2022/07/13,2022/04/11,,,read,"Becky Chambers continues this stunning series with another warm hug of a book that really makes us ponder several things in life many of us may take for granted.  Our reunion with our amazing heroes is joyful, but just like the first entry in the series, this too-short book flies by, and before we know it we are once again saying farewell to Sibling Dex and Mosscap.  However, as sad as the parting is, it is also glorious, as their wonderful dose of philosophy and wisdom has fed our hearts and our minds, reminded us to be more intentional in life, and left us that much further along on our path to enlightenment.",,,1,0
172366,The Library of Babel,Jorge Luis Borges,"Borges, Jorge Luis","Erik Desmazieres, Andrew Hurley, Angela Giral","=""156792123X""","=""9781567921236""",3.0,David R Godine Pub,Hardcover,36,2000,1941,2022/07/13,2022/07/06,,,read,,,,1,0
13154150,"Attack on Titan, Vol. 1",Hajime Isayama,"Isayama, Hajime",Sheldon Drzka,"=""1612620248""","=""9781612620244""",5.0,Kodansha Comics,Paperback,193,2012,2010,2022/07/13,2022/03/05,,,read,,,,1,0
16154857,The Hermit in the Garden: From Imperial Rome to Ornamental Gnome,Gordon Campbell,"Campbell, Gordon",,"=""0199696993""","=""9780199696994""",3.0,Oxford University Press,Hardcover,272,2013,2013,2022/07/13,2022/07/02,,,read,,,,1,0
202897,Foreign Affairs,Alison Lurie,"Lurie, Alison",,"=""0812976312""","=""9780812976311""",0,Random House Publishing Group,Paperback,292,2006,1984,,2022/07/13,to-read,to-read (#425),to-read,,,,0,0
381624,Ten Sorry Tales,Mick Jackson,"Jackson, Mick",David Roberts II,"=""0571225497""","=""9780571225491""",0,Faber & Faber,Paperback,192,2006,2005,,2022/07/13,to-read,to-read (#424),to-read,,,,0,0
2567766,"Stop Press  (Sir John Appleby, #4)",Michael Innes,"Innes, Michael",,"=""1842327569""","=""9781842327562""",0,House of Stratus,Paperback,434,2008,1939,,2022/07/13,to-read,to-read (#423),to-read,,,,0,0
55004093,The Cartographers,Peng Shepherd,"Shepherd, Peng",,"=""0062910698""","=""9780062910691""",5.0,William Morrow,Hardcover,392,2022,2022,2022/07/11,2022/01/04,,,read,"4.5-- The Cartographers is an intricately woven tale that has a little bit of everything-- suspense, mystery, romance, and more.  Throughout the novel I was consistently impressed with how Shepherd pushed the limits of possibility without the plot going off the rails; this book is truly an enjoyable rollercoaster ride.  Plus, the characters are extremely relatable because they are all uniquely flawed and talented, and Shepherd skillfully capitalizes on their strengths and weaknesses.  Ultimately, It's difficult not to be captivated by the world of maps and mapmaking because of the passionate way Shepherd has integrated the spirit of cartography into her story.",,,1,0
59805612,The Sleepless,Victor Manibo,"Manibo, Victor",,"=""164566046X""","=""9781645660460""",0,Erewhon Books,Hardcover,400,2022,2022,,2022/07/12,to-read,to-read (#422),to-read,,,,0,0
58727132,Eversion,Alastair Reynolds,"Reynolds, Alastair",,"=""0316462829""","=""9780316462822""",0,Orbit,Paperback,304,2022,2022,,2022/07/12,to-read,to-read (#421),to-read,,,,0,0
58988398,Walk the Vanished Earth,Erin    Swan,"Swan, Erin",,"=""0593299337""","=""9780593299333""",0,Viking,Hardcover,384,2022,2022,,2022/07/12,to-read,to-read (#420),to-read,,,,0,0
59089701,Thrust,Lidia Yuknavitch,"Yuknavitch, Lidia",,"=""0525534903""","=""9780525534907""",0,Riverhead Books,Hardcover,352,2022,2022,,2022/07/12,to-read,to-read (#419),to-read,,,,0,0
15863832,"Angelfall (Penryn & the End of Days, #1)",Susan Ee,"Ee, Susan",,"=""1611094259""","=""9781611094251""",0,Skyscape,Kindle Edition,288,2012,2011,,2022/07/11,to-read,to-read (#418),to-read,,,,0,0
34323849,The Secret Lives of Color,Kassia St. Clair,"Clair, Kassia St.",,"=""""","=""""",0,Penguin Books,Kindle Edition,320,2017,2016,,2022/07/11,to-read,to-read (#417),to-read,,,,0,0
156182,The Tunnel,William H. Gass,"Gass, William H.",,"=""1564782131""","=""9781564782137""",0,Dalkey Archive Press,Paperback,652,1999,1995,,2022/07/11,to-read,to-read (#416),to-read,,,,0,0
9583799,Tree of Codes,Jonathan Safran Foer,"Foer, Jonathan Safran",,"=""0956569218""","=""9780956569219""",0,Visual Editions,Paperback,139,2010,2010,,2022/07/11,to-read,to-read (#415),to-read,,,,0,0
23308445,Book of Numbers,Joshua Cohen,"Cohen, Joshua",,"=""0812996917""","=""9780812996913""",0,Random House,Hardcover,580,2015,2015,,2022/07/11,to-read,to-read (#414),to-read,,,,0,0
23128304,The Strange Library,Haruki Murakami,"Murakami, Haruki",Ted Goossen,"=""0385354304""","=""9780385354301""",0,Knopf,Paperback,96,2014,2005,,2022/07/11,to-read,to-read (#413),to-read,,,,0,0
17860739,S.,J.J. Abrams,"Abrams, J.J.",Doug Dorst,"=""0316201642""","=""9780316201643""",0,Mulholland Books,Hardcover,469,2013,2013,,2022/07/11,to-read,to-read (#412),to-read,,,,0,0
9539142,The Bee-Loud Glade,Steve Himmer,"Himmer, Steve",,"=""0984510583""","=""9780984510580""",4.0,Atticus Books,Paperback,224,2011,2011,2022/07/10,2022/06/22,,,read,"The Bee-Loud Glade is an enjoyable, interesting look at simple and solitary living. It strikes a good balance between humor and meditative reflection, and is so well written that I am eager to explore Himmer’s other works. There are more than a few quotable, philosophical gems scattered throughout the novel.",,,1,0
58755262,"The Easy Life in Kamusari (Forest, #1)",Shion Miura,"Miura, Shion",Juliet Winters Carpenter,"=""1542027144""","=""9781542027144""",0,Amazon Crossing,Kindle Edition,205,2021,2009,,2022/07/10,to-read,to-read (#411),to-read,,,,0,0
19176564,So This Is How I Go,Colin Wright,"Wright, Colin",,"=""1938793307""","=""9781938793301""",4.0,Asymmetrical Press,Kindle Edition,44,2013,2013,2022/07/10,2022/03/30,,,read,,,,1,0
49676965,"Summer Frost (Forward Collection, #2)",Blake Crouch,"Crouch, Blake",,"=""1542043638""","=""9781542043632""",5.0,Amazon Original Stories,Kindle Edition,85,2019,2019,2022/07/09,2022/03/15,,,read,,,,1,0
899492,The Tell-Tale Heart,Edgar Allan Poe,"Poe, Edgar Allan",Byron Glaser,"=""0871917726""","=""9780871917720""",3.0,Creative Education,Library Binding,31,1980,1843,,2022/07/04,,,read,,,,1,0
60497502,My Evil Mother,Margaret Atwood,"Atwood, Margaret",,"=""1662504497""","=""9781662504495""",3.0,Amazon Original Stories,Kindle Edition,32,2022,2022,,2022/04/05,,,read,,,,1,0
55203166,The Shortest Day,Colm Tóibín,"Tóibín, Colm",,"=""1542026024""","=""9781542026024""",4.0,Amazon Original Stories,Kindle Edition,31,2020,2020,,2020/10/08,,,read,,,,1,0
25986929,"Goodnight Punpun Omnibus, Vol. 1",Inio Asano,"Asano, Inio",,"=""1421586207""","=""9781421586205""",0,VIZ Media LLC,Paperback,426,2016,2006,,2022/07/09,to-read,to-read (#410),to-read,,,,0,0
58984660,Aurora,David Koepp,"Koepp, David",,"=""0062916475""","=""9780062916471""",0,Harper,Hardcover,289,2022,2022,,2022/07/08,to-read,to-read (#409),to-read,,,,0,0
1850827,Come Closer,Sara Gran,"Gran, Sara",,"=""1569473285""","=""9781569473283""",0,Soho Pr Inc,Hardcover,168,2003,2003,,2022/07/08,to-read,to-read (#408),to-read,,,,0,0
2784,Ways of Seeing,John Berger,"Berger, John",,"=""0140135154""","=""9780140135152""",0,Penguin,Paperback,176,1990,1972,,2022/07/06,to-read,to-read (#407),to-read,,,,0,0
119073,The Name of the Rose,Umberto Eco,"Eco, Umberto",William Weaver,"=""0156001314""","=""9780156001311""",0,Houghton Mifflin Harcourt,Paperback,552,1994,1980,,2022/07/06,to-read,to-read (#406),to-read,,,,0,0
902,The Westing Game,Ellen Raskin,"Raskin, Ellen",,"=""014240120X""","=""9780142401200""",0,Puffin,Paperback,182,2004,1978,,2022/07/06,to-read,to-read (#405),to-read,,,,0,0
26149554,Slouching Towards Bethlehem,Joan Didion,"Didion, Joan",,"=""1939126134""","=""9781939126139""",0,Zola Books,Kindle Edition,256,2015,1968,,2022/07/06,to-read,to-read (#404),to-read,,,,0,0
10434143,Doctor Zhivago,Boris Pasternak,"Pasternak, Boris","Richard Pevear, Larissa Volokhonsky","=""0307390950""","=""9780307390950""",0,Vintage,Paperback,704,2011,1957,,2022/07/06,to-read,to-read (#403),to-read,,,,0,0
6336561,The Glass Menagerie,Tennessee Williams,"Williams, Tennessee",,"=""0141190264""","=""9780141190266""",0,Penguin Books,Paperback,92,2009,1945,,2022/07/06,to-read,to-read (#402),to-read,,,,0,0
781818,"Absalom, Absalom!",William Faulkner,"Faulkner, William",,"=""0679600728""","=""9780679600725""",0,Modern Library,Hardcover,398,1993,1936,,2022/07/06,to-read,to-read (#401),to-read,,,,0,0
10974,As I Lay Dying,William Faulkner,"Faulkner, William",E.L. Doctorow,"=""0375504524""","=""9780375504525""",0,Modern Library,Hardcover,231,2000,1930,,2022/07/06,to-read,to-read (#400),to-read,,,,0,0
21787,The Princess Bride,William Goldman,"Goldman, William",,"=""0345418263""","=""9780345418265""",0,Ballantine Books,Paperback,429,2003,1973,,2022/07/06,to-read,to-read (#399),to-read,,,,0,0
18545,Rosencrantz and Guildenstern Are Dead,Tom Stoppard,"Stoppard, Tom",,"=""0802132758""","=""9780802132758""",0,Grove Press,Paperback,126,1994,1967,,2022/07/06,to-read,to-read (#398),to-read,,,,0,0
18693763,Everything I Never Told You,Celeste Ng,"Ng, Celeste",,"=""159420571X""","=""9781594205712""",0,Penguin Press,Hardcover,297,2014,2014,,2022/07/06,to-read,to-read (#397),to-read,,,,0,0
39945240,The Prophet (A Penguin Classics Hardcover),Kahlil Gibran,"Gibran, Kahlil",Rupi Kaur,"=""0143133586""","=""9780143133582""",0,Penguin Classics,Hardcover,128,2019,1923,,2022/07/06,to-read,to-read (#396),to-read,,,,0,0
57640243,"A Deadly Education (The Scholomance, #1)",Naomi Novik,"Novik, Naomi",,"=""0593128508""","=""9780593128503""",0,Del Rey Books,Paperback,321,2021,2020,,2022/07/06,to-read,to-read (#395),to-read,,,,0,0
60310791,How to Kill Your Family,Bella Mackie,"Mackie, Bella",,"=""1419764187""","=""9781419764189""",0,Harry N. Abrams,Hardcover,368,2022,2021,,2022/07/06,to-read,to-read (#394),to-read,,,,0,0
58724626,"What Moves the Dead (Sworn Soldier, #1)",T. Kingfisher,"Kingfisher, T.",,"=""1250830753""","=""9781250830753""",0,Tor Nightfire,Hardcover,165,2022,2022,,2022/07/05,to-read,to-read (#393),to-read,,,,0,0
52672144,Wanderers,Chuck Wendig,"Wendig, Chuck",,"=""0399182128""","=""9780399182129""",0,Del Rey,Paperback,780,2020,2019,,2022/07/05,to-read,to-read (#392),to-read,,,,0,0
1920425,The Pedestrian: A Fantasy in One Act,Ray Bradbury,"Bradbury, Ray",,"=""9992809604""","=""9789992809600""",3.0,Samuel French Trade,Paperback,22,,1951,,2022/06/26,,,read,,,,1,0
286957,The Yellow Wall-Paper,Charlotte Perkins Gilman,"Gilman, Charlotte Perkins",Elaine R. Hedges,"=""1558611584""","=""9781558611580""",5.0,The Feminist Press at CUNY,Paperback,62,1996,1892,2022/07/04,2022/01/14,,,read,,,,1,0
56269269,This Thing Between Us,Gus Moreno,"Moreno, Gus",,"=""0374539235""","=""9780374539238""",0,FSG Adult,Paperback,272,2021,2021,,2022/07/03,to-read,to-read (#391),to-read,,,,0,0
28381,Dead Souls,Nikolai Gogol,"Gogol, Nikolai",Robert A. Maguire,"=""0140448071""","=""9780140448078""",0,Penguin Classics,Paperback,464,2004,1842,,2022/07/03,to-read,to-read (#390),to-read,,,,0,0
63040,The Last Day of a Condemned Man,Victor Hugo,"Hugo, Victor","Libby Purves, Geoff Woollen, Gilbert Campbell, Raúl Bracho, Eugenia De B","=""1843910071""","=""9781843910077""",0,Hesperus Press,Paperback,109,2002,1829,,2022/07/03,to-read,to-read (#389),to-read,,,,0,0
226378,A Hero of Our Time,Mikhail Lermontov,"Lermontov, Mikhail",Paul Foote,"=""014044176X""","=""9780140441765""",0,Penguin Classics,Paperback,185,1966,1840,,2022/07/03,to-read,to-read (#388),to-read,,,,0,0
12321,Beyond Good and Evil,Friedrich Nietzsche,"Nietzsche, Friedrich","Michael Tanner, R.J. Hollingdale","=""014044923X""","=""9780140449235""",0,Penguin Classics,Paperback,240,2003,1886,,2022/07/03,to-read,to-read (#387),to-read,,,,0,0
3532,First Love,Ivan Turgenev,"Turgenev, Ivan",Constance Garnett,"=""0974607894""","=""9780974607894""",0,Melville House Publishing,Paperback,124,2009,1860,,2022/07/03,to-read,to-read (#386),to-read,,,,0,0
49455,Notes from Underground,Fyodor Dostoevsky,"Dostoevsky, Fyodor","Richard Pevear, Larissa Volokhonsky, Donald Fanger","=""067973452X""","=""9780679734529""",3.0,Vintage Classics,Paperback,136,1994,1864,2022/07/03,2021/12/16,,,read,,,,1,0
84981,Tuck Everlasting,Natalie Babbitt,"Babbitt, Natalie",,"=""0374480095""","=""9780374480097""",0,"Farrar, Straus and Giroux (BYR)",Paperback,148,1985,1975,,2022/07/02,to-read,to-read (#385),to-read,,,,0,0
13529055,Mortality,Christopher Hitchens,"Hitchens, Christopher",,"=""1455502758""","=""9781455502752""",0,Grand Central Publishing,Hardcover,104,2012,2012,,2022/07/02,to-read,to-read (#384),to-read,,,,0,0
32145,Stiff: The Curious Lives of Human Cadavers,Mary Roach,"Roach, Mary",,"=""0393324826""","=""9780393324822""",0,W. W. Norton  Company,Paperback,304,2004,2003,,2022/07/02,to-read,to-read (#383),to-read,,,,0,0
62022,The Queen's Gambit,Walter Tevis,"Tevis, Walter",,"=""1400030609""","=""9781400030606""",0,Vintage,Paperback,258,2003,1983,,2022/07/02,to-read,to-read (#382),to-read,,,,0,0
59221468,The Book of Hermits: A History of Hermits from Antiquity to the Present,Robert Rodríguez,"Rodríguez, Robert",,"=""1736866508""","=""9781736866504""",0,Hermitary Press,Paperback,374,2021,,,2022/07/02,to-read,to-read (#381),to-read,,,,0,0
44512604,Nihilism (The MIT Press Essential Knowledge series),Nolen Gertz,"Gertz, Nolen",,"=""0262537176""","=""9780262537179""",0,The MIT Press,Paperback,224,2019,2019,,2022/07/02,to-read,to-read (#380),to-read,,,,0,0
54120408,Klara and the Sun,Kazuo Ishiguro,"Ishiguro, Kazuo",,"=""059331817X""","=""9780593318171""",4.0,Alfred A. Knopf,Hardcover,303,2021,2021,2022/07/01,2021/11/20,,,read,,,,1,0
37506350,Conversations with Friends,Sally Rooney,"Rooney, Sally",,"=""0451499069""","=""9780451499066""",0,Crown,Paperback,307,2018,2017,,2022/07/01,to-read,to-read (#379),to-read,,,,0,0
395182,Lucky Jim,Kingsley Amis,"Amis, Kingsley",David Lodge,"=""0140186301""","=""9780140186307""",0,Penguin Classics,Paperback,296,1992,1954,,2022/06/30,to-read,to-read (#378),to-read,,,,0,0
7895531,On Mysticism,Jorge Luis Borges,"Borges, Jorge Luis","María Kodama, Suzanne Jill Levine","=""0143105698""","=""9780143105695""",0,Penguin Publishing Group,Paperback,128,2010,2010,,2022/06/30,to-read,to-read (#377),to-read,,,,0,0
395058,The Recognitions,William Gaddis,"Gaddis, William",William H. Gass,"=""0140187081""","=""9780140187083""",0,Penguin Classics,Paperback,976,1993,1955,,2022/06/30,to-read,to-read (#376),to-read,,,,0,0
59808034,"Beautiful World, Where Are You",Sally Rooney,"Rooney, Sally",,"=""1250859042""","=""9781250859044""",0,Picador Paper,Paperback,359,2022,2021,,2022/06/27,to-read,to-read (#375),to-read,,,,0,0
40611463,"The Clan of the Cave Bear (Earth's Children, #1)",Jean M. Auel,"Auel, Jean M.",,"=""""","=""""",0,Bantam ,Kindle Edition,516,2016,1980,,2022/06/26,to-read,to-read (#374),to-read,,,,0,0
54911459,"Escape from Extinction, an Eco-Genetic Novel",Frederic C. Rich,"Rich, Frederic C.",,"=""1734665505""","=""9781734665505""",0,"Vector Books, LLC",Hardcover,316,2020,2020,,2022/06/26,to-read,to-read (#373),to-read,,,,0,0
195450,The Ugly Little Boy,Isaac Asimov,"Asimov, Isaac",,"=""0553561227""","=""9780553561227""",0,Bantam/Spectra,Mass Market Paperback,387,1993,1958,,2022/06/26,to-read,to-read (#372),to-read,,,,0,0
264946,"Hominids (Neanderthal Parallax, #1)",Robert J. Sawyer,"Sawyer, Robert J.",,"=""0765345005""","=""9780765345004""",0,Tor Science Fiction,Paperback,444,2003,2002,,2022/06/26,to-read,to-read (#371),to-read,,,,0,0
4631,A Moveable Feast,Ernest Hemingway,"Hemingway, Ernest",James Naughton,"=""""","=""""",0,Vintage,Paperback,192,2012,1964,,2022/06/26,to-read,to-read (#370),to-read,,,,0,0
3181564,The Housekeeper and the Professor,Yōko Ogawa,"Ogawa, Yōko",Stephen    Snyder,"=""0312427808""","=""9780312427801""",0,Picador,Paperback,180,2009,2003,,2022/06/26,to-read,to-read (#369),to-read,,,,0,0
56597885,"Beautiful World, Where Are You",Sally Rooney,"Rooney, Sally",,"=""0374602603""","=""9780374602604""",0,"Farrar, Straus and Giroux",Hardcover,356,2021,2021,,2022/06/26,to-read,to-read (#368),to-read,,,,0,0
50224049,How to Kill Your Family,Bella Mackie,"Mackie, Bella",,"=""""","=""""",0,The Borough Press,Hardcover,355,2021,2021,,2022/06/26,to-read,to-read (#367),to-read,,,,0,0
2807741,The Achieving Society,David C. McClelland,"McClelland, David C.",,"=""0029205107""","=""9780029205105""",0,The Free Press,Paperback,532,1967,1961,,2022/06/26,to-read,to-read (#366),to-read,,,,0,0
11989,The Plague,Albert Camus,"Camus, Albert",Stuart Gilbert,"=""""","=""""",0,Vintage International,Paperback,308,1991,1947,,2022/06/26,to-read,to-read (#365),to-read,,,,0,0
50269327,Earthlings,Sayaka Murata,"Murata, Sayaka",Ginny Tapley Takemori,"=""1783785675""","=""9781783785674""",2.0,Granta Books,Hardcover,247,2020,2018,2022/06/25,2022/06/02,,,read,"2.5. The no-limits nature of this novel really means it can go either way, depending on whether or not you buy into the absurdness. While it was entertaining to me as a fully-invested reader, I still don’t know that I would ever honestly recommend this book to anyone (especially without a content warning) Even so, kudos to Murata for creating a creative, absurd work that dares to breach some gnarly subject matter. ",,,1,0
45754981,The Glass Hotel,Emily St. John Mandel,"Mandel, Emily St. John",,"=""0525521143""","=""9780525521143""",0,Alfred A. Knopf,Hardcover,307,2020,2020,,2022/06/24,to-read,to-read (#364),to-read,,,,0,0
20170404,Station Eleven,Emily St. John Mandel,"Mandel, Emily St. John",,"=""0385353308""","=""9780385353304""",3.0,Knopf,Hardcover,333,2014,2014,2022/06/24,2020/07/16,,,read,,,,1,0
12898,Death of a Salesman,Arthur Miller,"Miller, Arthur",,"=""0435233076""","=""9780435233075""",0,Heinemann ed,Hardcover,144,1994,1949,,2022/06/22,to-read,to-read (#363),to-read,,,,0,0
37004370,The Memory Police,Yōko Ogawa,"Ogawa, Yōko",Stephen    Snyder,"=""1101870605""","=""9781101870600""",0,Pantheon,Hardcover,274,2019,1994,,2022/06/22,to-read,to-read (#362),to-read,,,,0,0
40740914,If Cats Disappeared from the World,Genki Kawamura,"Kawamura, Genki",Eric Selland,"=""1509889175""","=""9781509889174""",0,Picador,Paperback,202,2018,2012,,2022/06/22,to-read,to-read (#361),to-read,,,,0,0
51475209,Small Pleasures,Clare Chambers,"Chambers, Clare",,"=""1474613888""","=""9781474613880""",0,Weidenfeld & Nicolson,Hardcover,352,2021,2021,,2022/06/22,to-read,to-read (#360),to-read,,,,0,0
18218630,A Girl Is a Half-Formed Thing,Eimear McBride,"McBride, Eimear",,"=""0957185324""","=""9780957185326""",0,Galley Beggar Press,Paperback,205,2013,2013,,2022/06/22,to-read,to-read (#359),to-read,,,,0,0
22478,The Origin of Consciousness in the Breakdown of the Bicameral Mind,Julian Jaynes,"Jaynes, Julian",,"=""0618057072""","=""9780618057078""",0,Mariner Books,Paperback,491,2000,1976,,2022/06/22,to-read,to-read (#358),to-read,,,,0,0
7244877,Economics Without Illusions: Debunking the Myths of Modern Capitalism,Joseph Heath,"Heath, Joseph",,"=""0307590577""","=""9780307590572""",0,Crown,Paperback,352,2010,2009,,2022/06/21,to-read,to-read (#357),to-read,,,,0,0
50833559,Home Before Dark,Riley Sager,"Sager, Riley",,"=""1524745170""","=""9781524745172""",0,Dutton Books,Hardcover,389,2020,2020,,2022/06/21,to-read,to-read (#356),to-read,,,,0,0
57693172,A Flicker in the Dark,Stacy Willingham,"Willingham, Stacy",,"=""1250803829""","=""9781250803825""",0,Minotaur Books,Hardcover,357,2022,2022,,2022/06/21,to-read,to-read (#355),to-read,,,,0,0
15811545,A Tale for the Time Being,Ruth Ozeki,"Ozeki, Ruth",,"=""0670026638""","=""9780670026630""",0,Viking,Hardcover,432,2013,2013,,2022/06/20,to-read,to-read (#353),to-read,,,,0,0
58724816,Our Wives Under the Sea,Julia Armfield,"Armfield, Julia",,"=""1250229898""","=""9781250229892""",3.0,Flatiron Books,Hardcover,228,2022,2022,2022/06/18,2022/02/15,,,read,,,,1,0
41057294,Normal People,Sally Rooney,"Rooney, Sally",,"=""1984822179""","=""9781984822178""",3.0,Crown,Hardcover,273,2019,2018,2022/06/17,2022/06/16,,,read,,,,1,0
61184563,Fishpriest,Ethan Hawke,"Hawke, Ethan","Mike Batistick, Nicole Lewis, Adriana Ducassi","=""""","=""""",0,Audible Originals,Audiobook,,2022,,,2022/06/16,to-read,to-read (#352),to-read,,,,0,0
6334,Never Let Me Go,Kazuo Ishiguro,"Ishiguro, Kazuo",,"=""1400078776""","=""9781400078776""",1.0,Vintage Books ,Paperback,288,2010,2005,2022/06/14,2022/06/02,,,read,"Almost DNF’d.  A slog of immature, uninspiring drama. A good example of why character-driven plot doesn’t work when your characters are boring, unironically caricatural, or both.",,,1,0
41826892,Infused:  Adventures In Tea,Henrietta Lovell,"Lovell, Henrietta",,"=""0571324398""","=""9780571324392""",0,Faber & Faber,Hardcover,239,2019,2019,,2022/06/11,to-read,to-read (#351),to-read,,,,0,0
58446227,Sea of Tranquility,Emily St. John Mandel,"Mandel, Emily St. John",,"=""0593321448""","=""9780593321447""",4.0,Knopf,Hardcover,259,2022,2022,2022/06/11,2021/12/27,,,read,,,,1,0
57850265,How High We Go in the Dark,Sequoia Nagamatsu,"Nagamatsu, Sequoia",,"=""0063072645""","=""9780063072640""",3.0,William Morrow,Hardcover,293,2022,2022,2022/06/09,2021/12/16,,,read,"2.75– How High We Go In The Dark ties together many interesting concepts and is well-written enough to have kept me reading to the end, but ultimately it was not as impactful as it promised to be. While I really enjoyed some of the the interconnected stories, I found myself not caring very much about some of them that didn’t resonate. It seems like that is a risk an author runs in writing a novel like this that is more fragmented than is typical.  Nagamatsu’s ingenuity is apparent when the themes that connect the story lines successfully shine through, but you are left wanting more when the connections fall short. ",,,1,0
59416521,"Ithaca (The Songs of Penelope, #1)",Claire North,"North, Claire",,"=""""","=""""",0,Redhook,Kindle Edition,391,2022,2022,,2022/06/09,to-read,to-read (#350),to-read,,,,0,0
34019110,"Hell Bent (Alex Stern, #2)",Leigh Bardugo,"Bardugo, Leigh",,"=""1250313112""","=""9781250313119""",0,Flatiron Books,Kindle Edition,484,2023,2023,,2022/06/08,to-read,to-read (#349),to-read,,,,0,0
2531,The Cave,José Saramago,"Saramago, José",Margaret Jull Costa,"=""""","=""""",0,Mariner Books,Paperback,307,2003,2000,,2022/06/08,to-read,to-read (#348),to-read,,,,0,0
123848,Chrysanthemum and the Sword: Patterns of Japanese Culture,Ruth Benedict,"Benedict, Ruth",,"=""0395500753""","=""9780395500750""",0,Mariner Books,Paperback,324,1989,1946,,2022/06/06,to-read,to-read (#347),to-read,,,,0,0
44334843,Gone Girl,Gillian Flynn,"Flynn, Gillian",,"=""""","=""""",0,Broadway Books,Paperback,415,2014,2012,,2022/06/06,to-read,to-read (#346),to-read,,,,0,0
57698794,Notes on an Execution,Danya Kukafka,"Kukafka, Danya",,"=""""","=""""",5.0,William Morrow,Kindle Edition,308,2022,2022,2022/06/05,2022/01/15,,,read,"Wow, I had to round this 4.5 up. Notes On An Execution is a stunning work that just feels so real. The pristine characterization makes its narration switches feel effortless and it feels like a treat each time you get to see inside of a different characters head. The way Kukafka skillfully weaved each storyline together was so well done, and the brilliant pacing keeps you turning pages until the end. Best of all, you feel the bleak heaviness of the evil that exists in this world, and the glimmer of hope and love that cuts through it. ",,,1,0
80660,We Need to Talk About Kevin,Lionel Shriver,"Shriver, Lionel",,"=""006112429X""","=""9780061124297""",0,Harper Perennial,Paperback,400,2006,2003,,2022/06/02,to-read,to-read (#345),to-read,,,,0,0
24800,House of Leaves,Mark Z. Danielewski,"Danielewski, Mark Z.",,"=""""","=""""",4.0,Random House,Paperback,709,2000,2000,2022/06/02,2021/09/06,,,read,"3.5. House of Leaves was a twisted experience that I will remember for a long time.  I'd be lying if I said that every moment was enjoyable or even comprehensible, but the sheer innovation of this novel made it worth the read.  I might reach for this one again in a few years when I'm feeling up for a challenge, or when I need a source of insane, grimy inspiration.",,,1,0
10614,Misery,Stephen  King,"King, Stephen",,"=""0450417395""","=""9780450417399""",0,New English Library,Paperback,370,1992,1987,,2022/06/02,to-read,to-read (#344),to-read,,,,0,0
2247142,"The Talented Mr. Ripley (Ripley, #1)",Patricia Highsmith,"Highsmith, Patricia",,"=""""","=""""",0,W. W. Norton  Company,Paperback,271,2008,1955,,2022/06/02,to-read,to-read (#343),to-read,,,,0,0
44016465,Night Man (The Night Man Chronicles #1),Brett Battles,"Battles, Brett",,"=""""","=""""",3.0,,Kindle Edition,322,2019,2019,2022/06/02,2022/01/13,,,read,,,,1,0
37570546,"Maybe You Should Talk to Someone: A Therapist, Her Therapist, and Our Lives Revealed",Lori Gottlieb,"Gottlieb, Lori",,"=""1328662055""","=""9781328662057""",0,Harper,Hardcover,415,2019,2019,,2022/05/27,to-read,to-read (#342),to-read,,,,0,0
32603079,"Wanderers (Wanderers, #1)",Chuck Wendig,"Wendig, Chuck",,"=""039918211X""","=""9780399182112""",0,Del Rey,ebook,845,2019,2019,,2022/05/24,to-read,to-read (#341),to-read,,,,0,0
58724601,Drunk on All Your Strange New Words,Eddie Robson,"Robson, Eddie",,"=""1250807344""","=""9781250807342""",0,Tor Books,Hardcover,277,2022,2022,,2022/05/24,to-read,to-read (#340),to-read,,,,0,0
7296271,"Beyond Exile (Day by Day Armageddon, #2)",J.L. Bourne,"Bourne, J.L.",,"=""143917752X""","=""9781439177525""",0,Pocket Books,Paperback,277,2010,2010,,2022/05/23,to-read,to-read (#339),to-read,,,,0,0
74821,"Day by Day Armageddon (Day by Day Armageddon, #1)",J.L. Bourne,"Bourne, J.L.",,"=""1411608313""","=""9781411608313""",4.0,Lulu.Com,Paperback,260,2004,2004,2022/05/23,2021/11/30,,,read,,,,1,0
60784549,In the Lives of Puppets,T.J. Klune,"Klune, T.J.",,"=""125021744X""","=""9781250217448""",0,Tor Books,Hardcover,432,2023,2023,,2022/05/23,to-read,to-read (#338),to-read,,,,0,0
4981,Slaughterhouse-Five,Kurt Vonnegut Jr.,"Jr., Kurt Vonnegut",,"=""""","=""""",2.0,Dial Press,Paperback,275,1999,1969,2022/05/17,2021/09/02,,,read,That’s gonna be a “no” from me dawg.,,,1,0
156785,Diaspora,Greg Egan,"Egan, Greg",Bernhard Kempen,"=""3453161815""","=""9783453161818""",0,Heyne,Paperback,443,2000,1997,,2022/05/13,to-read,to-read (#337),to-read,,,,0,0
100915,"The Lion, the Witch and the Wardrobe (Chronicles of Narnia, #1)",C.S. Lewis,"Lewis, C.S.","Tormod Haugen, Per Svein Paulsen","=""""","=""""",0,HarperCollins Publishers,Paperback,206,2005,1950,,2022/05/13,to-read,to-read (#336),to-read,,,,0,0
2657,To Kill a Mockingbird,Harper Lee,"Lee, Harper",,"=""0060935464""","=""9780060935467""",0,Harper Perennial Modern Classics ,Paperback,323,2006,1960,,2022/05/13,to-read,to-read (#335),to-read,,,,0,0
59089897,Lapvona,Ottessa Moshfegh,"Moshfegh, Ottessa",,"=""0593300262""","=""9780593300268""",0,Penguin Press,Hardcover,304,2022,2022,,2022/05/01,to-read,to-read (#323),to-read,,,,0,0
6255949,All You Need Is Kill,Hiroshi Sakurazaka,"Sakurazaka, Hiroshi","Alexander O. Smith, Joseph Reeder","=""1421527618""","=""9781421527611""",0,Haikasoru,Paperback,201,2009,2004,,2022/05/11,to-read,to-read (#334),to-read,,,,0,0
38363799,Dracul,Dacre Stoker,"Stoker, Dacre",J.D. Barker,"=""0735219346""","=""9780735219342""",0,Putnam Pub Group,Hardcover,497,2018,2018,,2022/05/10,to-read,to-read (#333),to-read,,,,0,0
57151981,Beasts of a Little Land,Juhea Kim,"Kim, Juhea",,"=""006309357X""","=""9780063093577""",0,Ecco,Hardcover,416,2021,2021,,2022/05/10,to-read,to-read (#332),to-read,,,,0,0
2037559,"Deathworld 1 (Deathworld, #1)",Harry Harrison,"Harrison, Harry",,"=""0722144857""","=""9780722144855""",0,Orbit,Paperback,157,1983,1960,,2022/05/10,to-read,to-read (#331),to-read,,,,0,0
40594396,The Devil Aspect,Craig Russell,"Russell, Craig",,"=""0385544367""","=""9780385544368""",0,Doubleday,Hardcover,414,2019,2019,,2022/05/10,to-read,to-read (#330),to-read,,,,0,0
43708240,Thief River Falls,Brian Freeman,"Freeman, Brian",,"=""1542093376""","=""9781542093378""",0,Thomas & Mercer,Kindle Edition,314,2020,2020,,2022/05/10,to-read,to-read (#329),to-read,,,,0,0
31950532,The Listener,Robert McCammon,"McCammon, Robert",,"=""""","=""""",0,Cemetary Dance Publications,Hardcover,380,2018,2018,,2022/05/10,to-read,to-read (#328),to-read,,,,0,0
29044,The Secret History,Donna Tartt,"Tartt, Donna",,"=""1400031702""","=""9781400031702""",4.0,Vintage Books,Paperback,559,2004,1992,2022/05/10,2021/10/11,,,read,,,,1,0
762476,Kokoro,Natsume Sōseki,"Sōseki, Natsume",Edwin McClellan,"=""0809260956""","=""9780895267153""",0,Gateway Editions,Paperback,256,1996,1914,,2022/05/09,to-read,to-read (#327),to-read,,,,0,0
43909397,No Longer Human,Junji Ito,"Ito, Junji",Osamu Dazai,"=""1974707091""","=""9781974707096""",0,VIZ Media,Hardcover,616,2019,2019,,2022/05/09,to-read,to-read (#326),to-read,,,,0,0
52219386,Almond,Sohn Won-Pyung,"Won-Pyung, Sohn",Joosun Lee,"=""0062961373""","=""9780062961372""",0,HarperVia,Hardcover,272,2020,2017,,2022/05/09,to-read,to-read (#325),to-read,,,,0,0
194746,No Longer Human,Osamu Dazai,"Dazai, Osamu",Donald Keene,"=""""","=""""",3.0,New Directions,Paperback,176,1958,1948,2022/05/09,2021/09/30,,,read,,,,1,0
58855185,"The Family Remains (The Family Upstairs, #2)",Lisa Jewell,"Jewell, Lisa",,"=""1982178892""","=""9781982178895""",0,Atria,Hardcover,452,2022,2022,,2022/05/09,to-read,to-read (#324),to-read,,,,0,0
77160,"Across the Nightingale Floor (Tales of the Otori, #1)",Lian Hearn,"Hearn, Lian",,"=""1573223328""","=""9781573223324""",0,Riverhead Books,Paperback,305,2002,2002,,2022/04/25,to-read,to-read (#322),to-read,,,,0,0
58468990,The Paris Apartment,Lucy Foley,"Foley, Lucy",,"=""0063003058""","=""9780063003057""",3.0,William Morrow,Hardcover,360,2022,2022,2022/04/25,2021/12/27,,,read,,,,1,0
25200,Silence,Shūsaku Endō,"Endō, Shūsaku",William Johnston,"=""0800871863""","=""9780800871864""",0,Taplinger Publishing Company,Paperback,294,1980,1966,,2022/04/25,to-read,to-read (#321),to-read,,,,0,0
10836728,"The Rook (The Checquy Files, #1)",Daniel O'Malley,"O'Malley, Daniel",,"=""0316098795""","=""9780316098793""",0,"Little, Brown and Company",Hardcover,504,2012,2012,,2022/04/25,to-read,to-read (#320),to-read,,,,0,0
33827079,"Catharsis (Awaken Online, #1)",Travis Bagwell,"Bagwell, Travis",,"=""""","=""""",0,Amazon Digital Services,Kindle Edition,525,2017,2016,,2022/04/25,to-read,to-read (#319),to-read,,,,0,0
336228,Taiko,Eiji Yoshikawa,"Yoshikawa, Eiji",William Scott Wilson,"=""4770026099""","=""9784770026095""",0,Kodansha USA,Hardcover,926,2001,1941,,2022/04/25,to-read,to-read (#318),to-read,,,,0,0
102030,Musashi,Eiji Yoshikawa,"Yoshikawa, Eiji","Charles S. Terry, Edwin O. Reischauer","=""4770019572""","=""9784770019578""",0,Kodansha International,Hardcover,970,1995,1935,,2022/04/25,to-read,to-read (#317),to-read,,,,0,0
52382796,"Shōgun (Asian Saga, #1)",James Clavell,"Clavell, James",,"=""1982603844""","=""9781982603847""",0,Blackstone Publishing,Paperback,1152,2020,1975,,2022/04/25,to-read,to-read (#316),to-read,,,,0,0
36357215,The Passenger (The Passenger #1),Cormac McCarthy,"McCarthy, Cormac",,"=""""","=""9781447245834""",0,Picador,ebook,300,2022,2022,,2022/04/22,to-read,to-read (#315),to-read,,,,0,0
60209475,We Spread,Iain Reid,"Reid, Iain",,"=""1982169354""","=""9781982169350""",0,Gallery/Scout Press,Hardcover,289,2022,2022,,2022/04/22,to-read,to-read (#314),to-read,,,,0,0
55867892,New Teeth: Stories,Simon Rich,"Rich, Simon",,"=""0316536687""","=""9780316536684""",0,"Little, Brown and Company",Hardcover,240,2021,2021,,2022/04/20,to-read,to-read (#313),to-read,,,,0,0
38348476,Calypso,David Sedaris,"Sedaris, David",,"=""0316392359""","=""9780316392358""",4.0,"Little, Brown and Company",Kindle Edition,272,2018,2018,2022/04/17,2022/04/09,,,read,,,,1,0
319342,The Outlaw Bible of American Literature,Alan Kaufman,"Kaufman, Alan","Barney Rosset, Neil Ortenberg, Alan Kaufmann","=""1560255501""","=""9781560255505""",0,Basic Books,Paperback,920,2004,2004,,2022/04/15,to-read,to-read (#312),to-read,,,,0,0
670089,The Fourth Turning: An American Prophecy—What the Cycles of History Tell Us About America's Next Rendezvous with Destiny,William Strauss,"Strauss, William",Neil Howe,"=""0767900464""","=""9780767900461""",0,Crown,Paperback,401,1997,1996,,2022/04/15,to-read,to-read (#311),to-read,,,,0,0
29399,The Twilight of American Culture,Morris Berman,"Berman, Morris",,"=""039332169X""","=""9780393321692""",0,W. W. Norton & Company,Paperback,224,2001,2000,,2022/04/15,to-read,to-read (#310),to-read,,,,0,0
78482,Hell's Angels: A Strange and Terrible Saga,Hunter S. Thompson,"Thompson, Hunter S.",,"=""0345410084""","=""9780345410085""",0,Ballantine Books,Paperback,288,1996,1966,,2022/04/15,to-read,to-read (#309),to-read,,,,0,0
7442,The Electric Kool-Aid Acid Test,Tom Wolfe,"Wolfe, Tom",,"=""0553380648""","=""9780553380644""",0,Bantam,Paperback,416,1999,1968,,2022/04/15,to-read,to-read (#308),to-read,,,,0,0
7745,Fear and Loathing in Las Vegas: A Savage Journey to the Heart of the American Dream,Hunter S. Thompson,"Thompson, Hunter S.",Ralph Steadman,"=""0679785892""","=""9780679785897""",0,Vintage Books,Paperback,204,1998,1971,,2022/04/15,to-read,to-read (#307),to-read,,,,0,0
55077657,"A Psalm for the Wild-Built (Monk & Robot, #1)",Becky Chambers,"Chambers, Becky",,"=""""","=""""",5.0,Tor.com Tom Doherty Assoc.,Hardcover,160,2021,2021,2022/04/11,2021/11/05,"favorites, 20-before-20","favorites (#1), 20-before-20 (#11)",read,"I never knew how much I needed existential comfort from a robot.  A Psalm for the Wild-Built is delightfully quirky, heartfelt, and inspiring.  This is a book for everyone-- ""sci-fi"" for people who don't like sci-fi.",,,1,0
472331,Watchmen,Alan Moore,"Moore, Alan","Dave Gibbons, John    Higgins","=""0930289234""","=""9780930289232""",5.0,DC Comics,Paperback,416,2005,1987,2022/04/03,2021/11/25,,,read,,,,1,0
18334354,"Quantum Roots (Quantum Roots, #1)",Kyle Keyes,"Keyes, Kyle",,"=""1478392673""","=""9781478392675""",0,CreateSpace,Paperback,262,2012,2012,,2022/04/11,to-read,to-read (#306),to-read,,,,0,0
50275,Last Exit to Brooklyn,Hubert Selby Jr.,"Jr., Hubert Selby",Gilbert Sorrentino,"=""0747549923""","=""9780747549925""",0,Marion Boyars,Paperback,290,2000,1964,,2022/04/11,to-read,to-read (#305),to-read,,,,0,0
58984605,And Then I Woke Up,Malcolm Devlin,"Devlin, Malcolm",,"=""1250798086""","=""9781250798084""",0,Tordotcom,Kindle Edition,160,2022,2022,,2022/04/11,to-read,to-read (#304),to-read,,,,0,0
36708290,Long Way Down,Jason Reynolds,"Reynolds, Jason",,"=""1481438263""","=""9781481438261""",0,Atheneum/Caitlyn Dlouhy Books,Paperback,306,2019,2017,,2022/04/09,to-read,to-read (#291),to-read,,,,0,0
93261,The Legend of Sleepy Hollow,Washington Irving,"Irving, Washington",,"=""0809594080""","=""9780809594085""",0,Aegypan,Paperback,108,2004,1820,,2022/04/09,to-read,to-read (#292),to-read,,,,0,0
257865,Mortal Questions,Thomas Nagel,"Nagel, Thomas",,"=""0521406765""","=""9780521406765""",0,Cambridge University Press,Paperback,213,1991,1979,,2022/04/09,to-read,to-read (#303),to-read,,,,0,0
257867,The View From Nowhere,Thomas Nagel,"Nagel, Thomas",,"=""0195056442""","=""9780195056440""",0,Oxford University Press,Paperback,256,1989,1986,,2022/04/09,to-read,to-read (#302),to-read,,,,0,0
34961385,Becoming Who We Need To Be,Colin Wright,"Wright, Colin",,"=""168287009X""","=""9781682870099""",0,Asymmetrical Press,Paperback,264,2017,,,2022/02/09,to-read,to-read (#190),to-read,,,,0,0
18762132,WRITING THE BOOK OF THE WORLD PAPER,Sider,"Sider, Sider",,"=""0199687501""","=""9780199687503""",0,Oxford University Press,Paperback,318,2013,2011,,2021/09/14,to-read,to-read (#36),to-read,,,,0,0
25480342,A Monster Calls,Patrick Ness,"Ness, Patrick",,"=""1406361801""","=""9781406361803""",0,Walker Books,Paperback,237,2015,2011,,2022/04/09,to-read,to-read (#295),to-read,,,,0,0
1852,The Call of the Wild,Jack London,"London, Jack",Avi,"=""""","=""""",0,Scholastic,Mass Market Paperback,172,2001,1903,,2022/04/09,to-read,to-read (#294),to-read,,,,0,0
1044355,When You Are Engulfed in Flames,David Sedaris,"Sedaris, David",,"=""0316143472""","=""9780316143479""",0,Little Brown and Company,Hardcover,323,2008,2008,,2022/04/09,to-read,to-read (#301),to-read,,,,0,0
10176,Dress Your Family in Corduroy and Denim,David Sedaris,"Sedaris, David",,"=""0965904830""","=""9780965904834""",0,"Little, Brown & Co.",Paperback,257,2004,2004,,2022/04/09,to-read,to-read (#300),to-read,,,,0,0
4137,Me Talk Pretty One Day,David Sedaris,"Sedaris, David",,"=""0349113912""","=""9780349113913""",0,"Little, Brown and Company",Paperback,272,2001,2000,,2022/04/09,to-read,to-read (#299),to-read,,,,0,0
4138,Naked,David Sedaris,"Sedaris, David",,"=""""","=""""",0,Back Bay Books,Paperback,304,1998,1997,,2022/04/09,to-read,to-read (#296),to-read,,,,0,0
55030,Cosmos,Carl Sagan,"Sagan, Carl",,"=""0375508325""","=""9780375508325""",0,Random House,Mass Market Paperback,384,2002,1980,,2022/04/09,to-read,to-read (#298),to-read,,,,0,0
4005310,Why Evolution Is True,Jerry A. Coyne,"Coyne, Jerry A.",,"=""0670020532""","=""9780670020539""",0,Viking,Hardcover,282,2009,2008,,2022/04/09,to-read,to-read (#297),to-read,,,,0,0
23692271,Sapiens: A Brief History of Humankind,Yuval Noah Harari,"Harari, Yuval Noah",,"=""""","=""""",0,Vintage,Paperback,512,2015,2011,,2022/04/08,to-read,to-read (#290),to-read,,,,0,0
32191710,Astrophysics for People in a Hurry,Neil deGrasse Tyson,"Tyson, Neil deGrasse",,"=""0393609391""","=""9780393609394""",4.0,W. W. Norton & Company,Hardcover,223,2017,2017,2022/04/08,2022/04/06,,,read,"Tyson strikes a good balance between technical explanations and more relatable dialogue, inserting some well-appreciated humor at various points of the book. Plus, once you get past the deluge of scientific facts, there lie a couple of profound observations at the end of the book that go beyond astrophysics and help the reader see the universe from the ""cosmic perspective"".  ",,,1,0
36223860,"Artificial Condition (The Murderbot Diaries, #2)",Martha Wells,"Wells, Martha",,"=""""","=""""",3.0,Tor.com,Hardcover,158,2018,2018,2022/04/06,2022/04/05,,,read,,,,1,0
53317441,Popisho,Leone Ross,"Ross, Leone",,"=""037460245X""","=""9780374602451""",0,"Farrar, Straus and Giroux",Hardcover,480,2021,2021,,2022/04/05,to-read,to-read (#289),to-read,,,,0,0
43719523,Riot Baby,Tochi Onyebuchi,"Onyebuchi, Tochi",,"=""1250214769""","=""9781250214768""",0,Tor,Kindle Edition,167,2020,2020,,2022/04/05,to-read,to-read (#288),to-read,,,,0,0
41812785,Tears of the Trufflepig,Fernando A. Flores,"Flores, Fernando A.",,"=""0374538336""","=""9780374538330""",0,MCD x FSG Originals,Paperback,336,2019,2019,,2022/04/05,to-read,to-read (#287),to-read,,,,0,0
36204070,The Book of M,Peng Shepherd,"Shepherd, Peng",,"=""0062669605""","=""9780062669605""",0,William Morrow,Hardcover,485,2018,2018,,2022/04/05,to-read,to-read (#286),to-read,,,,0,0
106069,Batman: The Long Halloween,Jeph Loeb,"Loeb, Jeph",Tim Sale,"=""1563894696""","=""9781563894695""",0,DC Comics,Paperback,376,1999,1997,,2022/04/03,to-read,to-read (#285),to-read,,,,0,0
32758901,"All Systems Red (The Murderbot Diaries, #1)",Martha Wells,"Wells, Martha",,"=""""","=""""",3.0,Tor.com,ebook,144,2017,2017,2022/04/03,2022/02/05,,,read,,,,1,0
92625,The Ones Who Walk Away from Omelas,Ursula K. Le Guin,"Guin, Ursula K. Le",,"=""0886825016""","=""9780886825010""",2.0,"Creative Education, Inc.",Library Binding,32,1997,1973,2022/01/01,2021/11/07,,,read,,,,1,0
716872,The Essential Writings of Ralph Waldo Emerson,Ralph Waldo Emerson,"Emerson, Ralph Waldo","Mary Oliver, Brooks Atkinson","=""0679783229""","=""9780679783220""",0,Modern Library,Paperback,880,2000,1983,,2022/04/03,to-read,to-read (#284),to-read,,,,0,0
45183786,"Foundryside (The Founders Trilogy, #1)",Robert Jackson Bennett,"Bennett, Robert Jackson",,"=""0525573844""","=""9780525573845""",0,Del Rey,Paperback,512,2019,2018,,2022/04/01,to-read,to-read (#283),to-read,,,,0,0
6219656,The Lottery,Shirley Jackson,"Jackson, Shirley",,"=""1563127873""","=""9781563127878""",3.0,Perfection Learning,Paperback,30,1990,1948,2022/03/31,2022/03/27,,,read,,,,1,0
31223522,Ilvermorny School of Witchcraft and Wizardry,J.K. Rowling,"Rowling, J.K.",,"=""""","=""""",4.0,pottermore.com,ebook,22,2016,2016,2022/03/31,2022/02/07,,,read,,,,1,0
386162,"The Hitchhiker’s Guide to the Galaxy (The Hitchhiker's Guide to the Galaxy, #1)",Douglas Adams,"Adams, Douglas",,"=""""","=""""",0,Del Rey,Paperback,193,2007,1979,,2022/03/31,to-read,to-read (#282),to-read,,,,0,0
170448,Animal Farm,George Orwell,"Orwell, George","Russell Baker, C.M. Woodhouse","=""0451526341""","=""9780451526342""",5.0,Signet Classics,Mass Market Paperback,141,1996,1945,2022/03/31,2021/11/25,20-before-20,20-before-20 (#3),read,,,,1,0
381440,The Society of the Spectacle,Guy Debord,"Debord, Guy",Donald Nicholson-Smith,"=""0942299795""","=""9780942299793""",0,Zone Books,Paperback,154,1995,1967,,2022/03/31,to-read,to-read (#281),to-read,,,,0,0
449948,Against Civilization: Readings and Reflections,John Zerzan,"Zerzan, John",Kevin Tucker,"=""0922915989""","=""9780922915989""",0,Feral House,Paperback,276,2005,1998,,2022/03/31,to-read,to-read (#280),to-read,,,,0,0
31196,The Razor’s Edge,W. Somerset Maugham,"Maugham, W. Somerset",,"=""1400034205""","=""9781400034208""",0,Vintage International,Paperback,314,2003,1944,,2022/03/31,to-read,to-read (#279),to-read,,,,0,0
333538,The Castle,Franz Kafka,"Kafka, Franz",Mark Harman,"=""0805211063""","=""9780805211061""",0,Schocken,Paperback,328,1998,1926,,2022/03/31,to-read,to-read (#278),to-read,,,,0,0
338798,Ulysses,James Joyce,"Joyce, James","Morris L. Ernst, John M. Woolsey","=""""","=""""",0,Vintage,Paperback,783,1990,1922,,2022/03/31,to-read,to-read (#276),to-read,,,,0,0
5954,Narcissus and Goldmund,Hermann Hesse,"Hesse, Hermann",Ursule Molinaro,"=""0374506841""","=""9780374506841""",0,"The Noonday Press / Farrar, Straus Giroux",Paperback,315,1997,1930,,2022/03/31,to-read,to-read (#275),to-read,,,,0,0
76620,"Watership Down (Watership Down, #1)",Richard  Adams,"Adams, Richard",,"=""038039586X""","=""9780380395866""",0,Avon Books,Mass Market Paperback,478,1975,1972,,2022/03/31,to-read,to-read (#274),to-read,,,,0,0
46170,For Whom the Bell Tolls,Ernest Hemingway,"Hemingway, Ernest",,"=""""","=""""",0,Scribner,Paperback,471,1995,1940,,2022/03/31,to-read,to-read (#273),to-read,,,,0,0
188572,The Complete Sherlock Holmes,Arthur Conan Doyle,"Doyle, Arthur Conan",,"=""""","=""""",0,Bantam Classics,Paperback,1796,1986,1887,,2022/03/31,to-read,to-read (#272),to-read,,,,0,0
32829,Journey to the Center of the Earth,Jules Verne,"Verne, Jules","Lowell Bair, Kim Stanley Robinson","=""0553213970""","=""9780553213973""",0,Bantam,Mass Market Paperback,240,1991,1864,,2022/03/31,to-read,to-read (#271),to-read,,,,0,0
332613,One Flew Over the Cuckoo’s Nest,Ken Kesey,"Kesey, Ken",,"=""""","=""""",0,Signet,Mass Market Paperback,325,1963,1962,,2022/03/31,to-read,to-read (#270),to-read,,,,0,0
231804,The Outsiders,S.E. Hinton,"Hinton, S.E.",,"=""0670532576""","=""9780670532575""",0,Puffin Books (US/CAN),Mass Market Paperback,208,1997,1967,,2022/03/31,to-read,to-read (#269),to-read,,,,0,0
1420,Hamlet,William Shakespeare,"Shakespeare, William","Harold Bloom, Rex Gibson, Israel Gollancz, Henry Norman Hudson, L.A. Sherman, Max J. Herzberg","=""0521618746""","=""9780521618748""",0,Cambridge University Press,Paperback,289,2005,1601,,2022/03/31,to-read,to-read (#268),to-read,,,,0,0
2493,The Time Machine,H.G. Wells,"Wells, H.G.","Greg Bear, Carlo Pagetti","=""""","=""""",0,Signet Classics,Paperback,118,2002,1895,,2022/03/31,to-read,to-read (#267),to-read,,,,0,0
13642710,"Nexus (Nexus, #1)",Ramez Naam,"Naam, Ramez",ARGH! Oxford,"=""0857662937""","=""9780857662934""",0,Angry Robot,Paperback,460,2012,2012,,2022/03/30,to-read,to-read (#266),to-read,,,,0,0
22816087,Seveneves,Neal Stephenson,"Stephenson, Neal",,"=""""","=""""",0,William Morrow,Kindle Edition,872,2015,2015,,2022/03/30,to-read,to-read (#265),to-read,,,,0,0
4982,The Sirens of Titan,Kurt Vonnegut Jr.,"Jr., Kurt Vonnegut",Chris     Moore,"=""""","=""""",0,Gollancz,Paperback,224,1999,1959,,2022/03/30,to-read,to-read (#264),to-read,,,,0,0
26150770,"The Big Picture: On the Origins of Life, Meaning, and the Universe Itself",Sean Carroll,"Carroll, Sean",,"=""0525954821""","=""9780525954828""",0,Dutton,Hardcover,480,2016,2016,,2022/03/30,to-read,to-read (#263),to-read,,,,0,0
45245,"The Reality Dysfunction (Night's Dawn, #1)",Peter F. Hamilton,"Hamilton, Peter F.",,"=""0330340328""","=""9780330340328""",0,Pan Books,Mass Market Paperback,1223,1997,1996,,2022/03/30,to-read,to-read (#262),to-read,,,,0,0
1126719,House of Suns,Alastair Reynolds,"Reynolds, Alastair",,"=""0575099127""","=""9780575099128""",0,Gollancz,Paperback,512,2010,2008,,2022/03/30,to-read,to-read (#261),to-read,,,,0,0
10964,"Outlander (Outlander, #1)",Diana Gabaldon,"Gabaldon, Diana",,"=""0440242940""","=""9780440242949""",0,Dell,Mass Market Paperback,850,2005,1991,,2022/03/30,to-read,to-read (#260),to-read,,,,0,0
186074,"The Name of the Wind (The Kingkiller Chronicle, #1)",Patrick Rothfuss,"Rothfuss, Patrick",,"=""075640407X""","=""9780756404079""",0,Penguin Group DAW,Hardcover,662,2007,2007,,2022/03/30,to-read,to-read (#259),to-read,,,,0,0
89186,Pushing Ice,Alastair Reynolds,"Reynolds, Alastair",,"=""0441014011""","=""9780441014019""",0,Ace Hardcover,Hardcover,458,2006,2005,,2022/03/30,to-read,to-read (#258),to-read,,,,0,0
45252,"Pandora's Star (Commonwealth Saga, #1)",Peter F. Hamilton,"Hamilton, Peter F.",Marta García Martínez,"=""0345461622""","=""9780345461629""",0,Del Rey,Hardcover,768,2005,2004,,2022/03/30,to-read,to-read (#257),to-read,,,,0,0
35721141,The Robots Of Gotham,Todd McAulty,"McAulty, Todd",,"=""1328711013""","=""9781328711014""",0,Houghton Mifflin Harcourt Publishing Company,Hardcover,676,2018,2018,,2022/03/30,to-read,to-read (#256),to-read,,,,0,0
37173847,"Foundryside (The Founders Trilogy, #1)",Robert Jackson Bennett,"Bennett, Robert Jackson",,"=""1524760374""","=""9781524760373""",0,Crown,Kindle Edition,501,2018,2018,,2022/03/30,to-read,to-read (#255),to-read,,,,0,0
37794149,"A Memory Called Empire (Teixcalaan, #1)",Arkady Martine,"Martine, Arkady",,"=""1529001587""","=""9781529001587""",0,Tor,Paperback,448,2019,2019,,2022/03/30,to-read,to-read (#254),to-read,,,,0,0
101869,"The Atrocity Archives (Laundry Files, #1)",Charles Stross,"Stross, Charles",,"=""0441013651""","=""9780441013654""",0,Penguin Publishing Group,Paperback,345,2006,2004,,2022/03/30,to-read,to-read (#253),to-read,,,,0,0
41817481,Underland: A Deep Time Journey,Robert Macfarlane,"Macfarlane, Robert",,"=""0393242145""","=""9780393242140""",0,W.W. Norton & Company,Hardcover,496,2019,2019,,2022/03/30,to-read,to-read (#252),to-read,,,,0,0
16158596,Lexicon,Max Barry,"Barry, Max",,"=""1594205388""","=""9781594205385""",0,Penguin Press,Hardcover,390,2013,2013,,2022/03/30,to-read,to-read (#251),to-read,,,,0,0
116171,Metaplanetary,Tony Daniel,"Daniel, Tony",,"=""0061020257""","=""9780061020254""",0,Harper Voyager,Paperback,530,2002,2001,,2022/03/30,to-read,to-read (#250),to-read,,,,0,0
9265453,Embassytown,China Miéville,"Miéville, China",,"=""0345524497""","=""9780345524492""",0,Del Rey,Hardcover,345,2011,2011,,2022/03/30,to-read,to-read (#249),to-read,,,,0,0
55278507,"Shards of Earth (The Final Architecture, #1)",Adrian Tchaikovsky,"Tchaikovsky, Adrian",Sophie Aldred,"=""1549106392""","=""9781549106392""",0,Orbit,Audiobook,,2021,2021,,2022/03/30,to-read,to-read (#248),to-read,,,,0,0
13589182,Mastery,Robert Greene,"Greene, Robert",,"=""0670024961""","=""9780670024964""",0,Viking,Hardcover,318,2012,2012,,2022/03/30,to-read,to-read (#247),to-read,,,,0,0
13099738,Steal Like an Artist: 10 Things Nobody Told You About Being Creative,Austin Kleon,"Kleon, Austin",,"=""0761169253""","=""9780761169253""",0,Workman Publishing Company,Paperback,160,2012,2012,,2022/03/30,to-read,to-read (#246),to-read,,,,0,0
28791332,Puncture Up,Colin Wright,"Wright, Colin",,"=""""","=""""",0,Asymmetrical Press,Kindle Edition,224,2016,,,2022/03/30,to-read,to-read (#245),to-read,,,,0,0
22047404,Ink and Sand (A tale of More),Colin Wright,"Wright, Colin",,"=""""","=""""",0,Assymetrical Press,Kindle Edition,81,2014,2014,,2022/03/30,to-read,to-read (#244),to-read,,,,0,0
20549876,Mean Universe,Colin Wright,"Wright, Colin",,"=""193879334X""","=""9781938793349""",0,Asymmetrical Press,Kindle Edition,78,2013,2013,,2022/03/30,to-read,to-read (#243),to-read,,,,0,0
20979164,Beige Man (A Tale of More),Colin Wright,"Wright, Colin",,"=""1938793536""","=""9781938793530""",0,Asymmetrical Press,Paperback,80,2014,2014,,2022/03/30,to-read,to-read (#242),to-read,,,,0,0
21488367,Duplicitous Ox (A Tale of More),Colin Wright,"Wright, Colin",,"=""1938793579""","=""9781938793578""",0,Asymmetrical Press,Paperback,74,2014,2014,,2022/03/30,to-read,to-read (#241),to-read,,,,0,0
20549875,Ordovician,Colin Wright,"Wright, Colin",,"=""""","=""""",0,Asymmetrical Press,Kindle Edition,129,2014,2014,,2022/03/30,to-read,to-read (#240),to-read,,,,0,0
17182085,Real Powers: Part One,Colin Wright,"Wright, Colin",,"=""""","=""""",0,Asymmetrical Press,Kindle Edition,215,2012,2012,,2022/03/30,to-read,to-read (#239),to-read,,,,0,0
24213,Alice’s Adventures in Wonderland / Through the Looking-Glass,Lewis Carroll,"Carroll, Lewis","Martin Gardner, John Tenniel","=""""","=""""",5.0,Penguin Group (USA),Paperback,239,2000,1871,2022/03/29,2022/03/28,,,read,,,,1,0
11830394,2312,Kim Stanley Robinson,"Robinson, Kim Stanley",,"=""0316098124""","=""9780316098120""",0,Orbit,Hardcover,561,2012,2012,,2022/03/28,to-read,to-read (#238),to-read,,,,0,0
17803,After Dark,Haruki Murakami,"Murakami, Haruki",Jay Rubin,"=""0307265838""","=""9780307265838""",0,Knopf,Hardcover,191,2007,2004,,2022/03/28,to-read,to-read (#237),to-read,,,,0,0
480204,The Phantom of the Opera,Gaston Leroux,"Leroux, Gaston",,"=""0060809248""","=""9780060809249""",0,Harper Perennial,Mass Market Paperback,360,1987,1910,,2022/03/28,to-read,to-read (#236),to-read,,,,0,0
55077544,"The Extraordinaries (The Extraordinaries, #1)",T.J. Klune,"Klune, T.J.",,"=""125020366X""","=""9781250203663""",0,Tor Teen TR,Paperback,400,2021,2020,,2022/03/28,to-read,to-read (#235),to-read,,,,0,0
57648017,The Storyteller: Tales of Life and Music,Dave Grohl,"Grohl, Dave",,"=""0063076098""","=""9780063076099""",5.0, Dey Street Books ,Hardcover,384,2021,2021,2022/03/27,2021/10/13,,,read,,,,1,0
29397,"Woken Furies (Takeshi Kovacs, #3)",Richard K. Morgan,"Morgan, Richard K.",,"=""0345479718""","=""9780345479716""",0,Del Rey,Hardcover,464,2005,2005,,2022/03/27,to-read,to-read (#234),to-read,,,,0,0
279561,"Broken Angels (Takeshi Kovacs, #2)",Richard K. Morgan,"Morgan, Richard K.",,"=""0345457714""","=""9780345457714""",0,Del Rey / Ballantine Books,Trade Paperback,366,2004,2003,,2022/03/27,to-read,to-read (#233),to-read,,,,0,0
40409140,The Ethics of Cryonics: Is it Immoral to be Immortal?,Francesca Minerva,"Minerva, Francesca",,"=""""","=""9783319785998""",0,Palgrave Macmillan,Kindle Edition,166,2018,,,2022/03/23,to-read,to-read (#232),to-read,,,,0,0
133018,Hellblazer: Dangerous Habits,Garth Ennis,"Ennis, Garth",,"=""1563891506""","=""9781563891502""",0,Vertigo,Paperback,160,1994,1991,,2022/03/23,to-read,to-read (#231),to-read,,,,0,0
97486,The Crow,James O'Barr,"O'Barr, James",,"=""074344647X""","=""9780743446471""",0,Pocket Books,Paperback,240,2002,1989,,2022/03/23,to-read,to-read (#230),to-read,,,,0,0
251912,"Vagabond, Volume 1",Takehiko Inoue,"Inoue, Takehiko",,"=""1591160340""","=""9781591160342""",0,VIZ Media LLC,Paperback,248,2002,1999,,2022/03/23,to-read,to-read (#229),to-read,,,,0,0
25152,"Uzumaki: Spiral into Horror, Vol. 1",Junji Ito,"Ito, Junji",,"=""1569317143""","=""9781569317143""",0,VIZ Media LLC,Paperback,208,2001,1998,,2022/03/23,to-read,to-read (#228),to-read,,,,0,0
969275,"Dragon Ball, Vol. 1: The Monkey King (Dragon Ball, #1)",Akira Toriyama,"Toriyama, Akira",,"=""0575077352""","=""9780575077355""",0,"VIZ Media, LLC",Paperback,192,2003,1985,,2022/03/23,to-read,to-read (#227),to-read,,,,0,0
4339836,"20th Century Boys, Volume 1: Friends",Naoki Urasawa,"Urasawa, Naoki",Akemi Wegmüller,"=""1591169224""","=""9781591169222""",0,VIZ Media,Paperback,210,2009,2000,,2022/03/23,to-read,to-read (#226),to-read,,,,0,0
533016,"Naoki Urasawa's Monster, Volume 1: Herr Dr. Tenma (Naoki Urasawa's Monster, #1)",Naoki Urasawa,"Urasawa, Naoki",Satch Watanabe,"=""1591166411""","=""9781591166412""",0,VIZ Media,Paperback,224,2006,1995,,2022/03/23,to-read,to-read (#225),to-read,,,,0,0
204042,"Naruto, Vol. 1: Uzumaki Naruto (Naruto, #1)",Masashi Kishimoto,"Kishimoto, Masashi",,"=""1569319006""","=""9781569319000""",0,VIZ Media,Paperback ,187,2014,2000,,2022/03/23,to-read,to-read (#224),to-read,,,,0,0
92143,Bone: The Complete Edition,Jeff Smith,"Smith, Jeff",,"=""""","=""""",0,Cartoon Books,Paperback,1332,2004,1991,,2022/03/23,to-read,to-read (#223),to-read,,,,0,0
22416,"Transmetropolitan, Vol. 1: Back on the Street",Warren Ellis,"Ellis, Warren","Darick Robertson, Darick Robertston, Rodney Ramos, Garth Ennis, Nathan Eyring, Patrick Stewart","=""1563894459""","=""9781563894459""",0,Vertigo,Paperback,144,1998,1998,,2022/03/23,to-read,to-read (#222),to-read,,,,0,0
870,"Fullmetal Alchemist, Vol. 1",Hiromu Arakawa,"Arakawa, Hiromu",,"=""1591169208""","=""9781591169208""",0,VIZ Media LLC,Paperback,192,2005,2002,,2022/03/23,to-read,to-read (#221),to-read,,,,0,0
59960,Batman: The Dark Knight Returns,Frank Miller,"Miller, Frank","Klaus Janson, Lynn Varley","=""156389341X""","=""9781563893414""",0,DC Comics,Hardcover,197,2012,1986,,2022/03/23,to-read,to-read (#220),to-read,,,,0,0
30289,The Republic,Plato,"Plato, Plato",Desmond Lee,"=""0140449140""","=""9780140449143""",0,Penguin Classics,Paperback,416,2003,-400,,2022/03/22,to-read,to-read (#219),to-read,,,,0,0
30474,The Communist Manifesto,Karl Marx,"Marx, Karl","Friedrich Engels, Samuel Moore, Gareth Stedman Jones","=""0140447571""","=""9780140447576""",0,Penguin Books,Paperback,288,2002,1848,,2022/03/22,to-read,to-read (#218),to-read,,,,0,0
18414,Utopia,Thomas More,"More, Thomas",Paul  Turner,"=""0140449108""","=""9780140449105""",0,Penguin Classics,Paperback,135,2003,1516,,2022/03/22,to-read,to-read (#217),to-read,,,,0,0
42975172,"The Testaments (The Handmaid's Tale, #2)",Margaret Atwood,"Atwood, Margaret",,"=""""","=""""",4.0,Nan A. Talese,Hardcover,422,2019,2019,2022/03/15,2022/03/04,,,read,,,,1,0
1261307,Man into Superman: The Startling Potential of Human Evolution -- And How To Be Part of It,Robert C.W. Ettinger,"Ettinger, Robert C.W.",,"=""0974347248""","=""9780974347240""",0,Ria University Press,Hardcover,428,2005,1974,,2022/03/15,to-read,to-read (#216),to-read,,,,0,0
36817,The Prospect of Immortality,Robert C.W. Ettinger,"Ettinger, Robert C.W.","R. Michael Perry, Charles Tandy","=""097434723X""","=""9780974347233""",3.0,Ria University Press,Hardcover,304,2005,1964,2022/03/13,2022/02/28,,,read,"As one of the first important manifestos of the cryonics movement, <i>Prospect of Immortality</i> is a must-read for those curious about suspended animation. The use of the word ""immortality"" is frequently cited as a misnomer by many cryonicists, citing that the goal of cryonics is only to save humans in their present state from death, not to grant them eternal life.  However, it is clear that Ettinger was of the strain of cryonicists that inextricably links successful reanimation to the technology that will also prolong life indefinitely. <br/><br/>The book's over-optimism is clear from the start--while it does not exactly use immortality as a synonym for being cryogenically preserved, it ties so many other hypothetical technological successes related to ""immortality"" to the successful revival of ""freezees"" that it leaves little room for doubt. Thus, immortality is not only an appropriate representation of the spirit of what Ettinger proposed, but it is also a clear sign of its excessive idealization.<br/><br/>In simple terms:  Ettinger gets off track at times, but the valuable points he does make throughout and the core principles within still make <i>Prospect of Immortality</i> well worth the read.",,,1,0
144920,Mist,Miguel de Unamuno,"Unamuno, Miguel de",Warner Fite,"=""0252068947""","=""9780252068942""",0,University of Illinois Press,Paperback,332,2000,1914,,2022/03/08,to-read,to-read (#215),to-read,,,,0,0
44436221,Interior Chinatown,Charles Yu,"Yu, Charles",,"=""""","=""""",3.0,Pantheon,Hardcover,288,2020,2020,2022/03/07,2021/12/02,,,read,,,,1,0
29934239,The Legend of Zelda: Ocarina of Time (Legendary Edition),Akira Himekawa,"Himekawa, Akira",,"=""1421589591""","=""9781421589596""",0,VIZ Media LLC,Paperback,378,2016,2016,,2022/03/05,to-read,to-read (#214),to-read,,,,0,0
31572149,"The Legend of Zelda: Twilight Princess, Vol. 1",Akira Himekawa,"Himekawa, Akira",,"=""1421593475""","=""9781421593470""",0,VIZ Media LLC,Paperback,200,2017,2016,,2022/03/05,to-read,to-read (#213),to-read,,,,0,0
55742925,Welcome to Dunder Mifflin: The Ultimate Oral History of The Office,Brian Baumgartner,"Baumgartner, Brian","Ben Silverman, Greg Daniels","=""0063082217""","=""9780063082212""",0,Mariner Books,Kindle Edition,464,2021,2021,,2022/03/05,to-read,to-read (#212),to-read,,,,0,0
6276460,"Immortality: Physically, Scientifically, Now: A Reasonable Guarantee of Bodily Preservation, a General Discussion, & Research Targets",Nathan Duhring,"Duhring, Nathan",,"=""1880209012""","=""9781880209011""",4.0,Alcor Life Extension Foundation,Paperback,0,1991,1991,2022/03/05,2022/03/04,,,read,,,,1,0
38447,"The Handmaid’s Tale (The Handmaid's Tale, #1)",Margaret Atwood,"Atwood, Margaret",,"=""038549081X""","=""9780385490818""",4.0,Anchor Books,Paperback,311,1998,1985,2022/03/05,2021/11/25,,,read,,,,1,0
93251,The October Country,Ray Bradbury,"Bradbury, Ray",Joe Mugnaini,"=""0380973871""","=""9780380973873""",0,William Morrow,Hardcover,334,1999,1955,,2022/03/05,to-read,to-read (#211),to-read,,,,0,0
58502645,Unlikely Animals,Annie  Hartnett,"Hartnett, Annie",,"=""0593160223""","=""9780593160220""",0,Ballantine Books,Hardcover,348,2022,2022,,2022/02/25,to-read,to-read (#210),to-read,,,,0,0
485894,The Metamorphosis,Franz Kafka,"Kafka, Franz",Stanley Corngold,"=""0553213695""","=""9780553213690""",2.0,Bantam Classics,Mass Market Paperback,201,1972,1915,2022/02/24,2022/01/18,,,read,"I don’t think this story is nearly as funny or deep as Kafka meant it to be. In fact, the idiocy of the majority of the characters is just frustrating and make this a difficult read. Paradoxically, The Metamorphosis is both too drawn out and too simplistic. While I can appreciate Kafka’s message about human nature, he could have conveyed it in a story that was better executed and less infuriating. ",,,2,0
656,War and Peace,Leo Tolstoy,"Tolstoy, Leo","Aylmer Maude, Louise Maude","=""0192833987""","=""9780192833983""",0,Oxford University Press,Paperback,1392,1998,1868,,2022/02/22,to-read,to-read (#209),to-read,,,,0,0
15823480,Anna Karenina,Leo Tolstoy,"Tolstoy, Leo","Aylmer Maude, Louise Maude, Dieter Wellershoff, Bruno Goetz, Lev Tolstoj","=""0345803922""","=""9780345803924""",0,Vintage,Paperback,964,2012,1878,,2022/02/22,to-read,to-read (#208),to-read,,,,0,0
315425,In Defense of Food: An Eater's Manifesto,Michael Pollan,"Pollan, Michael",,"=""1594201455""","=""9781594201455""",0,Penguin Press,Hardcover,205,2008,2008,,2022/02/22,to-read,to-read (#207),to-read,,,,0,0
3109,The Omnivore's Dilemma: A Natural History of Four Meals,Michael Pollan,"Pollan, Michael",,"=""1594200823""","=""9781594200823""",0,The Penguin Press,Hardcover,450,2006,2006,,2022/02/22,to-read,to-read (#206),to-read,,,,0,0
52300107,Caffeine: How Caffeine Created the Modern World,Michael Pollan,"Pollan, Michael",,"=""""","=""""",4.0,Audible Original,Audible Audio,2,2020,2020,2022/02/22,2022/02/21,,,read,"Most of us drink a caffeinated beverage without a second thought about the economic or medical implications of its consumption. I think we are even less likely to ruminate on its origins or history.  While Pollan effectively dives into these fascinating aspects of the coffee, tea, and soft drink world, I think the most rewarding part of his exposé is the exploration of the thought-provoking question:  are you using coffee, or is it using you?",,,1,0
34466963,Why We Sleep: Unlocking the Power of Sleep and Dreams,Matthew Walker,"Walker, Matthew",,"=""""","=""""",0,Scribner,Hardcover,368,2017,2017,,2022/02/22,to-read,to-read (#205),to-read,,,,0,0
18386,The Death of Ivan Ilych,Leo Tolstoy,"Tolstoy, Leo","Aylmer Maude, Louise Maude","=""""","=""""",3.0,Waking Lion Press,Paperback,86,2006,1886,2022/01/01,2021/11/07,,,read,,,,1,0
19089,Middlemarch,George Eliot,"Eliot, George",Michel Faber,"=""0451529170""","=""9780451529176""",0,Signet,Mass Market Paperback,912,2003,1872,,2022/02/21,to-read,to-read (#204),to-read,,,,0,0
58542862,The Day of the Triffids,John Wyndham,"Wyndham, John",Jeff Vandermeer,"=""0593450086""","=""9780593450086""",0,Modern Library,Paperback,256,2022,1951,,2022/02/21,to-read,to-read (#203),to-read,,,,0,0
33413128,"Beartown (Beartown, #1)",Fredrik Backman,"Backman, Fredrik",Neil Smith,"=""""","=""""",2.0,Simon & Schuster,ebook,432,2017,2016,2022/02/20,2021/12/14,,,read,"Almost DNF.  I was bored, but pushed through in the hopes that I could find something to like, however, I ultimately I found the themes to be unexciting and cliché. ",,,1,0
59563669,The Smash-Up,Ali Benjamin,"Benjamin, Ali",,"=""0593229673""","=""9780593229675""",0,Random House Trade Paperbacks,Paperback,335,2022,2021,,2022/02/19,to-read,to-read (#202),to-read,,,,0,0
55959421,The Cherry Robbers,Sarai Walker,"Walker, Sarai",,"=""0358251877""","=""9780358251873""",0,Harper,Hardcover,432,2022,2022,,2022/02/15,to-read,to-read (#201),to-read,,,,0,0
57845084,The Doloriad,Missouri Williams,"Williams, Missouri",,"=""0374605084""","=""9780374605087""",0,MCD x FSG Originals,Paperback,240,2022,2022,,2022/02/15,to-read,to-read (#200),to-read,,,,0,0
58438554,The Children on the Hill,Jennifer  McMahon,"McMahon, Jennifer",,"=""1982153954""","=""9781982153953""",0,Gallery/Scout Press,Hardcover,338,2022,2022,,2022/02/15,to-read,to-read (#199),to-read,,,,0,0
57693183,Sundial,Catriona Ward,"Ward, Catriona",,"=""1250812682""","=""9781250812681""",0,Tor Nightfire,Hardcover,292,2022,2022,,2022/02/15,to-read,to-read (#198),to-read,,,,0,0
33877926,Men Without Women,Haruki Murakami,"Murakami, Haruki","Philip Gabriel, Ted Goossen","=""1101974524""","=""9781101974520""",0,Vintage,Paperback,240,2018,2014,,2022/02/13,to-read,to-read (#197),to-read,,,,0,0
53168892,AMORALMAN: A True Story and Other Lies,Derek Delgaudio,"Delgaudio, Derek",,"=""0525658556""","=""9780525658559""",0,Knopf,Hardcover,256,2021,2021,,2022/02/12,to-read,to-read (#196),to-read,,,,0,0
38650847,Philip K. Dick's Electric Dreams,Philip K. Dick,"Dick, Philip K.",,"=""1328995097""","=""9781328995094""",0,Houghton Mifflin Harcourt,Kindle Edition,223,2017,2017,,2022/02/11,to-read,to-read (#195),to-read,,,,0,0
18108609,The (sort of) Dark Mage (Waldo Rabbit #1),Nelson Chereta,"Chereta, Nelson",,"=""""","=""""",0,CreateSpace Independent Publishing Platform,Paperback,492,2013,2013,,2022/02/11,to-read,to-read (#194),to-read,,,,0,0
16126596,The People in the Trees,Hanya Yanagihara,"Yanagihara, Hanya",,"=""0385536771""","=""9780385536776""",0,Doubleday,Hardcover,369,2013,2013,,2022/02/11,to-read,to-read (#193),to-read,,,,0,0
17841,Foucault’s Pendulum,Umberto Eco,"Eco, Umberto",William Weaver,"=""015603297X""","=""9780156032971""",0,Mariner Books,Paperback,623,2007,1988,,2022/02/10,to-read,to-read (#192),to-read,,,,0,0
23567431,Considerations,Colin Wright,"Wright, Colin",,"=""""","=""""",0,Asymmetrical Pres,Kindle Edition,124,2014,2014,,2022/02/09,to-read,to-read (#191),to-read,,,,0,0
18125396,Act Accordingly,Colin Wright,"Wright, Colin",,"=""193879317X""","=""9781938793172""",0,Asymmetrical Press,Paperback,45,2013,2013,,2022/02/09,to-read,to-read (#189),to-read,,,,0,0
25908867,Some Thoughts About Relationships,Colin Wright,"Wright, Colin",Joshua Fields Millburn,"=""1938793870""","=""9781938793875""",0,Asymmetrical Press,Kindle Edition,82,2015,2015,,2022/02/09,to-read,to-read (#188),to-read,,,,0,0
31538635,"Short Stories from Hogwarts of Heroism, Hardship and Dangerous Hobbies (Pottermore Presents, #1)",J.K. Rowling,"Rowling, J.K.",MinaLima,"=""1781106282""","=""9781781106280""",0,Pottermore Limited,ebook,71,2016,2016,,2022/02/07,to-read,to-read (#187),to-read,,,,0,0
31538647,"Hogwarts: An Incomplete and Unreliable Guide (Pottermore Presents, #3)",J.K. Rowling,"Rowling, J.K.",,"=""1781106274""","=""9781781106273""",0,Pottermore Limited,Kindle Edition,85,2016,2016,,2022/02/07,to-read,to-read (#186),to-read,,,,0,0
111450,Quidditch Through the Ages,J.K. Rowling,"Rowling, J.K.",Kennilworthy Whisp,"=""0439321611""","=""9780439321617""",4.0,Scholastic,Hardcover,105,2001,2001,2022/02/07,2022/02/05,,,read,"3.5-- a book that at least 7 out of 10 muggles will thoroughly enjoy.<br/><br/>This is a quick, fun read that is full of many delightful details about Quidditch.  I found it to be more fascinating than expected to dive into the origins of each aspect of Quidditch and very much enjoyed the whimsical and humorous details that were included about the magical sport.",,,1,0
25733990,"Sleeping Giants (Themis Files, #1)",Sylvain Neuvel,"Neuvel, Sylvain",,"=""1101886692""","=""9781101886694""",3.0,Del Rey,Hardcover,320,2016,2016,2022/02/05,2022/01/13,,,read,,,,1,0
42036538,"Gideon the Ninth (The Locked Tomb, #1)",Tamsyn Muir,"Muir, Tamsyn",,"=""1250313198""","=""9781250313195""",0,Tor,Hardcover,448,2019,2019,,2022/01/29,to-read,to-read (#185),to-read,,,,0,0
45046567,"The House in the Cerulean Sea (Cerulean Chronicles, #1)",T.J. Klune,"Klune, T.J.",,"=""1250217288""","=""9781250217288""",3.0,Tor Books,Hardcover,398,2020,2020,2022/01/29,2020/07/16,,,read,,,,1,0
112537,"Rendezvous with Rama (Rama, #1)",Arthur C. Clarke,"Clarke, Arthur C.",,"=""1857231589""","=""9781857231588""",0,Orbit,Paperback,243,1991,1973,,2022/01/25,to-read,to-read (#184),to-read,,,,0,0
57693437,Last Exit,Max Gladstone,"Gladstone, Max",,"=""0765335735""","=""9780765335739""",0,Tor Trade,Paperback,400,2022,2022,,2022/01/25,to-read,to-read (#183),to-read,,,,0,0
53968532,"The Ninth Metal (The Comet Cycle, #1)",Benjamin Percy,"Percy, Benjamin",,"=""0358331536""","=""9780358331537""",0,William Morrow,Hardcover,304,2021,2021,,2022/01/20,to-read,to-read (#182),to-read,,,,0,0
58727511,The Extinction Trials,A.G. Riddle,"Riddle, A.G.",,"=""1940026318""","=""9781940026312""",0,Legion Books,Kindle Edition,349,2021,2021,,2022/01/20,to-read,to-read (#181),to-read,,,,0,0
10054335,Rules of Civility,Amor Towles,"Towles, Amor",,"=""""","=""""",0,Viking Adult,Hardcover,335,2011,2011,,2022/01/20,to-read,to-read (#180),to-read,,,,0,0
57799745,"The Morning Star (Morgenstjernen, #1)",Karl Ove Knausgård,"Knausgård, Karl Ove","Karl Ove Knausgaard, Martin Aitken","=""0399563423""","=""9780399563423""",0,Penguin Press,Hardcover,666,2021,2020,,2022/01/20,to-read,to-read (#179),to-read,,,,0,0
57109107,The Lincoln Highway,Amor Towles,"Towles, Amor",,"=""0735222355""","=""9780735222359""",5.0,Viking,Hardcover,576,2021,2021,2022/01/20,2022/01/06,,,read,,,,1,0
58175765,The Paradox Hotel,Rob Hart,"Hart, Rob",,"=""1984820648""","=""9781984820648""",0,Ballantine Books,Hardcover,336,2022,2022,,2022/01/19,to-read,to-read (#178),to-read,,,,0,0
59228051,The Ballad of Perilous Graves,Alex  Jennings,"Jennings, Alex",,"=""0759557195""","=""9780759557192""",0,Redhook,Hardcover,456,2022,2022,,2022/01/19,to-read,to-read (#177),to-read,,,,0,0
58085212,The Latinist,Mark Prins,"Prins, Mark",,"=""0393541274""","=""9780393541274""",0,W. W. Norton & Company,Hardcover,352,2022,2022,,2022/01/19,to-read,to-read (#176),to-read,,,,0,0
9361589,The Night Circus,Erin Morgenstern,"Morgenstern, Erin",,"=""""","=""9780385534635""",0,Doubleday,Hardcover,506,2011,2011,,2022/01/19,to-read,to-read (#175),to-read,,,,0,0
2165,The Old Man and the Sea,Ernest Hemingway,"Hemingway, Ernest",,"=""0684830493""","=""9780684830490""",3.0,Scribner,Hardcover,96,1996,1952,2022/01/16,2022/01/13,,,read,,,,1,0
59999991,Klara and the Sun,Kazuo Ishiguro,"Ishiguro, Kazuo",,"=""0593311299""","=""9780593311295""",0,Vintage,Paperback,303,2022,2021,,2022/01/15,to-read,to-read (#174),to-read,,,,0,0
18114322,The Grapes of Wrath,John Steinbeck,"Steinbeck, John",,"=""067001690X""","=""9780670016907""",0,Viking,Hardcover,536,2014,1939,,2022/01/14,to-read,to-read (#173),to-read,,,,0,0
5308,The Pearl,John Steinbeck,"Steinbeck, John",,"=""0142000698""","=""9780142000694""",4.0,Penguin Books,Paperback,96,2002,1947,2022/01/14,2022/01/13,,,read,,,,1,0
17402288,Dept. of Speculation,Jenny Offill,"Offill, Jenny",,"=""0385350813""","=""9780385350815""",0,Knopf,Hardcover,179,2014,2014,,2022/01/14,to-read,to-read (#172),to-read,,,,0,0
11100788,Leaving the Atocha Station,Ben Lerner,"Lerner, Ben",,"=""""","=""""",0,Coffee House Press,Paperback,181,2011,2011,,2022/01/14,to-read,to-read (#170),to-read,,,,0,0
92570,The Loser,Thomas Bernhard,"Bernhard, Thomas",Jack Dawson,"=""1400077540""","=""9781400077540""",0,Vintage,Paperback,208,2006,1983,,2022/01/14,to-read,to-read (#169),to-read,,,,0,0
3392293,Ghosts,César Aira,"Aira, César",Chris Andrews,"=""0811217426""","=""9780811217422""",0,New Directions,Paperback,139,2009,1990,,2022/01/14,to-read,to-read (#168),to-read,,,,0,0
247000,The Mezzanine (Vintage Contemporaries),Nicholson Baker,"Baker, Nicholson",,"=""0679725768""","=""9780679725763""",0,Vintage,Paperback,135,1990,1988,,2022/01/14,to-read,to-read (#167),to-read,,,,0,0
31189134,Mapping the Interior,Stephen Graham Jones,"Jones, Stephen Graham",,"=""""","=""""",0,Tor.com,ebook,131,2017,2017,,2022/01/14,to-read,to-read (#166),to-read,,,,0,0
154869,Fat City,Leonard Gardner,"Gardner, Leonard",,"=""0520206576""","=""9780520206571""",0,University of California Press,Paperback,183,1996,1969,,2022/01/14,to-read,to-read (#165),to-read,,,,0,0
590036,Ubik (Vintage),Philip K. Dick,"Dick, Philip K.",,"=""0679736646""","=""9780679736646""",0,Vintage,Paperback,216,1991,1969,,2021/11/25,to-read,to-read (#101),to-read,,,,0,0
251688,Breakfast at Tiffany’s and Three Stories,Truman Capote,"Capote, Truman",,"=""""","=""""",0,Vintage Books,Paperback,142,1993,1958,,2022/01/13,to-read,to-read (#164),to-read,,,,0,0
413,Mason & Dixon,Thomas Pynchon,"Pynchon, Thomas",,"=""0312423209""","=""9780312423209""",0,Picador USA,Paperback,773,2004,1997,,2022/01/13,to-read,to-read (#163),to-read,,,,0,0
5326,A Christmas Carol,Charles Dickens,"Dickens, Charles",Joe L. Wheeler,"=""1561797464""","=""9781561797462""",0,Bethany House Publishers ,Paperback,184,1999,1843,,2022/01/13,to-read,to-read (#162),to-read,,,,0,0
25807,The Postman Always Rings Twice,James M. Cain,"Cain, James M.",,"=""0752861743""","=""9780752861746""",0,Orion,Hardcover,116,2010,1934,,2022/01/13,to-read,to-read (#161),to-read,,,,0,0
46182,In Watermelon Sugar,Richard Brautigan,"Brautigan, Richard",,"=""0099437597""","=""9780099437598""",0,Random House,Paperback,144,2002,1968,,2022/01/13,to-read,to-read (#160),to-read,,,,0,0
55077562,Ridgeline,Michael Punke,"Punke, Michael",,"=""1250310466""","=""9781250310460""",0,Henry Holt and Co.,Hardcover,371,2021,2021,,2022/01/13,to-read,to-read (#159),to-read,,,,0,0
49552,The Stranger,Albert Camus,"Camus, Albert",Matthew  Ward,"=""""","=""""",5.0,Vintage International,Paperback,123,1989,1942,2022/01/11,2021/10/29,20-before-20,20-before-20 (#6),read,"My review of this book?  ""It is not important"".<br/><br/>I hate that I love this book, and I love that I hate it. ""And so?""<br/><br/>This is just another story about an average man, the things that happen to him, and the things he thinks and does (or doesn't do).<br/><br/>Whether or not you like the man or his story, ""the world will go on as before"" you read it.<br/><br/>I suggest: open yourself up to the ""benign indifference of the world"" of Camus.",,,1,0
57891,Battle Royale,Koushun Takami,"Takami, Koushun",,"=""156931778X""","=""9781569317785""",0,"VIZ, LLC",Paperback,624,2003,1999,,2022/01/11,to-read,to-read (#158),to-read,,,,0,0
7144,Crime and Punishment,Fyodor Dostoevsky,"Dostoevsky, Fyodor","David McDuff, Joseph Frank, Fyodor Dostoyevsky","=""""","=""""",0,Penguin,Paperback,671,2002,1866,,2022/01/11,to-read,to-read (#157),to-read,,,,0,0
54785558,Second Place,Rachel Cusk,"Cusk, Rachel",,"=""0374279225""","=""9780374279226""",0,"Farrar, Straus and Giroux",Hardcover,186,2021,2021,,2022/01/07,to-read,to-read (#156),to-read,,,,0,0
35613533,Harry Potter: A History of Magic,British Library,"Library, British","J.K. Rowling, Julian Harrison, Julia Eccleshare, Roger Highfield, Anna Pavord, Lucy Mangan, Tim Peake, Owen  Davies, Richard  Coles, Steve Backshall, Steve Kloves","=""""","=""""",0,Bloomsbury,Hardcover,388,2017,2017,,2022/01/06,to-read,to-read (#155),to-read,,,,0,0
30138477,The Tales of Beedle the Bard,J.K. Rowling,"Rowling, J.K.",,"=""""","=""""",3.0,Pottermore Publishing,Kindle Edition,120,2016,2008,2022/01/06,2022/01/06,,,read,"3.5 stars.  (I'd guess this would be more like a 4.5-5.0 for the Harry Potter-obsessed) Several of the stories were much more entertaining than the others, and Dumbledore's notes explaining each tale are a joy. I didn't like a couple of the stories because they didn't resonate with me or were too cliché.  However, ""The Warlock's Hairy Heart"" was pleasantly more dark and awesome than I expected any of this book's stories to be.  That one alone makes this worth checking out.  The other tale that was a highlight for me was ""Babbitty Rabbitty and her Cackling Stump""-- lots of fun. Last but not least, the Tale of the Three Brothers is classic (if you are familiar with the HP books or films).  ",,,1,0
13079982,Fahrenheit 451,Ray Bradbury,"Bradbury, Ray",,"=""""","=""""",5.0,Simon & Schuster,Mass Market Paperback,249,2011,1963,2022/01/05,2021/09/01,20-before-20,20-before-20 (#2),read,"Fahrenheit 451 is a fascinating book full of vivid imagery and profound, clever dialogue.  This is entertaining social criticism at its best. My only complaint is that the book is far too short-- it ends abruptly and leaves you wishing the novel had only just started.",,,1,0
30962267,The Ghostwriter,A.R. Torre,"Torre, A.R.",,"=""""","=""""",0,DCA,Paperback,321,2017,2017,,2022/01/04,to-read,to-read (#154),to-read,,,,0,0
57693184,Dead Silence,S.A. Barnes,"Barnes, S.A.",,"=""1250819997""","=""9781250819994""",0,Tor Nightfire,Hardcover,343,2022,2022,,2022/01/04,to-read,to-read (#153),to-read,,,,0,0
59241078,My Annihilation,Fuminori Nakamura,"Nakamura, Fuminori",Sam Bett,"=""1641292725""","=""9781641292726""",0,Soho Crime,Hardcover,264,2022,2016,,2022/01/04,to-read,to-read (#152),to-read,,,,0,0
58385688,Nine Lives,Peter  Swanson,"Swanson, Peter",,"=""0062980076""","=""9780062980076""",0,William Morrow,Hardcover,320,2022,2022,,2022/01/04,to-read,to-read (#151),to-read,,,,0,0
34384676,The Wordsmith,Alan Ayer,"Ayer, Alan",,"=""""","=""""",0,,Kindle Edition,334,2017,,,2022/01/03,to-read,to-read (#150),to-read,,,,0,0
40696972,"The Rosewater Insurrection (The Wormwood Trilogy, #2)",Tade Thompson,"Thompson, Tade",,"=""0316449083""","=""9780316449083""",0,Orbit,Paperback,374,2019,2019,,2022/01/02,to-read,to-read (#149),to-read,,,,0,0
45422268,The Vanished Birds,Simon Jimenez,"Jimenez, Simon",,"=""0593128982""","=""9780593128985""",0,Del Rey,Hardcover,391,2020,2020,,2021/12/31,to-read,to-read (#148),to-read,,,,0,0
38362809,"Rosewater (The Wormwood Trilogy, #1)",Tade Thompson,"Thompson, Tade",,"=""0316449059""","=""9780316449052""",4.0,Orbit,Paperback,432,2018,2017,2021/12/31,2021/11/30,,,read,,,,1,0
58438576,Tell Me an Ending,Jo Harkin,"Harkin, Jo",,"=""1982164328""","=""9781982164324""",0,Scribner,Hardcover,448,2022,2022,,2021/12/27,to-read,to-read (#147),to-read,,,,0,0
17876,"Notes from Underground, White Nights, The Dream of a Ridiculous Man, and Selections from The House of the Dead",Fyodor Dostoevsky,"Dostoevsky, Fyodor","Andrew R. MacAndrew, Ben Marcus","=""0451529553""","=""9780451529558""",0,Signet,Mass Market Paperback,233,2004,1864,,2021/12/26,to-read,to-read (#146),to-read,,,,0,0
53205888,Under the Whispering Door,T.J. Klune,"Klune, T.J.",,"=""1250217342""","=""9781250217349""",3.0,Tor Books,Hardcover,376,2021,2021,2021/12/26,2021/12/02,,,read,"3.5 stars. Under The Whispering Door is an entertaining mix of humor and existentialism, with a touch of romance. While the premise of the novel is quite simple, Klune weaves several interesting concepts into the story that make it an enjoyable read.",,,1,0
243705,The Collector,John Fowles,"Fowles, John",,"=""""","=""""",0,Vintage,Paperback,283,1998,1963,,2021/12/16,to-read,to-read (#145),to-read,,,,0,0
51893,Thus Spoke Zarathustra,Friedrich Nietzsche,"Nietzsche, Friedrich","Walter Kaufmann, Silvia Cecchini, Domenico Ciampoli","=""""","=""""",0,Penguin Books,Paperback,327,1978,1883,,2021/12/16,to-read,to-read (#144),to-read,,,,0,0
57773248,Notes on an Execution,Danya Kukafka,"Kukafka, Danya",,"=""0063052733""","=""9780063052734""",0,William Morrow,Hardcover,306,2022,2022,,2021/12/16,to-read,to-read (#143),to-read,,,,0,0
18774964,A Man Called Ove,Fredrik Backman,"Backman, Fredrik",Henning Koch,"=""1476738017""","=""9781476738017""",4.0,Atria Books,Hardcover,337,2014,2012,2021/12/14,2021/09/13,,,read,"A Man Called Ove is a comedic novel about a crusty old man that immediately brings to mind Carl Fredricksen from Disney-Pixar's ""Up"".  Like ""Up"", this book can also tug at your heartstrings, as you follow Ove through all the stages of life and their accompanying emotions.  It's quite a fascinating look into what makes a person like Ove into the man he is, and how there is actually a lot more to him than meets the eye. Despite touching on some pretty dark subject matter, Fredrik Backman manages to put a positive spin on his book by putting its heavier themes into perspective. Overall, this was a fun read, and I think it's a novel I will be recommending to someone looking for a heartfelt book that is funny and insightful.",,,1,0
34111309,The Man of Legends,Kenneth C. Johnson,"Johnson, Kenneth C.",,"=""1477809554""","=""9781477809556""",0,47North,Kindle Edition,428,2017,2017,,2021/12/10,to-read,to-read (#142),to-read,,,,0,0
36307634,"King of Scars (King of Scars, #1)",Leigh Bardugo,"Bardugo, Leigh",,"=""125014227X""","=""9781250142276""",0,Imprint,Kindle Edition,527,2019,2019,,2021/12/09,to-read,to-read (#141),to-read,,,,0,0
4922079,"One Second After (After, #1)",William R. Forstchen,"Forstchen, William R.",Newt Gingrich,"=""0765317583""","=""9780765317582""",0,Forge Books,Hardcover,352,2009,2009,,2021/12/08,to-read,to-read (#140),to-read,,,,0,0
889284,The Postman,David Brin,"Brin, David",,"=""0553278746""","=""9780553278743""",0,Spectra/Bantam Books,Paperback,321,1997,1985,,2021/12/08,to-read,to-read (#139),to-read,,,,0,0
530965,The Day of the Triffids,John Wyndham,"Wyndham, John",,"=""0812967127""","=""9780812967128""",0,Modern Library,Paperback,228,2003,1951,,2021/12/08,to-read,to-read (#138),to-read,,,,0,0
46756,"Oryx and Crake (MaddAddam, #1)",Margaret Atwood,"Atwood, Margaret",,"=""""","=""""",0,Anchor Books,Paperback,389,2012,2003,,2021/12/08,to-read,to-read (#137),to-read,,,,0,0
9275658,"Legend (Legend, #1)",Marie Lu,"Lu, Marie",,"=""""","=""""",0,Putnam Juvenile,Hardcover,305,2011,2011,,2021/12/08,to-read,to-read (#136),to-read,,,,0,0
18586621,"Until the End of the World (Until the End of the World, #1)",Sarah Lyons Fleming,"Fleming, Sarah Lyons",,"=""1491054492""","=""9781491054499""",0,CreateSpace Independent Publishing Platform,Paperback,400,2013,2013,,2021/12/08,to-read,to-read (#135),to-read,,,,0,0
60929,"Dawn (Xenogenesis, #1)",Octavia E. Butler,"Butler, Octavia E.",,"=""0446603775""","=""9780446603775""",0,Warner Books,Paperback,248,1997,1987,,2021/12/08,to-read,to-read (#134),to-read,,,,0,0
17406353,"100 Days in Deadland (Deadland Saga, #1)",Rachel Aukes,"Aukes, Rachel",,"=""""","=""""",0,Surprisingly Adequate Publishing,Kindle Edition,450,2013,2013,,2021/12/08,to-read,to-read (#133),to-read,,,,0,0
13330761,The Dog Stars,Peter Heller,"Heller, Peter",,"=""0307959945""","=""9780307959942""",0,Knopf,Hardcover,336,2012,2012,,2021/12/08,to-read,to-read (#132),to-read,,,,0,0
51964,"Old Man's War (Old Man's War, #1)",John Scalzi,"Scalzi, John",,"=""0765348276""","=""9780765348272""",0,Tor Books,Mass Market Paperback,355,2007,2005,,2021/12/08,to-read,to-read (#131),to-read,,,,0,0
15062217,"14 (Threshold, #1)",Peter Clines,"Clines, Peter",,"=""""","=""""",0,Permuted Press,Kindle Edition,372,2012,2012,,2021/12/08,to-read,to-read (#130),to-read,,,,0,0
248596,Something Wicked This Way Comes,Ray Bradbury,"Bradbury, Ray",,"=""0380729407""","=""9780380729401""",0,Harper Voyager,Mass Market Paperback,293,1998,1962,,2021/12/08,to-read,to-read (#129),to-read,,,,0,0
2526,Blindness,José Saramago,"Saramago, José",Giovanni Pontiero,"=""""","=""""",0,Houghton Mifflin Harcourt Publishing Company,Paperback,326,1999,1995,,2021/12/08,to-read,to-read (#128),to-read,,,,0,0
323172,Mockingbird,Walter Tevis,"Tevis, Walter",,"=""0345431626""","=""9780345431622""",0,Del Rey,Paperback,288,1999,1980,,2021/12/08,to-read,to-read (#127),to-read,,,,0,0
38169,"Alas, Babylon",Pat Frank,"Frank, Pat",David Brin,"=""0060741872""","=""9780060741877""",0,Harper Perennial Modern Classics,Paperback,323,2005,1959,,2021/12/08,to-read,to-read (#126),to-read,,,,0,0
218467,Lucifer's Hammer,Larry Niven,"Niven, Larry",Jerry Pournelle,"=""0449208133""","=""9780449208137""",0,Ballantine/Del Ray,Mass Market Paperback,629,1983,1977,,2021/12/08,to-read,to-read (#125),to-read,,,,0,0
6288,The Road,Cormac McCarthy,"McCarthy, Cormac",,"=""0307265439""","=""9780307265432""",0,Alfred A. Knopf,Hardcover,241,2006,2006,,2021/12/08,,,read,,,,1,0
29806086,"The Book of the Unnamed Midwife (The Road to Nowhere, #1)",Meg Elison,"Elison, Meg",,"=""1503939111""","=""9781503939110""",0,47North,Paperback,291,2016,2014,,2021/12/08,to-read,to-read (#124),to-read,,,,0,0
20643052,"Ink and Bone (The Great Library, #1)",Rachel Caine,"Caine, Rachel",,"=""069818081X""","=""9780698180819""",0,Berkley,Kindle Edition,362,2015,2015,,2021/12/08,to-read,to-read (#123),to-read,,,,0,0
11168429,"The Old Man and the Wasteland (The Wasteland Saga, #1)",Nick Cole,"Cole, Nick",,"=""1257629220""","=""9781257629220""",0,Lulu,ebook,125,2011,2011,,2021/12/08,to-read,to-read (#122),to-read,,,,0,0
27405160,"Good Morning, Midnight",Lily Brooks-Dalton,"Brooks-Dalton, Lily",,"=""0812998901""","=""9780812998900""",0,Random House,ebook,218,2016,2016,,2021/12/08,to-read,to-read (#121),to-read,,,,0,0
34311452,"Year One (Chronicles of The One, #1)",Nora Roberts,"Roberts, Nora",,"=""1250122953""","=""9781250122957""",0,St. Martin's Press,Hardcover,419,2017,2017,,2021/12/08,to-read,to-read (#120),to-read,,,,0,0
27867771,Syncing Forward,W.  Lawrence,"Lawrence, W.",,"=""0990486109""","=""9780990486107""",0,W Lawrence,Paperback,488,2014,2014,,2021/12/08,to-read,to-read (#119),to-read,,,,0,0
2113260,"Shades of Grey (Shades of Grey, #1)",Jasper Fforde,"Fforde, Jasper",,"=""0670019631""","=""9780670019632""",0,Viking,Hardcover,390,2009,2009,,2021/12/08,to-read,to-read (#118),to-read,,,,0,0
31451186,"Borne (Borne, #1)",Jeff Vandermeer,"Vandermeer, Jeff",,"=""0374115249""","=""9780374115241""",0,"MCD / Farrar, Straus and Giroux ",Hardcover,323,2017,2017,,2021/12/08,to-read,to-read (#117),to-read,,,,0,0
9644151,"Ashfall (Ashfall, #1)",Mike Mullin,"Mullin, Mike",,"=""1933718552""","=""9781933718552""",0,Tanglewood Press,Hardcover,476,2011,2011,,2021/12/08,to-read,to-read (#116),to-read,,,,0,0
32599308,The Last Dog on Earth,Adrian J. Walker,"Walker, Adrian J.",,"=""178503572X""","=""9781785035722""",0,Ebury,Paperback,432,2017,2017,,2021/12/08,to-read,to-read (#115),to-read,,,,0,0
40048442,Permafrost,Alastair Reynolds,"Reynolds, Alastair",,"=""1250303559""","=""9781250303554""",0,Tor.com,Kindle Edition,133,2019,2019,,2021/12/08,to-read,to-read (#114),to-read,,,,0,0
22733729,"The Long Way to a Small, Angry Planet (Wayfarers, #1)",Becky Chambers,"Chambers, Becky",,"=""1500453307""","=""9781500453305""",0,CreateSpace Independent Publishing Platform ,Paperback,518,2014,2014,,2021/12/08,to-read,to-read (#113),to-read,,,,0,0
40698027,A Boy and His Dog at the End of the World,C.A. Fletcher,"Fletcher, C.A.",,"=""0316449458""","=""9780316449458""",0,Orbit,Hardcover,365,2019,2019,,2021/12/08,to-read,to-read (#112),to-read,,,,0,0
20518872,"The Three-Body Problem (Remembrance of Earth’s Past, #1)",Liu Cixin,"Cixin, Liu",Ken Liu,"=""""","=""""",0,Tor Books,Hardcover,472,2014,2006,,2021/12/02,to-read,to-read (#111),to-read,,,,0,0
56326737,"Constance (Constance, #1)",Matthew FitzSimmons,"FitzSimmons, Matthew",,"=""154201428X""","=""9781542014281""",0,Thomas & Mercer,Kindle Edition,343,2021,2021,,2021/12/02,to-read,to-read (#110),to-read,,,,0,0
13235689,How Music Works,David   Byrne,"Byrne, David",,"=""1936365537""","=""9781936365531""",0,McSweeneys Books,Hardcover,345,2012,2014,,2021/12/02,to-read,to-read (#109),to-read,,,,0,0
56816904,The Sentence,Louise Erdrich,"Erdrich, Louise",,"=""006267112X""","=""9780062671127""",0,Harper,Hardcover,387,2021,2021,,2021/12/02,to-read,to-read (#108),to-read,,,,0,0
36710811,"How to Change Your Mind: What the New Science of Psychedelics Teaches Us About Consciousness, Dying, Addiction, Depression, and Transcendence",Michael Pollan,"Pollan, Michael",,"=""1594204225""","=""9781594204227""",0,Penguin Press,Hardcover,465,2018,2018,,2021/12/02,to-read,to-read (#107),to-read,,,,0,0
54911607,The Guest List,Lucy Foley,"Foley, Lucy",,"=""0062868934""","=""9780062868930""",0,William Morrow,Hardcover,330,2020,2020,,2021/12/02,to-read,to-read (#106),to-read,,,,0,0
53799686,Anxious People,Fredrik Backman,"Backman, Fredrik",Neil   Smith,"=""1982121602""","=""9781982121600""",3.0,Simon & Schuster Canada,Paperback,336,2020,2019,2021/11/29,2021/11/25,,,read,"This book was quite the ride.  I admire the author’s ability to mingle deep and meaningful topics with the quirky humor of such a ridiculous story. It was mostly off-the-wall and ridiculous in a good way, and at times perhaps a bit overly sentimental. I found myself having more fun than not, so I consider it a better than average read. Ultimately, I think the author accomplished exactly what they set out to do, teach us about life through a varied cast of interesting characters that most of us can relate to. ",,,1,0
45300567,The Maidens,Alex Michaelides,"Michaelides, Alex",,"=""1250304458""","=""9781250304452""",3.0,Celadon Books,Hardcover,337,2021,2021,2021/11/26,2021/11/24,,,read,"2.5 out of 5 stars seems like the perfect rating to represent the half-baked feel of The Maidens.  This story had all the right ingredients, and so much potential, but in the end it just falls flat due to poor execution.  I read this practically back-to-back with The Silent Patient, and it’s clear that where that novel succeeded, this one has issues. The characters in The Maidens are less relatable and I think that that Michaelides relies too heavily on the plot to carry the reader through to the end of the book. But, unfortunately it was a struggle for me to finish this novel because many of the promising ideas contained within really missed the mark. ",,,1,0
23604325,Gumption: Relighting the Torch of Freedom with America's Gutsiest Troublemakers,Nick Offerman,"Offerman, Nick",,"=""0525954678""","=""9780525954675""",0,Dutton,Hardcover,400,2015,2015,,2021/11/26,to-read,to-read (#105),to-read,,,,0,0
44678031,Yearbook,Seth Rogen,"Rogen, Seth",,"=""1984825402""","=""9781984825407""",0,Crown,Hardcover,260,2021,2021,,2021/11/26,to-read,to-read (#104),to-read,,,,0,0
6465707,The Walking Dead: Compendium One,Robert Kirkman,"Kirkman, Robert",,"=""""","=""""",0,Image Comics,Paperback,1088,2009,2009,,2021/11/25,to-read,to-read (#103),to-read,,,,0,0
12067,"Good Omens: The Nice and Accurate Prophecies of Agnes Nutter, Witch",Terry Pratchett,"Pratchett, Terry",Neil Gaiman,"=""""","=""""",0,William Morrow Paperbacks,Paperback,491,2006,1990,,2021/11/25,to-read,to-read (#102),to-read,,,,0,0
93371,"Akira, Vol. 1",Katsuhiro Otomo,"Otomo, Katsuhiro",Satoshi Kon,"=""1569714983""","=""9781569714980""",0,Dark Horse,Paperback,361,2000,1984,,2021/11/25,to-read,to-read (#100),to-read,,,,0,0
56269264,The Dawn of Everything: A New History of Humanity,David Graeber,"Graeber, David",David Wengrow,"=""0374157359""","=""9780374157357""",0,"Farrar, Straus and Giroux",Hardcover,692,2021,2021,,2021/11/25,to-read,to-read (#99),to-read,,,,0,0
21975925,"The Bassoon King: My Life in Art, Faith, and Idiocy",Rainn Wilson,"Wilson, Rainn",,"=""0525954538""","=""9780525954538""",4.0,Dutton,Hardcover,301,2015,2015,,2021/11/25,,,read,,,,1,0
45714792,Savaged,Mia Sheridan,"Sheridan, Mia",,"=""""","=""""",3.0,,ebook,544,2019,2019,2021/11/25,2021/11/22,,,read,,,,1,0
228665,"The Eye of the World (The Wheel of Time, #1)",Robert Jordan,"Jordan, Robert",,"=""0812511816""","=""9780812511819""",0,Tor Books,Mass Market Paperback,800,1990,1990,,2021/11/23,to-read,to-read (#98),to-read,,,,0,0
40963358,Dhalgren,Samuel R. Delany,"Delany, Samuel R.",William Gibson,"=""1480461784""","=""9781480461789""",0,Open Road Media Sci-Fi & Fantasy,Kindle Edition,836,2014,1975,,2021/11/22,to-read,to-read (#97),to-read,,,,0,0
17235026,"The Girl with All the Gifts (The Girl With All the Gifts, #1)",M.R. Carey,"Carey, M.R.",,"=""0356500152""","=""9780356500157""",0,Orbit ,Paperback,461,2014,2014,,2021/11/22,to-read,to-read (#96),to-read,,,,0,0
30165203,"American Gods (American Gods, #1)",Neil Gaiman,"Gaiman, Neil",,"=""""","=""""",0,William Morrow,Kindle Edition,635,2011,2001,,2021/11/22,to-read,to-read (#95),to-read,,,,0,0
57913,The Illuminatus! Trilogy,Robert Shea,"Shea, Robert",Robert Anton Wilson,"=""0440539811""","=""9780440539810""",0,Dell,Paperback,805,1983,1983,,2021/11/22,to-read,to-read (#94),to-read,,,,0,0
22285,Rant: An Oral Biography of Buster Casey,Chuck Palahniuk,"Palahniuk, Chuck",,"=""0385517874""","=""9780385517874""",0,Doubleday,Hardcover,320,2007,2007,,2021/11/22,to-read,to-read (#93),to-read,,,,0,0
33413556,The Gone World,Tom Sweterlitsch,"Sweterlitsch, Tom",,"=""0399167501""","=""9780399167508""",0,G.P. Putnam's Sons,Hardcover,400,2018,2018,,2021/11/22,to-read,to-read (#92),to-read,,,,0,0
41433634,"Heroes: Mortals and Monsters, Quests and Adventures (Stephen Fry's Great Mythology, #2)",Stephen Fry,"Fry, Stephen",,"=""0241380375""","=""9780241380376""",0,Michael Joseph,Paperback,415,2018,2018,,2021/11/22,to-read,to-read (#91),to-read,,,,0,0
40097951,The Silent Patient,Alex Michaelides,"Michaelides, Alex",,"=""1250301696""","=""9781250301697""",4.0,Celadon Books,Hardcover,336,2019,2019,2021/11/22,2021/10/11,,,read,"A solid read that I will mentally shelve under ""good mystery novels"".  I enjoyed following the protagonist in his search to uncover the truth, and I was a fan of the diary entries found within as well. While there were a few aspects of the novel that were unbelievable to me, and a bit of the middle was a tad underwhelming (for reasons I find it difficult to pinpoint), these shortcomings were easy to overlook because the ingenious ending was WELL worth it. ",,,1,0
35074096,"Mythos - The Greek Myths Retold (Stephen Fry's Great Mythology, #1)",Stephen Fry,"Fry, Stephen",,"=""0718188721""","=""9780718188726""",0,Michael Joseph,Hardcover,416,2017,2017,,2021/11/22,to-read,to-read (#90),to-read,,,,0,0
58980633,Ready Player Two (Ready Player One #2),Ernest Cline,"Cline, Ernest",,"=""1524761346""","=""9781524761349""",4.0,Ballantine Books,Paperback,384,2021,2020,2021/11/21,2021/10/11,,,read,"Wade’s adventure continues in a second installment that is just as fun as the first! With another heavy dose of nostalgia, Ready Player Two not only once again scratches the pop culture lovers itch, but it also takes things to the next level by delving into the ethical and existential themes related to technology and immortality.",,,1,0
56172288,Mirrorland,Carole Johnstone,"Johnstone, Carole",,"=""1982136081""","=""9781982136086""",0,Scribner,Kindle Edition,319,2021,2021,,2021/11/13,to-read,to-read (#89),to-read,,,,0,0
10357575,"1Q84 (1Q84, #1-3)",Haruki Murakami,"Murakami, Haruki","Jay Rubin, Philip Gabriel","=""0307593312""","=""9780307593313""",4.0,Knopf,Hardcover,944,2011,2009,2021/11/12,2021/10/11,,,read,"While it isn’t a book that I would recommend to everyone, there is a lot to love about 1Q84. The ethereal world Murakami created and the way its narratives intertwine is both fascinating and complex, with many whimsical touches.  With its rich imagery and character development, I will remember 1Q84 as something approximating a Hayao Miyazaki story for adults (for my  lack of a better comparison). Even with it being quite lengthy and at times repetitive, I was surprised that I found myself unable to abandon reading 1Q84. (I went in having accepted the possibility that I might give up reading due to its page count) Yes, the plot can be difficult to wrap your head around at a few points, but I would recommend 1Q84 to anyone craving a weird world and deep dives into the brains of a diverse set of characters. For me, it ended up being a good introduction to Murakami, and I very much look forward to exploring his other works.",,,1,0
83596,Engines of Creation: The Coming Era of Nanotechnology (Anchor Library of Science),Eric Drexler,"Drexler, Eric",,"=""0385199732""","=""9780385199735""",0,Knopf Doubleday Publishing Group,Paperback,299,1987,1986,,2021/11/09,to-read,to-read (#88),to-read,,,,0,0
10033,Being and Nothingness,Jean-Paul Sartre,"Sartre, Jean-Paul",Hazel E. Barnes,"=""0415278481""","=""9780415278485""",0,Routledge,Paperback,688,2003,1943,,2021/11/08,to-read,to-read (#87),to-read,,,,0,0
19161852,"The Fifth Season (The Broken Earth, #1)",N.K. Jemisin,"Jemisin, N.K.",,"=""""","=""""",0,Orbit,Paperback,468,2015,2015,,2021/11/07,to-read,to-read (#86),to-read,,,,0,0
56897474,The Dictionary of Obscure Sorrows,John Koenig,"Koenig, John",,"=""1501153641""","=""9781501153648""",0,Simon & Schuster,Hardcover,272,2021,2018,,2021/11/06,to-read,to-read (#85),to-read,,,,0,0
11987,"The Myth of Sisyphus, and Other Essays",Albert Camus,"Camus, Albert",Justin O'Brien,"=""""","=""""",0,Vintage International,Paperback,212,1991,1942,,2021/11/05,to-read,to-read (#84),to-read,,,,0,0
49628,Cloud Atlas,David  Mitchell,"Mitchell, David",,"=""0375507256""","=""9780375507250""",0,Random House,Paperback,509,2004,2004,,2021/11/05,to-read,to-read (#83),to-read,,,,0,0
31548,Of Human Bondage,W. Somerset Maugham,"Maugham, W. Somerset","Maeve Binchy, Benjamin DeMott","=""0451530179""","=""9780451530172""",0,Signet,Mass Market Paperback,684,2007,1915,,2021/11/05,to-read,to-read (#82),to-read,,,,0,0
41880609,On Earth We're Briefly Gorgeous,Ocean Vuong,"Vuong, Ocean",,"=""0525562028""","=""9780525562023""",0,Penguin Press,Hardcover,246,2019,2019,,2021/11/02,to-read,to-read (#80),to-read,,,,0,0
35965482,"Middlegame (Alchemical Journeys, #1)",Seanan McGuire,"McGuire, Seanan",,"=""1250195519""","=""9781250195517""",0,Tor.com Publishing,Kindle Edition,492,2019,2019,,2021/11/02,to-read,to-read (#79),to-read,,,,0,0
6294,"Howl's Moving Castle (Howl's Moving Castle, #1)",Diana Wynne Jones,"Jones, Diana Wynne",,"=""006441034X""","=""9780064410342""",0,Harper Trophy,Mass Market Paperback,448,2001,1986,,2021/11/02,to-read,to-read (#78),to-read,,,,0,0
54483293,Purgatory Mount,Adam Roberts,"Roberts, Adam",,"=""1473230942""","=""9781473230941""",0,Gollancz,Hardcover,320,2021,2021,,2021/10/31,to-read,to-read (#77),to-read,,,,0,0
22323,"Burning Chrome (Sprawl, #0)",William Gibson,"Gibson, William",Bruce Sterling,"=""0060539828""","=""9780060539825""",0,Eos,Paperback,204,2003,1986,,2021/10/31,to-read,to-read (#76),to-read,,,,0,0
414999,Childhood’s End,Arthur C. Clarke,"Clarke, Arthur C.",,"=""""","=""""",0,Del Rey Books,Mass Market Paperback,224,1987,1953,,2021/10/31,to-read,to-read (#75),to-read,,,,0,0
28676,American Psycho,Bret Easton Ellis,"Ellis, Bret Easton",,"=""0679735771""","=""9780679735779""",0,Vintage Contemporaries,Paperback,399,1991,1991,,2021/10/29,to-read,to-read (#74),to-read,,,,0,0
492532,Canopus in Argos: Archives,Doris Lessing,"Lessing, Doris",,"=""0679741844""","=""9780679741848""",0,Vintage,Paperback,1228,1992,1981,,2021/10/28,to-read,to-read (#73),to-read,,,,0,0
43412920,"Ducks, Newburyport",Lucy Ellmann,"Ellmann, Lucy",,"=""191029697X""","=""9781910296974""",0,Galley Beggar Press,Paperback,1022,2019,2019,,2021/10/28,to-read,to-read (#72),to-read,,,,0,0
7126,The Count of Monte Cristo,Alexandre Dumas,"Dumas, Alexandre",Robin Buss,"=""0140449264""","=""9780140449266""",0,Penguin Classics,Paperback,1276,2003,1846,,2021/10/28,to-read,to-read (#71),to-read,,,,0,0
415,Gravity’s Rainbow,Thomas Pynchon,"Pynchon, Thomas",,"=""0143039946""","=""9780143039945""",0,Penguin Books,Paperback,776,2006,1973,,2021/10/28,to-read,to-read (#70),to-read,,,,0,0
4934,The Brothers Karamazov,Fyodor Dostoevsky,"Dostoevsky, Fyodor","Richard Pevear, Larissa Volokhonsky","=""0374528373""","=""9780374528379""",0,"Farrar, Straus and Giroux",Paperback,796,2002,1879,,2021/10/28,to-read,to-read (#69),to-read,,,,0,0
17837762,Uzumaki,Junji Ito,"Ito, Junji",Yuji Oniki,"=""1421561328""","=""9781421561325""",0,VIZ Media,Hardcover,653,2013,1998,,2021/10/27,to-read,to-read (#68),to-read,,,,0,0
5043,"The Pillars of the Earth (Kingsbridge, #1)",Ken Follett,"Follett, Ken",,"=""045122213X""","=""9780451222138""",0,Penguin Books,Paperback,976,2007,1989,,2021/10/21,to-read,to-read (#67),to-read,,,,0,0
416318,The Ego and Its Own,Max Stirner,"Stirner, Max",David Leopold,"=""0521450160""","=""9780521450164""",0,Cambridge University Press,Hardcover,432,1995,1844,,2021/10/20,to-read,to-read (#66),to-read,,,,0,0
6763725,Capitalist Realism: Is There No Alternative?,Mark Fisher,"Fisher, Mark",,"=""1846943175""","=""9781846943171""",0,Zero Books,Paperback,81,2009,2009,,2021/10/20,to-read,to-read (#65),to-read,,,,0,0
40876575,Utopia for Realists: How We Can Build the Ideal World,Rutger Bregman,"Bregman, Rutger",,"=""0316471909""","=""9780316471909""",0,"Little, Brown and Company",Kindle Edition,262,2017,2014,,2021/10/20,to-read,to-read (#64),to-read,,,,0,0
49098225,Another Now: Dispatches from an Alternative Present,Yanis Varoufakis,"Varoufakis, Yanis",,"=""1847925634""","=""9781847925633""",0,Bodley Head,Hardcover,235,2020,2020,,2021/10/20,to-read,to-read (#63),to-read,,,,0,0
16052822,"Of the People, By the People: The Case for a Participatory Economy",Robin Hahnel,"Hahnel, Robin",,"=""""","=""""",0,Soapbox,Paperback,148,2012,2012,,2021/10/20,to-read,to-read (#62),to-read,,,,0,0
57297478,The Invisible Life of Addie LaRue,V.E. Schwab,"Schwab, V.E.",,"=""""","=""""",0,Tor Books,Hardcover,448,2021,2020,,2021/10/18,to-read,to-read (#61),to-read,,,,0,0
41783295,"Mind-Body Problems: Science, Subjectivity & Who We Really Are",John Horgan,"Horgan, John",,"=""""","=""""",4.0,,Kindle Edition,258,2018,,2021/10/13,2021/10/11,,,read,,,,1,0
25499718,"Children of Time (Children of Time, #1)",Adrian Tchaikovsky,"Tchaikovsky, Adrian",,"=""1447273281""","=""9781447273288""",0,PanMacmillan,Hardcover,600,2015,2015,,2021/10/13,to-read,to-read (#60),to-read,,,,0,0
18796,In Search of Lost Time,Marcel Proust,"Proust, Marcel","C.K. Scott Moncrieff, Terence Kilmartin, Andreas Mayor, D.J. Enright","=""0812969642""","=""9780812969641""",0,Modern Library,Paperback,4211,2003,1913,,2021/10/12,to-read,to-read (#59),to-read,,,,0,0
11275,The Wind-Up Bird Chronicle,Haruki Murakami,"Murakami, Haruki",Jay Rubin,"=""0965341984""","=""9780965341981""",0,Knopf,Paperback,607,1997,1994,,2021/10/12,to-read,to-read (#58),to-read,,,,0,0
24113,"Gödel, Escher, Bach: An Eternal Golden Braid",Douglas R. Hofstadter,"Hofstadter, Douglas R.",,"=""0465026567""","=""9780465026562""",0,Basic Books,Paperback,777,1999,1979,,2021/10/12,to-read,to-read (#57),to-read,,,,0,0
95558,Solaris,Stanisław Lem,"Lem, Stanisław","Steve Cox, Joanna Kilmartin","=""""","=""""",0,Harcourt,Paperback,204,2002,1961,,2021/10/12,to-read,to-read (#56),to-read,,,,0,0
28877,"Red Dragon (Hannibal Lecter, #1)",Thomas  Harris,"Harris, Thomas",,"=""""","=""""",0,Dutton,Hardcover,454,2000,1981,,2021/10/11,to-read,to-read (#55),to-read,,,,0,0
2429135,"The Girl With the Dragon Tattoo (Millennium, #1)",Stieg Larsson,"Larsson, Stieg",Reg Keeland,"=""0670069019""","=""9780670069019""",0,Viking Canada,Hardcover,480,2008,2005,,2021/10/11,to-read,to-read (#54),to-read,,,,0,0
18045891,Sharp Objects,Gillian Flynn,"Flynn, Gillian",,"=""0297851535""","=""9780297851530""",4.0,Broadway Paperbacks,Paperback,254,2007,2006,2021/10/11,2021/09/01,,,read,,,,1,0
11588,"The Shining (The Shining, #1)",Stephen  King,"King, Stephen",,"=""0450040186""","=""9780450040184""",0,New English Library,Mass Market Paperback,497,1980,1977,,2021/10/05,to-read,to-read (#53),to-read,,,,0,0
33124137,Pet Sematary,Stephen  King,"King, Stephen",,"=""""","=""""",0,Scribner,Kindle Edition,580,2014,1983,,2021/10/05,to-read,to-read (#52),to-read,,,,0,0
5886881,Dark Places,Gillian Flynn,"Flynn, Gillian",,"=""0307341569""","=""9780307341563""",0,Shaye Areheart Books,Hardcover,424,2009,2009,,2021/10/04,to-read,to-read (#51),to-read,,,,0,0
19288043,Gone Girl,Gillian Flynn,"Flynn, Gillian",,"=""0307588378""","=""9780307588371""",0,Ballantine Books,Paperback,415,2014,2012,,2021/10/04,to-read,to-read (#50),to-read,,,,0,0
7108926,"The Last Shadow (The Shadow Series, #6)",Orson Scott Card,"Card, Orson Scott",,"=""0765304953""","=""9780765304957""",0,Tor Books,Hardcover,315,2021,2021,,2021/09/28,to-read,to-read (#49),to-read,,,,0,0
44767458,"Dune (Dune, #1)",Frank Herbert,"Herbert, Frank",,"=""059309932X""","=""9780593099322""",4.0,Ace,Hardcover,658,2019,1965,2021/09/27,2020/07/16,,,read,,,,1,0
57004637,The Book of Form and Emptiness,Ruth Ozeki,"Ozeki, Ruth",,"=""0399563644""","=""9780399563645""",0,Viking,Hardcover,548,2021,2021,,2021/09/23,to-read,to-read (#48),to-read,,,,0,0
16130537,The Humans,Matt Haig,"Haig, Matt",,"=""1476727910""","=""9781476727912""",0,Simon & Schuster,Hardcover,285,2013,2013,,2021/09/20,to-read,to-read (#47),to-read,,,,0,0
23453112,Modern Romance,Aziz Ansari,"Ansari, Aziz",Eric Klinenberg,"=""1594206279""","=""9781594206276""",0,Penguin Press,Hardcover,279,2015,2015,,2021/09/20,to-read,to-read (#46),to-read,,,,0,0
375802,"Ender’s Game (Ender's Saga, #1)",Orson Scott Card,"Card, Orson Scott",,"=""0812550706""","=""9780812550702""",5.0,Tor,Mass Market Paperback,324,2004,1985,,2013/06/16,,,read,,,,1,0
102868,"A Study in Scarlet (Sherlock Holmes, #1)",Arthur Conan Doyle,"Doyle, Arthur Conan",,"=""1420925539""","=""9781420925531""",0,Digireads.com,Paperback,123,2005,1887,,2021/09/15,to-read,to-read (#45),to-read,,,,0,0
18616975,"Off to Be the Wizard (Magic 2.0, #1)",Scott  Meyer,"Meyer, Scott",,"=""1612184715""","=""9781612184715""",0,47North,Paperback,373,2014,2013,,2021/09/15,to-read,to-read (#44),to-read,,,,0,0
350,Stranger in a Strange Land,Robert A. Heinlein,"Heinlein, Robert A.",James Warhola,"=""""","=""""",0,Ace,Paperback,525,1991,1961,,2021/09/15,to-read,to-read (#43),to-read,,,,0,0
61179,Ringworld (Ringworld #1),Larry Niven,"Niven, Larry",,"=""0575077026""","=""9780575077027""",0,Gollancz,Paperback,288,2005,1970,,2021/09/15,to-read,to-read (#42),to-read,,,,0,0
25322449,Radio Silence,Alice Oseman,"Oseman, Alice",,"=""""","=""""",0,Harper Collins Children's Books,Paperback,496,2016,2016,,2021/09/15,to-read,to-read (#41),to-read,,,,0,0
43301353,"The Space Between Worlds (The Space Between Worlds, #1)",Micaiah Johnson,"Johnson, Micaiah",,"=""""","=""""",0,Crown,,336,2020,2020,,2021/09/15,to-read,to-read (#40),to-read,,,,0,0
43352954,This Is How You Lose the Time War,Amal El-Mohtar,"El-Mohtar, Amal",Max Gladstone,"=""""","=""""",0,Saga Press,ebook,209,2019,2019,,2021/09/15,to-read,to-read (#39),to-read,,,,0,0
35504431,Turtles All the Way Down,John  Green,"Green, John",,"=""0525555366""","=""9780525555360""",0,Dutton Books for Young Readers,Hardcover,290,2017,2017,,2021/09/15,to-read,to-read (#38),to-read,,,,0,0
43822820,"The Family Upstairs (The Family Upstairs, #1)",Lisa Jewell,"Jewell, Lisa",,"=""1501190105""","=""9781501190100""",4.0,Atria Books,Hardcover,352,2019,2019,,2021/09/15,,,read,,,,1,0
30268522,Why Not Me?,Mindy Kaling,"Kaling, Mindy",,"=""0804138168""","=""9780804138161""",3.0,Three Rivers Press ,Paperback,240,2016,2015,,2021/09/15,,,read,,,,2,0
9418327,Bossypants,Tina Fey,"Fey, Tina",,"=""""","=""""",3.0,Reagan Arthur Books,ebook,283,2011,2011,,2021/09/15,,,read,,,,2,0
35066358,The First Fifteen Lives of Harry August,Claire North,"North, Claire",,"=""""","=""""",4.0,Redhook,Kindle Edition,417,2014,2014,,2021/09/15,,,read,,,,1,0
796665,Material Beings,Peter van Inwagen,"Inwagen, Peter van",,"=""0801483069""","=""9780801483066""",0,Cornell University Press,Paperback,288,1995,1990,,2021/09/14,to-read,to-read (#37),to-read,,,,0,0
3076786,The Concept of Identity,Eli Hirsch,"Hirsch, Eli",,"=""019502995X""","=""9780195029956""",0,Oxford University Press,Hardcover,328,1982,1982,,2021/09/14,to-read,to-read (#35),to-read,,,,0,0
5211,A Fine Balance,Rohinton Mistry,"Mistry, Rohinton",,"=""140003065X""","=""9781400030651""",0,Vintage,Paperback,603,1997,1995,,2021/09/13,to-read,to-read (#34),to-read,,,,0,0
13496,"A Game of Thrones (A Song of Ice and Fire, #1)",George R.R. Martin,"Martin, George R.R.",,"=""""","=""""",0,Bantam,Mass Market Paperback,835,2005,1996,,2021/09/09,to-read,to-read (#33),to-read,,,,0,0
15839976,"Red Rising (Red Rising Saga, #1)",Pierce Brown,"Brown, Pierce",,"=""""","=""""",5.0,Del Rey,Hardcover,382,2014,2014,2021/08/31,2021/07/15,,,read,,,,1,0
50548197,"A Deadly Education (The Scholomance, #1)",Naomi Novik,"Novik, Naomi",,"=""0593128486""","=""9780593128480""",0,Del Rey,Hardcover,320,2020,2020,,2021/09/09,to-read,to-read (#32),to-read,,,,0,0
44034616,The Lost Causes of Bleak Creek,Rhett McLaughlin,"McLaughlin, Rhett","Link Neal, Lance   Rubin","=""1984822136""","=""9781984822130""",3.0,Crown,Hardcover,327,2019,2019,,2021/09/09,,,read,,,,1,0
9969571,"Ready Player One (Ready Player One, #1)",Ernest Cline,"Cline, Ernest",,"=""030788743X""","=""9780307887436""",4.0,Crown Publishers,Hardcover,480,2011,2011,2021/09/09,2021/08/18,,,read,"An easy, fun read.  A must-read for anyone who has nostalgia for the 1980s or video games.",,,1,0
40651883,Snow Crash,Neal Stephenson,"Stephenson, Neal",,"=""""","=""""",0,Spectra,Kindle Edition,559,2018,1992,,2021/09/09,to-read,to-read (#31),to-read,,,,0,0
34384161,"Worm Holes (Quantum Roots, #2)",Kyle Keyes,"Keyes, Kyle",,"=""0986437492""","=""9780986437496""",0,CreateSpace,Paperback,296,2017,2017,,2021/09/07,to-read,to-read (#30),to-read,,,,0,0
6759,Infinite Jest,David Foster Wallace,"Wallace, David Foster",,"=""""","=""""",0,Back Bay Books,Paperback,1088,2005,1996,,2021/09/07,to-read,to-read (#29),to-read,,,,0,0
8855321,Leviathan Wakes,James S.A. Corey,"Corey, James S.A.",,"=""1841499889""","=""9781841499888""",0,Orbit,Paperback,561,2011,2011,,2021/09/07,to-read,to-read (#28),to-read,,,,0,0
49750133,Finding Identity,Silenus,"Silenus, Silenus",,"=""1727837894""","=""9781727837896""",0,CreateSpace Independent Publishing Platform,Paperback,241,2019,,,2021/09/02,to-read,to-read (#27),to-read,,,,0,0
56172358,Field Guide to the Haunted Forest,Jarod K. Anderson,"Anderson, Jarod K.",,"=""""","=""9798572931358""",0,Crooked Wall Press,Paperback,72,2020,2020,,2021/09/02,to-read,to-read (#26),to-read,,,,0,0
40881903,Unparalleled,D.S.   Smith,"Smith, D.S.",,"=""""","=""""",0,Amazon Media EU S.à r.l.,Kindle Edition,287,2019,2018,,2021/09/02,to-read,to-read (#25),to-read,,,,0,0
40604658,"Jurassic Park (Jurassic Park, #1)",Michael Crichton,"Crichton, Michael",,"=""0307763056""","=""9780307763051""",0,Ballantine Books,Kindle Edition,466,2012,1990,,2021/09/02,to-read,to-read (#24),to-read,,,,0,0
4980,Breakfast of Champions,Kurt Vonnegut Jr.,"Jr., Kurt Vonnegut",,"=""0385334206""","=""9780385334204""",3.0,Dell Publishing,Paperback,303,1999,1973,2021/01/01,2021/09/02,,,read,,,,1,0
52854408,Super Mario Manga Mania,Yukio Sawada,"Sawada, Yukio",,"=""1974718484""","=""9781974718481""",4.0,VIZ Media LLC,Paperback,160,2020,1991,,2021/09/02,,,read,,,,1,0
40961427,1984,George Orwell,"Orwell, George",,"=""""","=""""",4.0,Houghton Mifflin Harcourt,ebook,298,2013,1949,,2021/09/01,,,read,,,,1,0
8908,World War Z: An Oral History of the Zombie War,Max Brooks,"Brooks, Max",,"=""0307346609""","=""9780307346605""",0,Crown,Hardcover,342,2006,2006,,2021/09/01,to-read,to-read (#23),to-read,,,,0,0
40792913,"Altered Carbon (Takeshi Kovacs, #1)",Richard K. Morgan,"Morgan, Richard K.",,"=""""","=""""",5.0,Del Rey,Kindle Edition,544,2018,2002,2021/07/01,2021/07/15,,,read,,,,1,0
7082,Do Androids Dream of Electric Sheep?,Philip K. Dick,"Dick, Philip K.",Roger Zelazny,"=""""","=""""",5.0,Del Rey / Ballantine Books,Paperback,244,1996,1968,2021/01/01,2021/07/15,,,read,,,,1,0
54304137,If It Bleeds,Stephen  King,"King, Stephen",,"=""1982137983""","=""9781982137984""",0,Scribner,Paperback,434,2021,2020,,2021/05/15,to-read,to-read (#22),to-read,,,,0,0
48840119,In the Deep,Loreth Anne White,"White, Loreth Anne",,"=""""","=""""",0,Montlake,Kindle Edition,367,2020,2020,,2020/10/08,to-read,to-read (#21),to-read,,,,0,0
50892240,They Never Learn,Layne Fargo,"Fargo, Layne",,"=""1982132027""","=""9781982132026""",0,Gallery/Scout Press,Hardcover,378,2020,2020,,2020/10/08,to-read,to-read (#20),to-read,,,,0,0
50891495,Cuyahoga,Pete Beatty,"Beatty, Pete",,"=""1982155558""","=""9781982155551""",0,Scribner,Hardcover,265,2020,2020,,2020/10/08,to-read,to-read (#19),to-read,,,,0,0
52764801,The Thirty Names of Night,Zeyn Joukhadar,"Joukhadar, Zeyn",,"=""1982121491""","=""9781982121495""",0,Atria Books,Hardcover,291,2020,2020,,2020/10/08,to-read,to-read (#18),to-read,,,,0,0
53980810,A Frenzy of Sparks,Kristin Fields,"Fields, Kristin",,"=""1542022436""","=""9781542022439""",0,Lake Union Publishing,Kindle Edition,252,2020,2020,,2020/10/08,to-read,to-read (#17),to-read,,,,0,0
53479918,The Smash-Up,Ali Benjamin,"Benjamin, Ali",,"=""0593229657""","=""9780593229651""",0,Random House,Hardcover,352,2021,2021,,2020/10/08,to-read,to-read (#16),to-read,,,,0,0
54304146,Mirrorland,Carole Johnstone,"Johnstone, Carole",,"=""1982136359""","=""9781982136352""",0,Scribner,Hardcover,320,2021,2021,,2020/10/08,to-read,to-read (#15),to-read,,,,0,0
53966623,"The Cipher (Nina Guerrera, #1)",Isabella Maldonado,"Maldonado, Isabella",,"=""1542022487""","=""9781542022484""",0,Thomas & Mercer,Kindle Edition,332,2020,2020,,2020/10/08,to-read,to-read (#14),to-read,,,,0,0
35499470,The Sandman (Joona Linna #4),Lars Kepler,"Kepler, Lars",,"=""""","=""""",0,Knopf,ebook,464,2018,2012,,2020/10/08,to-read,to-read (#13),to-read,,,,0,0
40755701,The Phantom Forest,Liz Kerin,"Kerin, Liz",,"=""1947848992""","=""9781947848993""",0,Inkshares,Paperback,336,2019,2019,,2020/10/08,to-read,to-read (#12),to-read,,,,0,0
51116307,"The Low, Low Woods",Carmen Maria Machado,"Machado, Carmen Maria",DaNi,"=""1779504527""","=""9781779504524""",0,DC Black Label,Hardcover,168,2020,2020,,2020/10/08,to-read,to-read (#11),to-read,,,,0,0
51381923,Verities: A Journey by Tracks,Randy       White,"White, Randy",,"=""1951565045""","=""9781951565046""",0,Belle Isle Books,Paperback,300,2020,2020,,2020/10/08,to-read,to-read (#10),to-read,,,,0,0
54785422,From These Broken Streets,Roland Merullo,"Merullo, Roland",,"=""1542018951""","=""9781542018951""",0,Lake Union Publishing,Kindle Edition,360,2020,2020,,2020/10/08,to-read,to-read (#9),to-read,,,,0,0
54304105,Milk Fed,Melissa Broder,"Broder, Melissa",,"=""1982142499""","=""9781982142490""",0,Scribner,Hardcover,304,2021,2021,,2020/10/08,to-read,to-read (#8),to-read,,,,0,0
51118201,The Haunting of Brynn Wilder,Wendy     Webb,"Webb, Wendy",,"=""1542020115""","=""9781542020114""",0,Lake Union Publishing,Kindle Edition,289,2020,2020,,2020/10/08,to-read,to-read (#7),to-read,,,,0,0
48836854,Before You Go,Tommy Butler,"Butler, Tommy",,"=""0062934961""","=""9780062934963""",0,Harper,Hardcover,272,2020,2020,,2020/10/08,to-read,to-read (#6),to-read,,,,0,0
50892360,"Black Sun (Between Earth and Sky, #1)",Rebecca Roanhorse,"Roanhorse, Rebecca",,"=""1534437673""","=""9781534437678""",0,Saga Press,Hardcover,454,2020,2020,,2020/10/08,to-read,to-read (#5),to-read,,,,0,0
54719189,Jacobo’s Rainbow,David Hirshberg,"Hirshberg, David",,"=""""","=""""",0,Fig Tree Books LLC,Kindle Edition,352,2021,2021,,2020/10/08,to-read,to-read (#4),to-read,,,,0,0
31151842,"The Secret of Heaven (Aiden Leonardo, #1)",Felix Alexander,"Alexander, Felix",,"=""""","=""""",0,Amazon,Paperback,394,2016,2016,,2020/10/08,to-read,to-read (#3),to-read,,,,0,0
42046112,Recursion,Blake Crouch,"Crouch, Blake",,"=""1524759783""","=""9781524759780""",5.0,Crown,Hardcover,329,2019,2019,,2020/07/16,,,read,,,,1,0
41709682,Exhalation,Ted Chiang,"Chiang, Ted",,"=""""","=""""",0,Knopf,Hardcover,351,2019,2019,,2020/07/16,to-read,to-read (#2),to-read,,,,0,0
30134847,"Waking Gods (Themis Files, #2)",Sylvain Neuvel,"Neuvel, Sylvain",,"=""1101886722""","=""9781101886724""",0, Del Rey,Hardcover,336,2017,2017,,2020/07/16,to-read,to-read (#1),to-read,,,,0,0
31360,"Children of the Mind (Ender's Saga, #4)",Orson Scott Card,"Card, Orson Scott",,"=""0765304740""","=""9780765304742""",5.0,Tor Books,Paperback,370,2002,1996,,2013/06/16,,,read,,,,1,0
7967,"Speaker for the Dead (Ender's Saga, #2)",Orson Scott Card,"Card, Orson Scott",,"=""0812550757""","=""9780812550757""",5.0,Tor Books,Mass Market Paperback,382,1994,1986,,2013/06/16,,,read,,,,1,0
8648,"Xenocide (Ender's Saga, #3)",Orson Scott Card,"Card, Orson Scott",,"=""0312861877""","=""9780312861872""",5.0,Tor Books,Mass Market Paperback,592,1996,1991,,2013/06/16,,,read,,,,1,0
9532,"Ender's Shadow (The Shadow Series, #1)",Orson Scott Card,"Card, Orson Scott",,"=""0765342405""","=""9780765342409""",5.0,Starscape,Paperback,469,2002,1999,,2013/06/16,,,read,,,,1,0
13089710,"The Kill Order (The Maze Runner, #4)",James Dashner,"Dashner, James",,"=""0385742886""","=""9780385742887""",5.0,Delacorte Books for Young Readers,Hardcover,327,2012,2012,,2013/06/16,,,read,,,,1,0
7864437,"The Death Cure (The Maze Runner, #3)",James Dashner,"Dashner, James",,"=""0385738773""","=""9780385738774""",5.0,Delacorte Books for Young Readers,Hardcover,325,2011,2011,,2013/06/16,,,read,,,,1,0
7631105,"The Scorch Trials (The Maze Runner, #2)",James Dashner,"Dashner, James",,"=""0385738757""","=""9780385738750""",5.0,Delacorte Press,Hardcover,362,2010,2010,,2013/06/16,,,read,,,,1,0
6186357,"The Maze Runner (The Maze Runner, #1)",James Dashner,"Dashner, James",,"=""0385737947""","=""9780385737944""",5.0,Delacorte Press,Hardcover,384,2009,2009,,2013/06/16,,,read,,,,1,0
11084145,Steve Jobs,Walter Isaacson,"Isaacson, Walter",,"=""1451648537""","=""9781451648539""",5.0,Simon & Schuster,Hardcover,630,2011,2011,,2013/06/16,,,read,,,,1,0
